clave,anio,etapa,categoria,nombre,inicio,organizador,lugar,region,jugadores,rondas,modalidad,ritmo,enlace
25525,2009,Internacional (CODICADER),,XIV Juegos Deportivos Estudiantiles Femeninos Cent,2009-09-18,ICODER - Federación Central de Ajedrez,San José,,30,5,Individual,Clásico,https://chess-results.com/tnr25525.aspx?lan=2
25524,2009,Internacional (CODICADER),,XIV Juegos Deportivos Estudiantiles Masculinos Cen,2009-09-19,ICODER - Federación Central de Ajedrez,San José,,30,5,Individual,Clásico,https://chess-results.com/tnr25524.aspx?lan=2
49302,2011,Interregional,B,Eliminatoria Interregional Juegos Deportivos Estud,2011-05-09,ARAJA,"San Ramón, Alajuela, Complejo Deportivo ",Alajuela,13,3,Individual,Clásico,https://chess-results.com/tnr49302.aspx?lan=2
49303,2011,Regional,A,Eliminatorias Juegos Deportivos Estudiantiles Cole,2011-05-09,ARAJA,,Occidente,13,3,Individual,Clásico,https://chess-results.com/tnr49303.aspx?lan=2
49304,2011,Interregional,A,Etapa Interregional Juegos Deportivos Estudiantile,2011-05-09,ARAJA,"Gimnasio Deportivo Rafael Rodríguez, San",Occidente,6,5,Individual,Clásico,https://chess-results.com/tnr49304.aspx?lan=2
49305,2011,Regional,B,Juegos Deportivos Estudiantiles Colegiales. Etapa,2011-05-09,ARAJA,"San Ramón, Alajuela, Complejo Deportivo ",Alajuela,4,3,Individual,Clásico,https://chess-results.com/tnr49305.aspx?lan=2
54200,2011,Nacional,C,Final Nacional Colegial Equipos Masculino C 2011,2011-08-04,ICODER - MEP - FCA,Colegio Golden Valley,,9,2,Equipos,Clásico,https://chess-results.com/tnr54200.aspx?lan=2
54201,2011,Nacional,C,Final Nacional Colegial Individual Masculino C 201,2011-08-04,ICODER - MEP - FCA,Colegio Golden Valley,,4,3,Individual,Clásico,https://chess-results.com/tnr54201.aspx?lan=2
54202,2011,Nacional,C,Final Nacional Colegial Individual Femenino C 2011,2011-08-04,ICODER - MEP - FCA,Colegio Golden Valley,,3,3,Individual,Clásico,https://chess-results.com/tnr54202.aspx?lan=2
54203,2011,Nacional,B,Final Nacional Colegial Equipos Femenino B 2011,2011-08-04,ICODER - MEP - FCA,Colegio Golden Valley,,10,2,Equipos,Clásico,https://chess-results.com/tnr54203.aspx?lan=2
54204,2011,Nacional,B,Final Nacional Colegial Equipos Masculino B 2011,2011-08-04,ICODER - MEP - FCA,Colegio Golden Valley,,27,5,Equipos,Clásico,https://chess-results.com/tnr54204.aspx?lan=2
54205,2011,Nacional,B,Final Nacional Colegial Individual Femenino B 2011,2011-08-04,ICODER - MEP - FCA,Colegio Golden Valley,,5,5,Individual,Clásico,https://chess-results.com/tnr54205.aspx?lan=2
54206,2011,Nacional,B,Final Nacional Colegial Individual Masculino B 201,2011-08-04,ICODER - MEP - FCA,Colegio Golden Valley,,7,7,Individual,Clásico,https://chess-results.com/tnr54206.aspx?lan=2
54207,2011,Nacional,A,Final Nacional Colegial Equipos Femenino A 2011,2011-08-04,ICODER - MEP - FCA,Colegio Golden Valley,,8,2,Equipos,Clásico,https://chess-results.com/tnr54207.aspx?lan=2
54208,2011,Nacional,A,Final Nacional Colegial Equipos Masculino A 2011,2011-08-04,ICODER - MEP - FCA,Colegio Golden Valley,,30,5,Equipos,Clásico,https://chess-results.com/tnr54208.aspx?lan=2
54209,2011,Nacional,A,Final Nacional Colegial Individual Femenino A 2011,2011-08-04,ICODER - MEP - FCA,Colegio Golden Valley,,4,3,Individual,Clásico,https://chess-results.com/tnr54209.aspx?lan=2
54210,2011,Nacional,A,Final Nacional Colegial Individual Masculino A 201,2011-08-04,ICODER - MEP - FCA,Colegio Golden Valley,,5,5,Individual,Clásico,https://chess-results.com/tnr54210.aspx?lan=2
59297,2011,Nacional,D,Final Nacional Ajedrez JDE 2011 - IFDIndividual Fe,2011-11-04,FCA-MEP-ICODER,Bribri,,3,3,Individual,Clásico,https://chess-results.com/tnr59297.aspx?lan=2
59298,2011,Nacional,E,Final Nacional Ajedrez JDE 2011 - IFEIndividual Fe,2011-11-04,FCA-MEP-ICODER,Bribri,,5,5,Individual,Clásico,https://chess-results.com/tnr59298.aspx?lan=2
59299,2011,Nacional,D,Final Nacional Ajedrez JDE 2011 - IMDIndividual Ma,2011-11-04,FCA-MEP-ICODER,Bribri,,5,5,Individual,Clásico,https://chess-results.com/tnr59299.aspx?lan=2
59300,2011,Nacional,E,Final Nacional Ajedrez JDE 2011 - IMEIndividual Ma,2011-11-04,FCA-MEP-ICODER,Bribri,,6,5,Individual,Clásico,https://chess-results.com/tnr59300.aspx?lan=2
59301,2011,Nacional,D,Final Nacional Ajedrez JDE 2011 - EFDEquipos Femen,2011-11-04,FCA-MEP-ICODER,Bribri,,15,3,Equipos,Clásico,https://chess-results.com/tnr59301.aspx?lan=2
59302,2011,Nacional,E,Final Nacional Ajedrez JDE 2011 - DEMEquipos Femen,2011-11-04,FCA-MEP-ICODER,Bribri,,13,3,Equipos,Clásico,https://chess-results.com/tnr59302.aspx?lan=2
59303,2011,Nacional,E,Final Nacional Ajedrez JDE 2011 - EMEEquipos Mascu,2011-11-04,FCA-MEP-ICODER,Bribri,,19,3,Equipos,Clásico,https://chess-results.com/tnr59303.aspx?lan=2
59304,2011,Nacional,D,Final Nacional Ajedrez JDE 2011 - DEMEquipos Mascu,2011-11-04,FCA-MEP-ICODER,Bribri,,28,5,Equipos,Clásico,https://chess-results.com/tnr59304.aspx?lan=2
85725,2012,Nacional,D,Final Nacional Juegos Deportivos Estudiantiles 201,2012-11-16,MEP-ICODER,"Escuela Ermida Blanco, San Luis,Sabanill",,29,5,Individual,Clásico,https://chess-results.com/tnr85725.aspx?lan=2
85728,2012,Nacional,D,Final Nacional Juegos Deportivos Estudiantiles 201,2012-11-16,MEP-ICODER,"Escuela Ermida Blanco, San Luis,Sabanill",,28,5,Individual,Clásico,https://chess-results.com/tnr85728.aspx?lan=2
85741,2012,Nacional,E,Final Nacional Juegos Deportivos Estudiantiles 201,2012-11-16,MEP-ICODER,"Escuela Ermida Blanco, San Luis,Sabanill",,23,5,Individual,Clásico,https://chess-results.com/tnr85741.aspx?lan=2
85742,2012,Nacional,E,Final Nacional Juegos Deportivos Estudiantiles 201,2012-11-16,MEP-ICODER,"Escuela Ermida Blanco, San Luis,Sabanill",,28,5,Individual,Clásico,https://chess-results.com/tnr85742.aspx?lan=2
85743,2012,Nacional,D,Final Nacional Juegos Deportivos Estudiantiles 201,2012-11-16,MEP-ICODER,"Escuela Ermida Blanco, San Luis,Sabanill",,6,5,Individual,Clásico,https://chess-results.com/tnr85743.aspx?lan=2
85744,2012,Nacional,E,Final Nacional Juegos Deportivos Estudiantiles 201,2012-11-16,MEP-ICODER,"Escuela Ermida Blanco, San Luis,Sabanill",,7,7,Individual,Clásico,https://chess-results.com/tnr85744.aspx?lan=2
85745,2012,Nacional,D,Final Nacional Juegos Deportivos Estudiantiles 201,2012-11-16,MEP-ICODER,"Escuela Ermida Blanco, San Luis,Sabanill",,7,7,Individual,Clásico,https://chess-results.com/tnr85745.aspx?lan=2
85746,2012,Nacional,E,Final Nacional Juegos Deportivos Estudiantiles 201,2012-11-16,MEP-ICODER,"Escuela Ermida Blanco, San Luis,Sabanill",,6,5,Individual,Clásico,https://chess-results.com/tnr85746.aspx?lan=2
103971,2013,Nacional,C,Masculino Equipo C - Final Nacional JDE 2013 Ajedr,2013-06-14,MEP - ICODER - FCA,"CTP La Suiza, Turrialba",,25,5,Equipos,Clásico,https://chess-results.com/tnr103971.aspx?lan=2
103972,2013,Nacional,D,Masculino Equipo D - Final Nacional JDE 2013 Ajedr,2013-06-14,MEP - ICODER - FCA,"CTP La Suiza, Turrialba",,36,7,Equipos,Clásico,https://chess-results.com/tnr103972.aspx?lan=2
103973,2013,Nacional,C,Femenino Equipo C - Final Nacional JDE 2013 Ajedre,2013-06-14,MEP - ICODER - FCA,"CTP La Suiza, Turrialba",,15,3,Equipos,Clásico,https://chess-results.com/tnr103973.aspx?lan=2
103974,2013,Nacional,D,Femenino Equipo D - Final Nacional JDE 2013 Ajedre,2013-06-14,MEP - ICODER - FCA,"CTP La Suiza, Turrialba",,14,3,Equipos,Clásico,https://chess-results.com/tnr103974.aspx?lan=2
103975,2013,Nacional,C,Masculino Individual C - Final Nacional JDE 2013 A,2013-06-14,MEP - ICODER - FCA,"CTP La Suiza, Turrialba",,8,7,Individual,Clásico,https://chess-results.com/tnr103975.aspx?lan=2
103976,2013,Nacional,D,Masculino Individual D - Final Nacional JDE 2013 A,2013-06-14,MEP - ICODER - FCA,"CTP La Suiza, Turrialba",,8,7,Individual,Clásico,https://chess-results.com/tnr103976.aspx?lan=2
103977,2013,Nacional,C,Femenino Individual C - Final Nacional JDE 2013 Aj,2013-06-14,MEP - ICODER - FCA,"CTP La Suiza, Turrialba",,6,5,Individual,Clásico,https://chess-results.com/tnr103977.aspx?lan=2
103978,2013,Nacional,D,Femenino Individual D - Final Nacional JDE 2013 Aj,2013-06-14,MEP - ICODER - FCA,"CTP La Suiza, Turrialba",,6,5,Individual,Clásico,https://chess-results.com/tnr103978.aspx?lan=2
130307,2014,Regional,A,JDE Regional Individual A Masculino,2014-04-07,ARAJA,"San Ramón, Alajuela",Alajuela,4,3,Individual,Clásico,https://chess-results.com/tnr130307.aspx?lan=2
130308,2014,Regional,B,JDE Regional Individual B Masculino,2014-04-07,ARAJA,"San Ramón, Alajuela",Alajuela,4,3,Individual,Clásico,https://chess-results.com/tnr130308.aspx?lan=2
130314,2014,Regional,B,JDE Regional Individual B Femenino,2014-04-07,ARAJA,"San Ramón, Alajuela",Alajuela,4,3,Individual,Clásico,https://chess-results.com/tnr130314.aspx?lan=2
138197,2014,Nacional,A,Final Nacional Escolar Cañas 2014 - Equipo Femenin,2014-06-18,MEP - ICODER - FCA - Escuela Antonio Obando,Cañas,,26,5,Equipos,Clásico,https://chess-results.com/tnr138197.aspx?lan=2
138202,2014,Nacional,A,Final Nacional Escolar Cañas 2014 - Equipo Masculi,2014-06-18,MEP - ICODER - FCA - Escuela Antonio Obando,Cañas,,25,5,Equipos,Clásico,https://chess-results.com/tnr138202.aspx?lan=2
138205,2014,Nacional,B,Final Nacional Escolar Cañas 2014 - Equipo Femenin,2014-06-18,MEP - ICODER - FCA - Escuela Antonio Obando,Cañas,,25,5,Equipos,Clásico,https://chess-results.com/tnr138205.aspx?lan=2
138208,2014,Nacional,B,Final Nacional Escolar Cañas 2014 - Equipo Masculi,2014-06-18,MEP - ICODER - FCA - Escuela Antonio Obando,Cañas,,25,5,Equipos,Clásico,https://chess-results.com/tnr138208.aspx?lan=2
138220,2014,Nacional,A,Final Nacional Escolar Cañas 2014 - Individual Mas,2014-06-18,MEP - ICODER - FCA - Escuela Antonio Obando,Cañas,,7,7,Individual,Clásico,https://chess-results.com/tnr138220.aspx?lan=2
138224,2014,Nacional,B,Final Nacional Escolar Cañas 2014 - Individual Mas,2014-06-18,MEP - ICODER - FCA - Escuela Antonio Obando,Cañas,,6,5,Individual,Clásico,https://chess-results.com/tnr138224.aspx?lan=2
138228,2014,Nacional,B,Final Nacional Escolar Cañas 2014 - Individual Fem,2014-06-18,MEP - ICODER - FCA - Escuela Antonio Obando,Cañas,,6,5,Individual,Clásico,https://chess-results.com/tnr138228.aspx?lan=2
138229,2014,Nacional,A,Final Nacional Escolar Cañas 2014 - Individual Fem,2014-06-18,MEP - ICODER - FCA - Escuela Antonio Obando,Cañas,,6,5,Individual,Clásico,https://chess-results.com/tnr138229.aspx?lan=2
138846,2014,Nacional,C,Final Nacional Colegial Pococí 2014 - Individual F,2014-06-25,MEP - ICODER - FCA - LEB Pococi,Pococi,,4,3,Individual,Clásico,https://chess-results.com/tnr138846.aspx?lan=2
138849,2014,Nacional,D,Final Nacional Colegial Pococí 2014 - Individual F,2014-06-25,MEP - ICODER - FCA - LEB Pococi,Pococi,,7,7,Individual,Clásico,https://chess-results.com/tnr138849.aspx?lan=2
175118,2015,Interregional,C,Eliminatoria Interregional VII JDE Individual Masc,2015-05-26,CTP La Suiza - MEP,CTP La Suiza,,3,3,Individual,Clásico,https://chess-results.com/tnr175118.aspx?lan=2
175119,2015,Interregional,C,Eliminatoria Interregional VII JDE Equipo Masculin,2015-05-26,CTP La Suiza - MEP,CTP La Suiza,,14,3,Equipos,Clásico,https://chess-results.com/tnr175119.aspx?lan=2
175120,2015,Interregional,D,Eliminatoria Interregional VII JDE Equipo Masculin,2015-05-26,CTP La Suiza - MEP,CTP La Suiza,,13,3,Equipos,Clásico,https://chess-results.com/tnr175120.aspx?lan=2
175121,2015,Interregional,D,Eliminatoria Interregional VII JDE Equipo Femenino,2015-05-26,CTP La Suiza - MEP,CTP La Suiza,,8,2,Equipos,Clásico,https://chess-results.com/tnr175121.aspx?lan=2
175124,2015,Interregional,D,Eliminatoria Interregional VII JDE Individual Masc,2015-05-26,CTP La Suiza - MEP,CTP La Suiza,,4,3,Individual,Clásico,https://chess-results.com/tnr175124.aspx?lan=2
175125,2015,Interregional,D,Eliminatoria Interregional VII JDE Individual Feme,2015-05-26,CTP La Suiza - MEP,CTP La Suiza,,3,3,Individual,Clásico,https://chess-results.com/tnr175125.aspx?lan=2
176158,2015,Nacional,A,Final Nacional Escolar 2015 - Equipo Femenino A,2015-06-03,MEP - ICODER - FCA,"Las Lagunas, Perez Zeledon",,26,5,Equipos,Clásico,https://chess-results.com/tnr176158.aspx?lan=2
176159,2015,Nacional,B,Final Nacional Escolar 2015 - Equipo Femenino B,2015-06-03,MEP - ICODER - FCA,"Las Lagunas, Perez Zeledon",,32,7,Equipos,Clásico,https://chess-results.com/tnr176159.aspx?lan=2
176161,2015,Nacional,A,Final Nacional Escolar 2015 - Equipo Masculino A,2015-06-03,MEP - ICODER - FCA,"Las Lagunas, Perez Zeledon",,28,5,Equipos,Clásico,https://chess-results.com/tnr176161.aspx?lan=2
176162,2015,Nacional,B,Final Nacional Escolar 2015 - Equipo Masculino B,2015-06-03,MEP - ICODER - FCA,"Las Lagunas, Perez Zeledon",,33,7,Equipos,Clásico,https://chess-results.com/tnr176162.aspx?lan=2
176163,2015,Nacional,A,Final Nacional Escolar 2015 - Individual Femenino,2015-06-03,MEP - ICODER - FCA,"Las Lagunas, Perez Zeledon",,7,7,Individual,Clásico,https://chess-results.com/tnr176163.aspx?lan=2
176164,2015,Nacional,B,Final Nacional Escolar 2015 - Individual Femenino,2015-06-03,MEP - ICODER - FCA,"Las Lagunas, Perez Zeledon",,5,5,Individual,Clásico,https://chess-results.com/tnr176164.aspx?lan=2
176165,2015,Nacional,A,Final Nacional Escolar 2015 - Individual Masculino,2015-06-03,MEP - ICODER - FCA,"Las Lagunas, Perez Zeledon",,8,7,Individual,Clásico,https://chess-results.com/tnr176165.aspx?lan=2
176166,2015,Nacional,B,Final Nacional Escolar 2015 - Individual Masculino,2015-06-03,MEP - ICODER - FCA,"Las Lagunas, Perez Zeledon",,7,7,Individual,Clásico,https://chess-results.com/tnr176166.aspx?lan=2
177677,2015,Nacional,D,Final JDE Colegio Individual D Abierto,2015-06-17,Colegio Bilingüe Palmares,Colegio Bilingüe Palmares,,8,7,Individual,Clásico,https://chess-results.com/tnr177677.aspx?lan=2
177678,2015,Nacional,C,Final JDE Colegio Individual C Femenino,2015-06-17,Colegio Bilingüe Palmares,Colegio Bilingüe Palmares,,6,5,Individual,Clásico,https://chess-results.com/tnr177678.aspx?lan=2
177679,2015,Nacional,D,Final JDE Colegio Individual D Femenino,2015-06-17,Colegio Bilingüe Palmares,Colegio Bilingüe Palmares,,8,7,Individual,Clásico,https://chess-results.com/tnr177679.aspx?lan=2
178064,2015,Nacional,C,Final Nacional Colegial 2015 - Equipo Abierto C,2015-06-18,MEP - ICODER - Colegio Bilingüe Palmares - FCA,Colegio Bilingüe Palmares,,36,7,Equipos,Clásico,https://chess-results.com/tnr178064.aspx?lan=2
178065,2015,Nacional,C,Final Nacional Colegial 2015 - Equipo Femenino C,2015-06-18,MEP - ICODER - Colegio Bilingüe Palmares - FCA,Colegio Bilingüe Palmares,,21,5,Equipos,Clásico,https://chess-results.com/tnr178065.aspx?lan=2
178066,2015,Nacional,D,Final Nacional Colegial 2015 - Equipo Abierto D,2015-06-18,MEP - ICODER - Colegio Bilingüe Palmares - FCA,Colegio Bilingüe Palmares,,39,7,Equipos,Clásico,https://chess-results.com/tnr178066.aspx?lan=2
178072,2015,Nacional,D,Final Nacional Colegial 2015 - Equipo Femenino D,2015-06-18,MEP - ICODER - Colegio Bilingüe Palmares - FCA,Colegio Bilingüe Palmares,,29,5,Equipos,Clásico,https://chess-results.com/tnr178072.aspx?lan=2
178080,2015,Nacional,C,Final Nacional Colegial 2015 - Individual Abierto,2015-06-18,MEP - ICODER - Colegio Bilingüe Palmares - FCA,Colegio Bilingüe Palmares,,8,7,Individual,Clásico,https://chess-results.com/tnr178080.aspx?lan=2
178086,2015,Nacional,C,Final Nacional Colegial 2015 - Individual Femenino,2015-06-18,MEP - ICODER - Colegio Bilingüe Palmares - FCA,Colegio Bilingüe Palmares,,6,5,Individual,Clásico,https://chess-results.com/tnr178086.aspx?lan=2
178088,2015,Nacional,D,Final Nacional Colegial 2015 - Individual Abierto,2015-06-18,MEP - ICODER - Colegio Bilingüe Palmares - FCA,Colegio Bilingüe Palmares,,8,7,Individual,Clásico,https://chess-results.com/tnr178088.aspx?lan=2
178089,2015,Nacional,D,Final Nacional Colegial 2015 - Individual Femenino,2015-06-18,MEP - ICODER - Colegio Bilingüe Palmares - FCA,Colegio Bilingüe Palmares,,8,7,Individual,Clásico,https://chess-results.com/tnr178089.aspx?lan=2
199982,2015,Internacional federativo,,Panamericano Escolar 2015 U09 Absoluto (127086),2015-12-14,FEDERACIÓN CENTRAL DE AJEDREZ COSTA RICA,"Estadio Nacional, San José",,29,9,Individual,Clásico,https://chess-results.com/tnr199982.aspx?lan=2
199983,2015,Internacional federativo,,Panamericano Escolar 2015 U11 Absoluto (127085),2015-12-14,FEDERACIÓN CENTRAL DE AJEDREZ COSTA RICA,"Estadio Nacional, San José",,36,9,Individual,Clásico,https://chess-results.com/tnr199983.aspx?lan=2
199985,2015,Internacional federativo,,Panamericano Escolar 2015 U15 Absoluto (127083),2015-12-14,FEDERACIÓN CENTRAL DE AJEDREZ COSTA RICA,"Estadio Nacional, San José",,36,9,Individual,Clásico,https://chess-results.com/tnr199985.aspx?lan=2
199987,2015,Internacional federativo,,Panamericano Escolar 2015 U17 Absoluto (123872),2015-12-14,FEDERACIÓN CENTRAL DE AJEDREZ COSTA RICA,"Estadio Nacional, San José",,40,9,Individual,Clásico,https://chess-results.com/tnr199987.aspx?lan=2
216609,2016,Regional,B,Eliminatoria Regional JDE Individual Femenino B,2016-04-12,ARAJA,"San Ramón, Alajuela",Alajuela,3,0,Individual,Clásico,https://chess-results.com/tnr216609.aspx?lan=2
216610,2016,Regional,B,Eliminatoria Regional JDE Equipos Absoluto B,2016-04-12,ARAJA,"San Ramón, Alajuela",Alajuela,8,0,Equipos,Clásico,https://chess-results.com/tnr216610.aspx?lan=2
216611,2016,Regional,A,Eliminatoria Regional JDE Individual Absoluto A,2016-04-12,ARAJA,"San Ramón, Alajuela",Alajuela,2,0,Individual,Clásico,https://chess-results.com/tnr216611.aspx?lan=2
216612,2016,Regional,B,Eliminatoria Regional JDE Individual Absoluto B,2016-04-12,ARAJA,"San Ramón, Alajuela",Alajuela,7,5,Individual,Clásico,https://chess-results.com/tnr216612.aspx?lan=2
216613,2016,Regional,A,Eliminatoria Regional JDE Individual Femenino A,2016-04-12,ARAJA,"San Ramón, Alajuela",Alajuela,4,3,Individual,Clásico,https://chess-results.com/tnr216613.aspx?lan=2
216614,2016,Regional,B,Eliminatoria Regional JDE Individual Femenino B,2016-04-12,ARAJA,"San Ramón, Alajuela",Alajuela,1,0,Individual,Clásico,https://chess-results.com/tnr216614.aspx?lan=2
216618,2016,Regional,B,Eliminatoria Regional JDE Equipos Femenino B,2016-04-12,ARAJA,"San Ramón, Alajuela",Alajuela,4,1,Equipos,Clásico,https://chess-results.com/tnr216618.aspx?lan=2
219153,2016,Regional,C,Eliminatoria Regional JDE Equipos C Femenino,2016-04-12,ARAJA,"San Ramón, Alajuela",Alajuela,3,0,Equipos,Clásico,https://chess-results.com/tnr219153.aspx?lan=2
219158,2016,Regional,D,Eliminatoria Regional JDE Equipos Femenino D,2016-04-12,ARAJA,"San Ramón, Alajuela",Alajuela,4,0,Equipos,Clásico,https://chess-results.com/tnr219158.aspx?lan=2
219161,2016,Interregional,A,Eliminatoria Interegional JDE Individual Absoluto,2016-04-12,ARAJA,"San Ramón, Alajuela",Alajuela,8,7,Individual,Clásico,https://chess-results.com/tnr219161.aspx?lan=2
219166,2016,Interregional,B,Eliminatoria Interegional JDE Individual Absoluto,2016-04-12,ARAJA,"San Ramón, Alajuela",Alajuela,6,5,Individual,Clásico,https://chess-results.com/tnr219166.aspx?lan=2
219167,2016,Interregional,B,Eliminatoria Interregional JDE Individual Femenino,2016-04-12,ARAJA,"San Ramón, Alajuela",Alajuela,5,5,Individual,Clásico,https://chess-results.com/tnr219167.aspx?lan=2
221283,2016,Interregional,C,Eliminatoria Interregional JDE Equipos C Absoluto,2016-04-12,ARAJA,"San Ramón, Alajuela",Alajuela,0,5,Equipos,Clásico,https://chess-results.com/tnr221283.aspx?lan=2
221287,2016,Interregional,D,Eliminatoria Interregional JDE Equipos D Absoluto,2016-04-12,ARAJA,"San Ramón, Alajuela",Alajuela,0,5,Equipos,Clásico,https://chess-results.com/tnr221287.aspx?lan=2
219150,2016,Regional,C,Eliminatoria Regional JDE Individual Absoluto C,2016-04-29,ARAJA,"San Ramón, Alajuela",Alajuela,7,5,Individual,Clásico,https://chess-results.com/tnr219150.aspx?lan=2
219151,2016,Regional,C,Eliminatoria Regional JDE Individual Femenino C,2016-04-29,ARAJA,"San Ramón, Alajuela",Alajuela,4,3,Individual,Clásico,https://chess-results.com/tnr219151.aspx?lan=2
219155,2016,Regional,D,Eliminatoria Regional JDE Equipos Absoluto D,2016-04-29,ARAJA,"San Ramón, Alajuela",Alajuela,14,3,Equipos,Clásico,https://chess-results.com/tnr219155.aspx?lan=2
219156,2016,Regional,D,Eliminatoria Regional JDE Individual Absoluto D,2016-04-29,ARAJA,"San Ramón, Alajuela",Alajuela,12,5,Individual,Clásico,https://chess-results.com/tnr219156.aspx?lan=2
219157,2016,Regional,D,Eliminatoria Regional JDE Individual Femenino D,2016-04-29,ARAJA,"San Ramón, Alajuela",Alajuela,3,3,Individual,Clásico,https://chess-results.com/tnr219157.aspx?lan=2
219954,2016,Regional,D,Eliminatoria Regional JDE Equipos Absoluto D Desem,2016-04-29,ARAJA,"San Ramón, Alajuela",Alajuela,14,3,Equipos,Clásico,https://chess-results.com/tnr219954.aspx?lan=2
221284,2016,Interregional,C,Eliminatoria Interregional JDE Equipos C Femenino,2016-04-29,ARAJA,"San Ramón, Alajuela",Alajuela,0,2,Equipos,Clásico,https://chess-results.com/tnr221284.aspx?lan=2
221285,2016,Regional,C,Eliminatoria Regional JDE Individual Absoluto C,2016-04-29,ARAJA,"San Ramón, Alajuela",Alajuela,6,5,Individual,Clásico,https://chess-results.com/tnr221285.aspx?lan=2
221286,2016,Interregional,C,Eliminatoria Interregional JDE Individual Femenino,2016-04-29,ARAJA,"San Ramón, Alajuela",Alajuela,4,3,Individual,Clásico,https://chess-results.com/tnr221286.aspx?lan=2
221288,2016,Interregional,D,Eliminatoria Interregional JDE Equipos D Femenino,2016-04-29,ARAJA,"San Ramón, Alajuela",Alajuela,0,2,Equipos,Clásico,https://chess-results.com/tnr221288.aspx?lan=2
219159,2016,Interregional,A,Eliminatoria Interregional JDE Equipos Absoluto A,2016-05-05,ARAJA,"San Ramón, Alajuela",Alajuela,0,2,Equipos,Clásico,https://chess-results.com/tnr219159.aspx?lan=2
219160,2016,Interregional,A,Eliminatoria Interregional JDE Equipos Femenino A,2016-05-05,ARAJA,"San Ramón, Alajuela",Alajuela,0,1,Equipos,Clásico,https://chess-results.com/tnr219160.aspx?lan=2
219164,2016,Interregional,B,Eliminatoria Interregional JDE Equipos Absoluto B,2016-05-05,ARAJA,"San Ramón, Alajuela",Alajuela,5,5,Equipos,Clásico,https://chess-results.com/tnr219164.aspx?lan=2
223761,2016,Nacional,A,FINAL NACIONAL ESTUDIANTILES EQUIPOS A ABIERTO,2016-05-24,MEP-ICODER,Escuela Pacto del Jocote,,29,7,Equipos,Clásico,https://chess-results.com/tnr223761.aspx?lan=2
223762,2016,Nacional,A,FINAL NACIONAL ESTUDIANTILES EQUIPOS A FEMENINO,2016-05-24,MEP-ICODER,Escuela Pacto del Jocote,,30,7,Equipos,Clásico,https://chess-results.com/tnr223762.aspx?lan=2
223765,2016,Nacional,B,FINAL NACIONAL ESTUDIANTILES EQUIPOS B ABIERTO,2016-05-24,MEP-ICODER,Escuela Pacto del Jocote,,31,7,Equipos,Clásico,https://chess-results.com/tnr223765.aspx?lan=2
223766,2016,Nacional,B,FINAL NACIONAL ESTUDIANTILES EQUIPOS B FEMENINO,2016-05-24,MEP-ICODER,Escuela Pacto del Jocote,,32,7,Equipos,Clásico,https://chess-results.com/tnr223766.aspx?lan=2
223758,2016,Nacional,A,FINAL NACIONAL ESTUDIANTILES INDIVIDUAL A ABIERTO,2016-05-26,MEP-ICODER,Escuela Pacto del Jocote,,8,7,Individual,Clásico,https://chess-results.com/tnr223758.aspx?lan=2
223759,2016,Nacional,A,FINAL NACIONAL ESTUDIANTILES INDIVIDUAL A FEMENINO,2016-05-26,MEP-ICODER,Escuela Pacto del Jocote,,8,7,Individual,Clásico,https://chess-results.com/tnr223759.aspx?lan=2
223763,2016,Nacional,B,FINAL NACIONAL ESTUDIANTILES INDIVIDUAL B ABIERTA,2016-05-26,MEP-ICODER,Escuela Pacto del Jocote,,7,7,Individual,Clásico,https://chess-results.com/tnr223763.aspx?lan=2
223764,2016,Nacional,B,FINAL NACIONAL ESTUDIANTILES INDIVIDUAL B FEMENINO,2016-05-26,MEP-ICODER,Escuela Pacto del Jocote,,8,7,Individual,Clásico,https://chess-results.com/tnr223764.aspx?lan=2
228973,2016,Nacional,D,JDE CRC 2016 Final Colegial D Equipo Femenina,2016-06-29,MEP - ICODER - Liceo Heredia - FCA,Liceo de Heredia,,28,5,Equipos,Clásico,https://chess-results.com/tnr228973.aspx?lan=2
228974,2016,Nacional,C,JDE CRC 2016 Final Colegial C Equipo Abierta,2016-06-29,MEP - ICODER - Liceo Heredia - FCA,Liceo de Heredia,,31,7,Equipos,Clásico,https://chess-results.com/tnr228974.aspx?lan=2
228975,2016,Nacional,C,JDE CRC 2016 Final Colegial C Individual Abierta,2016-06-29,MEP - ICODER - Liceo Heredia - FCA,Liceo de Heredia,,7,7,Individual,Clásico,https://chess-results.com/tnr228975.aspx?lan=2
228976,2016,Nacional,C,JDE CRC 2016 Final Colegial C Individual Femenina,2016-06-29,MEP - ICODER - Liceo Heredia - FCA,Liceo de Heredia,,6,5,Individual,Clásico,https://chess-results.com/tnr228976.aspx?lan=2
228977,2016,Nacional,D,JDE CRC 2016 Final Colegial D Individual Abierta,2016-06-29,MEP - ICODER - Liceo Heredia - FCA,Liceo de Heredia,,7,7,Individual,Clásico,https://chess-results.com/tnr228977.aspx?lan=2
228978,2016,Nacional,D,JDE CRC 2016 Final Colegial D Individual Femenina,2016-06-29,MEP - ICODER - Liceo Heredia - FCA,Liceo de Heredia,,7,7,Individual,Clásico,https://chess-results.com/tnr228978.aspx?lan=2
228979,2016,Nacional,C,JDE CRC 2016 Final Colegial C Equipo Femenina,2016-06-29,MEP - ICODER - Liceo Heredia - FCA,Liceo de Heredia,,18,6,Equipos,Clásico,https://chess-results.com/tnr228979.aspx?lan=2
228980,2016,Nacional,D,JDE CRC 2016 Final Colegial D Equipo Abierta,2016-06-29,MEP - ICODER - Liceo Heredia - FCA,Liceo de Heredia,,32,7,Equipos,Clásico,https://chess-results.com/tnr228980.aspx?lan=2
266806,2017,Institucional o circuital,B,ELIMINATORIA INSTITUCIONAL DE AJEDREZCATEGORIA B F,2017-03-01,ESCUELA LEPANTO,LEPANTO,Peninsular,9,9,Individual,Clásico,https://chess-results.com/tnr266806.aspx?lan=2
269862,2017,Regional,B,Etapa Regional Escolar AlajuelaB Abierta,2017-03-27,,Escuela Pacto del Jocote,Alajuela,31,7,Individual,Clásico,https://chess-results.com/tnr269862.aspx?lan=2
271925,2017,Regional,A,Etapa Regional Escolar AlajuelaA Abierta,2017-03-27,,Escuela Pacto del Jocote,Alajuela,14,7,Individual,Clásico,https://chess-results.com/tnr271925.aspx?lan=2
271927,2017,Regional,B,Etapa Regional Escolar AlajuelaB Femenino,2017-03-27,,Escuela Pacto del Jocote,Alajuela,13,7,Individual,Clásico,https://chess-results.com/tnr271927.aspx?lan=2
271929,2017,Regional,A,Etapa Regional Escolar AlajuelaA Femenino,2017-03-27,,Escuela Pacto del Jocote,Alajuela,4,3,Individual,Clásico,https://chess-results.com/tnr271929.aspx?lan=2
271931,2017,Regional,B,Etapa Regional Escolar AlajuelaEquipos B Abierta,2017-03-27,,Pacto del Jocote,Alajuela,24,5,Equipos,Clásico,https://chess-results.com/tnr271931.aspx?lan=2
272119,2017,Regional,D,ETAPA REGIONAL COLEGIAL ALAJUELA D ABIERTO EQUIPOS,2017-03-28,,LICEO EL PACTO DEL JOCOTE,Alajuela,26,5,Equipos,Clásico,https://chess-results.com/tnr272119.aspx?lan=2
272120,2017,Regional,D,ETAPA REGIONAL COLEGIAL ALAJUELA D FEMENINO EQUIPO,2017-03-28,,LICEO EL PACTO DEL JOCOTE,Alajuela,9,2,Equipos,Clásico,https://chess-results.com/tnr272120.aspx?lan=2
272122,2017,Regional,C,ETAPA REGIONAL COLEGIAL ALAJUELA C ABIERTO EQUIPOS,2017-03-28,,LICEO EL PACTO DEL JOCOTE,Alajuela,8,2,Equipos,Clásico,https://chess-results.com/tnr272122.aspx?lan=2
272123,2017,Regional,C,ETAPA REGIONAL COLEGIAL ALAJUELA C FEMENINO EQUIPO,2017-03-28,,LICEO EL PACTO DEL JOCOTE,Alajuela,4,1,Equipos,Clásico,https://chess-results.com/tnr272123.aspx?lan=2
272124,2017,Regional,E,ETAPA REGIONAL COLEGIAL ALAJUELA E FEMENINO,2017-03-28,,LICEO EL PACTO DEL JOCOTE,Alajuela,2,0,Individual,Clásico,https://chess-results.com/tnr272124.aspx?lan=2
272125,2017,Regional,D,ETAPA REGIONAL COLEGIAL ALAJUELA D ABIERTO,2017-03-28,,LICEO EL PACTO DEL JOCOTE,Alajuela,14,7,Individual,Clásico,https://chess-results.com/tnr272125.aspx?lan=2
272126,2017,Regional,D,ETAPA REGIONAL COLEGIAL ALAJUELA D FEMENINO,2017-03-28,,LICEO EL PACTO DEL JOCOTE,Alajuela,4,3,Individual,Clásico,https://chess-results.com/tnr272126.aspx?lan=2
272127,2017,Regional,C,ETAPA REGIONAL COLEGIAL ALAJUELA C FEMENINO,2017-03-28,,LICEO EL PACTO DEL JOCOTE,Alajuela,4,3,Individual,Clásico,https://chess-results.com/tnr272127.aspx?lan=2
272128,2017,Regional,C,ETAPA REGIONAL COLEGIAL ALAJUELA C ABIERTO,2017-03-28,,LICEO EL PACTO DEL JOCOTE,Alajuela,14,7,Individual,Clásico,https://chess-results.com/tnr272128.aspx?lan=2
273962,2017,Regional,B,Indivitual Abierto Categoria B JDE Cartago 2017,2017-04-06,,,Cartago,8,7,Individual,Clásico,https://chess-results.com/tnr273962.aspx?lan=2
273963,2017,Regional,B,Individual Femenino Categoria B JDE Cartago 2017,2017-04-06,,,Cartago,3,3,Individual,Clásico,https://chess-results.com/tnr273963.aspx?lan=2
273966,2017,Regional,A,Individual Abierto Categoria A JDE Cartago 2017,2017-04-06,,,Cartago,6,5,Individual,Clásico,https://chess-results.com/tnr273966.aspx?lan=2
273968,2017,Regional,A,Individual Femenino Categoria A JDE Cartago 2017,2017-04-06,MEP Regional Cartago,,Cartago,4,3,Individual,Clásico,https://chess-results.com/tnr273968.aspx?lan=2
276626,2017,Regional,C,JDE Regional Equipo C Femenino,2017-04-21,ARAJA,"Gimnasio Rafael Rodríguez, San Ramón, Al",Occidente,0,1,Equipos,Clásico,https://chess-results.com/tnr276626.aspx?lan=2
276882,2017,Regional,A,JDE Regional Individual A Femenino,2017-04-21,ARAJA,"Gimnasio Rafael Rodríguez, San Ramón, Al",Occidente,3,3,Individual,Clásico,https://chess-results.com/tnr276882.aspx?lan=2
276884,2017,Regional,B,JDE Regional Individual B Abierto,2017-04-21,ARAJA,"Gimnasio Rafael Rodríguez, San Ramón, Al",Occidente,12,6,Individual,Clásico,https://chess-results.com/tnr276884.aspx?lan=2
276885,2017,Regional,B,JDE Regional Individual B Femenino,2017-04-21,ARAJA,"Gimnasio Rafael Rodríguez, San Ramón, Al",Occidente,4,3,Individual,Clásico,https://chess-results.com/tnr276885.aspx?lan=2
276886,2017,Regional,C,JDE Regional Individual C Femenino,2017-04-21,ARAJA,"Gimnasio Rafael Rodríguez, San Ramón, Al",Occidente,6,5,Individual,Clásico,https://chess-results.com/tnr276886.aspx?lan=2
276887,2017,Regional,C,JDE Regional Individual C Absoluto,2017-04-21,ARAJA,"Gimnasio Rafael Rodríguez, San Ramón, Al",Occidente,6,5,Individual,Clásico,https://chess-results.com/tnr276887.aspx?lan=2
276888,2017,Regional,D,JDE Regional Individual D Absoluto,2017-04-21,ARAJA,"Gimnasio Rafael Rodríguez, San Ramón, Al",Occidente,11,5,Individual,Clásico,https://chess-results.com/tnr276888.aspx?lan=2
276891,2017,Regional,D,JDE Regional Individual D Femenino,2017-04-21,ARAJA,"Gimnasio Rafael Rodríguez, San Ramón, Al",Occidente,3,3,Individual,Clásico,https://chess-results.com/tnr276891.aspx?lan=2
279068,2017,Interregional,C,Eliminatoria Interregional VII JDE Por Equipos C A,2017-04-30,,"IET, Turrialba, Cartago",Cartago,9,2,Equipos,Clásico,https://chess-results.com/tnr279068.aspx?lan=2
279069,2017,Interregional,D,Eliminatoria Interregional VII JDE Por Equipos D A,2017-04-30,,"IET, Turrialba, Cartago",Cartago,18,3,Equipos,Clásico,https://chess-results.com/tnr279069.aspx?lan=2
279071,2017,Interregional,D,Eliminatoria Interregional VII JDE Por Equipos D F,2017-04-30,,"IET, Turrialba, Cartago",Cartago,9,2,Equipos,Clásico,https://chess-results.com/tnr279071.aspx?lan=2
277743,2017,Interregional,B,Elimitatoria Inter-Regional JDE AlajuelaCategoria,2017-05-02,,Estadio Nacional,Alajuela,8,7,Individual,Clásico,https://chess-results.com/tnr277743.aspx?lan=2
277744,2017,Interregional,B,Elimitatoria Inter-Regional JDE AlajuelaCategoria,2017-05-02,,Estadio Nacional,Alajuela,4,3,Individual,Clásico,https://chess-results.com/tnr277744.aspx?lan=2
277746,2017,Interregional,A,Elimitatoria Inter-Regional JDE AlajuelaCategoria,2017-05-02,,Estadio Nacional,Alajuela,8,7,Individual,Clásico,https://chess-results.com/tnr277746.aspx?lan=2
277748,2017,Interregional,A,Elimitatoria Inter-Regional JDE AlajuelaCategoria,2017-05-02,,Estadio Nacional,Alajuela,7,7,Individual,Clásico,https://chess-results.com/tnr277748.aspx?lan=2
277749,2017,Interregional,A,Elimitatoria Inter-Regional JDE AlajuelaCategoria,2017-05-02,,Estadio Nacional,Alajuela,0,0,Individual,Clásico,https://chess-results.com/tnr277749.aspx?lan=2
277750,2017,Interregional,A,Elimitatoria Inter-Regional JDE AlajuelaCategoria,2017-05-02,,Estadio Nacional,Alajuela,0,0,Individual,Clásico,https://chess-results.com/tnr277750.aspx?lan=2
277751,2017,Interregional,B,Elimitatoria Inter-Regional JDE AlajuelaCategoria,2017-05-02,,Estadio Nacional,Alajuela,17,3,Individual,Clásico,https://chess-results.com/tnr277751.aspx?lan=2
277752,2017,Interregional,B,Elimitatoria Inter-Regional JDE AlajuelaCategoria,2017-05-02,,Estadio Nacional,Alajuela,0,0,Individual,Clásico,https://chess-results.com/tnr277752.aspx?lan=2
277753,2017,Interregional,C,Elimitatoria Inter-Regional JDE AlajuelaCategoria,2017-05-02,,Estadio Nacional,Alajuela,8,7,Individual,Clásico,https://chess-results.com/tnr277753.aspx?lan=2
277755,2017,Interregional,C,Elimitatoria Inter-Regional JDE AlajuelaCategoria,2017-05-02,,Estadio Nacional,Alajuela,4,3,Individual,Clásico,https://chess-results.com/tnr277755.aspx?lan=2
278847,2017,Interregional,C,Elimitatoria Inter-Regional JDE AlajuelaCategoria,2017-05-02,,Estadio Nacional,Alajuela,22,5,Individual,Clásico,https://chess-results.com/tnr278847.aspx?lan=2
278848,2017,Interregional,C,Elimitatoria Inter-Regional JDE AlajuelaCategoria,2017-05-02,,Estadio Nacional,Alajuela,7,2,Individual,Clásico,https://chess-results.com/tnr278848.aspx?lan=2
278851,2017,Interregional,D,Elimitatoria Inter-Regional JDE AlajuelaCategoria,2017-05-02,,Estadio Nacional,Alajuela,8,2,Individual,Clásico,https://chess-results.com/tnr278851.aspx?lan=2
278852,2017,Interregional,D,Elimitatoria Inter-Regional JDE AlajuelaCategoria,2017-05-02,,Estadio Nacional,Alajuela,0,5,Individual,Clásico,https://chess-results.com/tnr278852.aspx?lan=2
278853,2017,Interregional,D,Elimitatoria Inter-Regional JDE AlajuelaCategoria,2017-05-02,,Estadio Nacional,Alajuela,8,7,Individual,Clásico,https://chess-results.com/tnr278853.aspx?lan=2
278854,2017,Interregional,D,Elimitatoria Inter-Regional JDE AlajuelaCategoria,2017-05-02,,Estadio Nacional,Alajuela,5,5,Individual,Clásico,https://chess-results.com/tnr278854.aspx?lan=2
279185,2017,Interregional,A,ELIMINATORIA INTERREGIONAL DE AJEDREZ CATEGORIA IN,2017-05-02,ESCUELA LEPANTO,LEPANTO,Peninsular,2,2,Individual,Clásico,https://chess-results.com/tnr279185.aspx?lan=2
278575,2017,Interregional,C,Eliminatoria Interregional VII JDE Individual C Ab,2017-05-03,,"IET, Turrialba, Cartago",Cartago,4,3,Individual,Clásico,https://chess-results.com/tnr278575.aspx?lan=2
278576,2017,Interregional,D,Eliminatoria Interregional VII JDE Individual D Ab,2017-05-03,,"IET, Turrialba, Cartago",Cartago,4,3,Individual,Clásico,https://chess-results.com/tnr278576.aspx?lan=2
278577,2017,Interregional,C,Eliminatoria Interregional VII JDE Individual C Fe,2017-05-03,,"IET, Turrialba, Cartago",Cartago,3,3,Individual,Clásico,https://chess-results.com/tnr278577.aspx?lan=2
278578,2017,Interregional,D,Eliminatoria Interregional VII JDE Individual D Fe,2017-05-03,,"IET, Turrialba, Cartago",Cartago,2,2,Individual,Clásico,https://chess-results.com/tnr278578.aspx?lan=2
279186,2017,Interregional,A,JDE EQUIPOS A FEMENINO Interregional,2017-05-03,,,,0,2,Equipos,Clásico,https://chess-results.com/tnr279186.aspx?lan=2
279189,2017,Interregional,A,JDE EQUIPOS A ABIERTO Interregional,2017-05-03,,,,0,2,Equipos,Clásico,https://chess-results.com/tnr279189.aspx?lan=2
279192,2017,Interregional,A,JDE INDIVIDUAL FEMENINO A Interregional,2017-05-03,,,,3,3,Individual,Clásico,https://chess-results.com/tnr279192.aspx?lan=2
279193,2017,Interregional,B,JDE INDIVIDUAL FEMENINO B Interregional,2017-05-03,,,,3,3,Individual,Clásico,https://chess-results.com/tnr279193.aspx?lan=2
279194,2017,Regional,B,JDE EQUIPOS B ABIERTO,2017-05-03,,,,0,3,Equipos,Clásico,https://chess-results.com/tnr279194.aspx?lan=2
279204,2017,Regional,B,JDE EQUIPOS B FEMENINO,2017-05-03,,,,0,2,Equipos,Clásico,https://chess-results.com/tnr279204.aspx?lan=2
279205,2017,Interregional,A,JDE INDIVIDUAL ABIERTO A Interregional,2017-05-03,,,,3,3,Individual,Clásico,https://chess-results.com/tnr279205.aspx?lan=2
283105,2017,Nacional,A,Final Nacional JDE Categoría AIndividual Abierto,2017-05-25,MEP,Escuela Santamaría (Curridabat),,8,7,Individual,Clásico,https://chess-results.com/tnr283105.aspx?lan=2
283107,2017,Nacional,A,Final Nacional JDE Categoría AIndividual Femenino,2017-05-25,MEP,Escuela Santamaría (Curridabat),,8,7,Individual,Clásico,https://chess-results.com/tnr283107.aspx?lan=2
283108,2017,Nacional,B,Final Nacional JDE Categoria BIndividual ABIERTO,2017-05-25,MEP,Escuela Juan Santamaria,,7,7,Individual,Clásico,https://chess-results.com/tnr283108.aspx?lan=2
283110,2017,Nacional,B,Final Nacional JDE Categoria BIndividual Femenino,2017-05-25,MEP,Escuela Juan Santamaria,,7,7,Individual,Clásico,https://chess-results.com/tnr283110.aspx?lan=2
283113,2017,Nacional,A,Final Nacional JDE Categoría AEquipos Abierto,2017-05-25,MEP,Escuela Juan Santamaría (Curridabat),,37,7,Equipos,Clásico,https://chess-results.com/tnr283113.aspx?lan=2
283119,2017,Nacional,A,Final Nacional JDE Categoría AEquipos Femenino,2017-05-25,MEP,Escuela Juan Santamaría (Curridabat),,26,5,Equipos,Clásico,https://chess-results.com/tnr283119.aspx?lan=2
283124,2017,Nacional,B,Final Nacional JDE Categoria BEquipos Abierto,2017-05-25,MEP,Escuela Juan Santamaria,,36,7,Equipos,Clásico,https://chess-results.com/tnr283124.aspx?lan=2
283126,2017,Nacional,B,Final Nacional JDE Categoria BPor Equipos Femenino,2017-05-25,MEP,Escuela Juan Santamaria,,28,5,Equipos,Clásico,https://chess-results.com/tnr283126.aspx?lan=2
284909,2017,Nacional,C,Final Nacional JDE Individual C Femenino,2017-05-30,MEP,"CTP La Suiza, Turrialba, Cartago",,7,7,Individual,Clásico,https://chess-results.com/tnr284909.aspx?lan=2
284910,2017,Nacional,D,Final Nacional JDE Individual D Abierto,2017-05-30,MEP,"CTP La Suiza, Turrialba, Cartago",,7,7,Individual,Clásico,https://chess-results.com/tnr284910.aspx?lan=2
284912,2017,Nacional,D,Final Nacional JDE Individual D Femenino,2017-05-30,MEP,"CTP La Suiza, Turrialba, Cartago",,7,7,Individual,Clásico,https://chess-results.com/tnr284912.aspx?lan=2
284908,2017,Nacional,C,Final Nacional JDE Individual C Abierto,2017-06-06,MEP,"CTP La Suiza, Turrialba, Cartago",,6,5,Individual,Clásico,https://chess-results.com/tnr284908.aspx?lan=2
284934,2017,Nacional,C,Final Nacional JDE Por Equipos C Abierto,2017-06-06,MEP,"CTP La Suiza, Turrialba, Cartago",,34,7,Equipos,Clásico,https://chess-results.com/tnr284934.aspx?lan=2
284935,2017,Nacional,C,Final Nacional JDE Por Equipos C Femenino,2017-06-06,MEP,"CTP La Suiza, Turrialba, Cartago",,25,5,Equipos,Clásico,https://chess-results.com/tnr284935.aspx?lan=2
284936,2017,Nacional,D,Final Nacional JDE Por Equipos D Abierto,2017-06-06,MEP,"CTP La Suiza, Turrialba, Cartago",,32,7,Equipos,Clásico,https://chess-results.com/tnr284936.aspx?lan=2
284937,2017,Nacional,D,Final Nacional JDE Por Equipos D Femenino,2017-06-06,MEP,"CTP La Suiza, Turrialba, Cartago",,28,5,Equipos,Clásico,https://chess-results.com/tnr284937.aspx?lan=2
349520,2018,Regional,D,JDE Regional Occidente Individual D Absoluto,2018-04-26,ARAJA,ARAJA,Occidente,8,5,Individual,Clásico,https://chess-results.com/tnr349520.aspx?lan=2
349521,2018,Regional,D,JDE Regional Occidente Individual D Femenino,2018-04-26,ARAJA,ARAJA,Occidente,6,5,Individual,Clásico,https://chess-results.com/tnr349521.aspx?lan=2
350471,2018,Interregional,C,Eliminatoria Interregional II JDE Categoría C Feme,2018-05-03,ARAJA,ISJAG,Occidente,6,5,Individual,Clásico,https://chess-results.com/tnr350471.aspx?lan=2
350481,2018,Interregional,C,Eliminatoria Interregional II JDE Categoría C Abie,2018-05-03,ARAJA,ISJAG,Occidente,8,4,Individual,Clásico,https://chess-results.com/tnr350481.aspx?lan=2
350483,2018,Interregional,D,Eliminatoria Interregional II JDE Categoría D Feme,2018-05-03,ARAJA,ISJAG,Occidente,7,5,Individual,Clásico,https://chess-results.com/tnr350483.aspx?lan=2
350485,2018,Interregional,D,Eliminatoria Interregional II JDE Categoría D Abie,2018-05-03,ARAJA,ISJAG,Occidente,8,5,Individual,Clásico,https://chess-results.com/tnr350485.aspx?lan=2
350486,2018,Interregional,C,Eliminatoria Interregional II JDE Categoría C Feme,2018-05-03,ARAJA,ISJAG,Occidente,8,2,Individual,Clásico,https://chess-results.com/tnr350486.aspx?lan=2
350487,2018,Interregional,C,Eliminatoria Interregional II JDE Categoría C Abie,2018-05-03,ARAJA,ISJAG,Occidente,27,5,Individual,Clásico,https://chess-results.com/tnr350487.aspx?lan=2
350488,2018,Interregional,D,Eliminatoria Interregional II JDE Categoría D Feme,2018-05-03,ARAJA,ISJAG,Occidente,9,2,Individual,Clásico,https://chess-results.com/tnr350488.aspx?lan=2
350489,2018,Interregional,D,Eliminatoria Interregional II JDE Categoría D Abie,2018-05-03,ARAJA,ISJAG,Occidente,39,5,Individual,Clásico,https://chess-results.com/tnr350489.aspx?lan=2
351100,2018,Interregional,C,Eliminatoria Interregional VII JDE Por Equipos C A,2018-05-03,,"IET, Turrialba",Turrialba,7,3,Equipos,Clásico,https://chess-results.com/tnr351100.aspx?lan=2
351101,2018,Interregional,D,Eliminatoria Interregional VII JDE Por Equipos D A,2018-05-03,,"IET, Turrialba",Turrialba,13,3,Equipos,Clásico,https://chess-results.com/tnr351101.aspx?lan=2
351102,2018,Interregional,C,Eliminatoria Interregional VII JDE Por Equipos C F,2018-05-03,,"IET, Turrialba",Turrialba,3,2,Equipos,Clásico,https://chess-results.com/tnr351102.aspx?lan=2
351103,2018,Interregional,D,Eliminatoria Interregional VII JDE Por Equipos D F,2018-05-03,,"IET, Turrialba",Turrialba,5,0,Equipos,Clásico,https://chess-results.com/tnr351103.aspx?lan=2
351096,2018,Interregional,C,Eliminatoria Interregional VII JDE Individual C Ab,2018-05-04,,"IET, Turrialba",Turrialba,4,3,Individual,Clásico,https://chess-results.com/tnr351096.aspx?lan=2
351097,2018,Interregional,D,Eliminatoria Interregional VII JDE Individual D Ab,2018-05-04,,"IET, Turrialba",Turrialba,4,3,Individual,Clásico,https://chess-results.com/tnr351097.aspx?lan=2
351098,2018,Interregional,C,Eliminatoria Interregional VII JDE Individual C Fe,2018-05-04,,"IET, Turrialba",Turrialba,1,2,Individual,Clásico,https://chess-results.com/tnr351098.aspx?lan=2
351099,2018,Interregional,D,Eliminatoria Interregional VII JDE Individual D Fe,2018-05-04,,"IET, Turrialba",Turrialba,2,2,Individual,Clásico,https://chess-results.com/tnr351099.aspx?lan=2
352697,2018,Interregional,C,Elimintaria Interregional HerediaIndividual C Abie,2018-05-08,Colegio,Liceo de Heredia,Heredia,4,3,Individual,Clásico,https://chess-results.com/tnr352697.aspx?lan=2
352699,2018,Interregional,D,Elimintaria Interregional HerediaIndividual D Abie,2018-05-08,Colegio,Liceo de Heredia,Heredia,4,3,Individual,Clásico,https://chess-results.com/tnr352699.aspx?lan=2
352700,2018,Interregional,C,Elimintaria Interregional HerediaIndividual C Feme,2018-05-08,Colegio,Liceo de Heredia,Heredia,2,2,Individual,Clásico,https://chess-results.com/tnr352700.aspx?lan=2
352701,2018,Interregional,D,Elimintaria Interregional HerediaIndividual D Feme,2018-05-08,Colegio,Liceo de Heredia,Heredia,4,3,Individual,Clásico,https://chess-results.com/tnr352701.aspx?lan=2
352703,2018,Interregional,D,Elimintaria Interregional HerediaEquipos D Abierto,2018-05-08,Colegio,Colegio Heredia,Heredia,17,3,Equipos,Clásico,https://chess-results.com/tnr352703.aspx?lan=2
352704,2018,Interregional,D,Elimintaria Interregional HerediaEquipos D Femenin,2018-05-08,Colegio,Liceo de Heredia,Heredia,4,0,Equipos,Clásico,https://chess-results.com/tnr352704.aspx?lan=2
352706,2018,Interregional,C,Elimintaria Interregional HerediaEquipos C Abierto,2018-05-08,Colegio,Liceo de Heredia,Heredia,12,3,Equipos,Clásico,https://chess-results.com/tnr352706.aspx?lan=2
352709,2018,Interregional,C,Elimintaria Interregional HerediaEquipos C Femenin,2018-05-08,Colegio,Liceo de Heredia,Heredia,8,2,Equipos,Clásico,https://chess-results.com/tnr352709.aspx?lan=2
355930,2018,Nacional,C,Final Juegos Deportivos EstudiantilesCategoría C A,2018-05-22,"Liceo San Rafael, La Colonia","Liceo San Rafael, La Colonia (Pococi)",,36,7,Individual,Clásico,https://chess-results.com/tnr355930.aspx?lan=2
355932,2018,Nacional,C,Final Juegos Deportivos EstudiantilesCategoría C F,2018-05-22,"Liceo San Rafael, La Colonia","Liceo San Rafael, La Colonia (Pococi)",,26,5,Individual,Clásico,https://chess-results.com/tnr355932.aspx?lan=2
355934,2018,Nacional,C,Final Juegos Deportivos EstudiantilesCategoría C A,2018-05-22,"Liceo San Rafael, La Colonia","Liceo San Rafael, La Colonia (Pococi)",,8,7,Individual,Clásico,https://chess-results.com/tnr355934.aspx?lan=2
355936,2018,Nacional,C,Final Juegos Deportivos EstudiantilesCategoría C F,2018-05-22,"Liceo San Rafael, La Colonia","Liceo San Rafael, La Colonia (Pococi)",,5,5,Individual,Clásico,https://chess-results.com/tnr355936.aspx?lan=2
355938,2018,Nacional,D,Final Juegos Deportivos EstudiantilesCategoría D A,2018-05-22,"Liceo San Rafael, La Colonia","Liceo San Rafael, La Colonia (Pococi)",,39,7,Individual,Clásico,https://chess-results.com/tnr355938.aspx?lan=2
355940,2018,Nacional,D,Final Juegos Deportivos EstudiantilesCategoría D F,2018-05-22,"Liceo San Rafael, La Colonia","Liceo San Rafael, La Colonia (Pococi)",,23,5,Individual,Clásico,https://chess-results.com/tnr355940.aspx?lan=2
355942,2018,Nacional,D,Final Juegos Deportivos EstudiantilesCategoría D A,2018-05-22,"Liceo San Rafael, La Colonia","Liceo San Rafael, La Colonia (Pococi)",,7,7,Individual,Clásico,https://chess-results.com/tnr355942.aspx?lan=2
355943,2018,Nacional,D,Final Juegos Deportivos EstudiantilesCategoría D F,2018-05-22,"Liceo San Rafael, La Colonia","Liceo San Rafael, La Colonia (Pococi)",,7,7,Individual,Clásico,https://chess-results.com/tnr355943.aspx?lan=2
355944,2018,Nacional,D,Final Juegos Deportivos EstudiantilesCategoría D F,2018-05-22,"Liceo San Rafael, La Colonia","Liceo San Rafael, La Colonia (Pococi)",,7,7,Individual,Clásico,https://chess-results.com/tnr355944.aspx?lan=2
355929,2018,Nacional,C,Final Juegos Deportivos EstudiantilesCategoría C A,2018-05-23,"Liceo San Rafael, La Colonia","Liceo San Rafael, La Colonia (Pococi)",,36,7,Individual,Clásico,https://chess-results.com/tnr355929.aspx?lan=2
355933,2018,Nacional,C,Final Juegos Deportivos EstudiantilesCategoría C A,2018-05-23,"Liceo San Rafael, La Colonia","Liceo San Rafael, La Colonia (Pococi)",,8,7,Individual,Clásico,https://chess-results.com/tnr355933.aspx?lan=2
355935,2018,Nacional,C,Final Juegos Deportivos EstudiantilesCategoría C F,2018-05-23,"Liceo San Rafael, La Colonia","Liceo San Rafael, La Colonia (Pococi)",,5,5,Individual,Clásico,https://chess-results.com/tnr355935.aspx?lan=2
355937,2018,Nacional,D,Final Juegos Deportivos EstudiantilesCategoría D A,2018-05-23,"Liceo San Rafael, La Colonia","Liceo San Rafael, La Colonia (Pococi)",,39,7,Individual,Clásico,https://chess-results.com/tnr355937.aspx?lan=2
355939,2018,Nacional,D,Final Juegos Deportivos EstudiantilesCategoría D F,2018-05-23,"Liceo San Rafael, La Colonia","Liceo San Rafael, La Colonia (Pococi)",,26,5,Individual,Clásico,https://chess-results.com/tnr355939.aspx?lan=2
355941,2018,Nacional,D,Final Juegos Deportivos EstudiantilesCategoría D A,2018-05-23,"Liceo San Rafael, La Colonia","Liceo San Rafael, La Colonia (Pococi)",,7,7,Individual,Clásico,https://chess-results.com/tnr355941.aspx?lan=2
357366,2018,Nacional,C,Final Juegos Deportivos EstudiantilesCategoría C F,2018-05-23,"Liceo San Rafael, La Colonia","Liceo San Rafael, La Colonia (Pococi)",,26,5,Individual,Clásico,https://chess-results.com/tnr357366.aspx?lan=2
359472,2018,Regional,B,Eliminatoria JDE EscolarCategoria B Absoluto Indiv,2018-06-07,,,,13,5,Individual,Clásico,https://chess-results.com/tnr359472.aspx?lan=2
359475,2018,Regional,B,Eliminatoria JDE EscolarCategoria B Femenino Indiv,2018-06-07,,,,2,2,Individual,Clásico,https://chess-results.com/tnr359475.aspx?lan=2
359478,2018,Regional,A,Eliminatoria JDE EscolarCategoria A Absoluto Indiv,2018-06-07,,,,5,5,Individual,Clásico,https://chess-results.com/tnr359478.aspx?lan=2
374734,2018,Regional,B,Eliminatoria JDE Regional San JoséAbsoluto Cat B,2018-08-29,Escuela Carolina Dent,Carolina Dent,,17,5,Individual,Clásico,https://chess-results.com/tnr374734.aspx?lan=2
375799,2018,Regional,A,JDE Regional Categoría A Fem,2018-09-03,,Escuela Pacto del Jocote,,2,2,Individual,Clásico,https://chess-results.com/tnr375799.aspx?lan=2
375800,2018,Regional,A,JDE Regional Categoría A Abs,2018-09-03,,Escuela Pacto del Jocote,,6,5,Individual,Clásico,https://chess-results.com/tnr375800.aspx?lan=2
375801,2018,Regional,A,JDE Regional EquiposCategoría A Fem,2018-09-03,,Escuela Pacto del Jocote,,0,2,Equipos,Clásico,https://chess-results.com/tnr375801.aspx?lan=2
375802,2018,Regional,A,JDE Regional EquiposCategoría A Abs,2018-09-03,,Escuela Pacto del Jocote,,0,2,Equipos,Clásico,https://chess-results.com/tnr375802.aspx?lan=2
375803,2018,Regional,B,JDE Regional Categoría B Fem,2018-09-03,,Escuela Pacto del Jocote,,5,5,Individual,Clásico,https://chess-results.com/tnr375803.aspx?lan=2
375804,2018,Regional,B,JDE Regional EquiposCategoría B Fem,2018-09-03,,Escuela Pacto del Jocote,,0,2,Equipos,Clásico,https://chess-results.com/tnr375804.aspx?lan=2
375806,2018,Regional,B,JDE Regional Categoría B Abs,2018-09-03,,Escuela Pacto del Jocote,,13,5,Individual,Clásico,https://chess-results.com/tnr375806.aspx?lan=2
375807,2018,Regional,B,JDE Regional EquiposCategoría B Abs,2018-09-03,,Escuela Pacto del Jocote,,0,5,Equipos,Clásico,https://chess-results.com/tnr375807.aspx?lan=2
373494,2018,Regional,A,Eliminatoria Regional JDE Categoría A Individual A,2018-09-04,ARAJA,ARAJA,Occidente,7,5,Individual,Clásico,https://chess-results.com/tnr373494.aspx?lan=2
373495,2018,Regional,A,Eliminatoria Regional JDE Categoría A Equipos Abso,2018-09-04,ARAJA,ARAJA,Occidente,9,0,Equipos,Clásico,https://chess-results.com/tnr373495.aspx?lan=2
373496,2018,Regional,A,Eliminatoria Regional JDE Categoría A Individual F,2018-09-04,ARAJA,ARAJA,Occidente,4,3,Individual,Clásico,https://chess-results.com/tnr373496.aspx?lan=2
373497,2018,Regional,B,Eliminatoria Regional JDE Categoría B Individual A,2018-09-04,ARAJA,ARAJA,Occidente,12,5,Individual,Clásico,https://chess-results.com/tnr373497.aspx?lan=2
373498,2018,Regional,B,Eliminatoria Regional JDE Categoría B Equipos Abso,2018-09-04,ARAJA,ARAJA,Occidente,9,0,Equipos,Clásico,https://chess-results.com/tnr373498.aspx?lan=2
373499,2018,Regional,B,Eliminatoria Regional JDE Categoría B Individual F,2018-09-04,ARAJA,ARAJA,Occidente,4,3,Individual,Clásico,https://chess-results.com/tnr373499.aspx?lan=2
376103,2018,Regional,B,Eliminatoria Regional JDE Categoría B Individual F,2018-09-04,ARAJA,ARAJA,Occidente,3,3,Individual,Clásico,https://chess-results.com/tnr376103.aspx?lan=2
375982,2018,Regional,B,JDE REGIONAL CARTAGO 2018 INDIVIDUAL ABIERTO B,2018-09-05,DIRECCION REGIONAL DE EDUCACION CARTAGO,Centro Educativo Semillas,Cartago,7,7,Individual,Clásico,https://chess-results.com/tnr375982.aspx?lan=2
428963,2019,Regional,B,Eliminatoria JDEB Indvidual Abierta,2019-04-05,,,,13,5,Individual,Clásico,https://chess-results.com/tnr428963.aspx?lan=2
428967,2019,Regional,B,Eliminatoria JDEB Indvidual Femenino,2019-04-05,,,,6,5,Individual,Clásico,https://chess-results.com/tnr428967.aspx?lan=2
428969,2019,Regional,A,Eliminatoria JDEA Indvidual Abierta,2019-04-05,,,,4,3,Individual,Clásico,https://chess-results.com/tnr428969.aspx?lan=2
428970,2019,Regional,A,Eliminatoria JDEA Indvidual Femenino,2019-04-05,,,,3,3,Individual,Clásico,https://chess-results.com/tnr428970.aspx?lan=2
434735,2019,Interregional,B,Interregional Alajuela JDEB Indvidual Abierta,2019-04-05,Alajuela,Alajuela,Alajuela,6,5,Individual,Clásico,https://chess-results.com/tnr434735.aspx?lan=2
434736,2019,Interregional,B,Interregional Alajuela JDEB Indvidual Femenina,2019-04-05,Alajuela,Alajuela,Alajuela,6,5,Individual,Clásico,https://chess-results.com/tnr434736.aspx?lan=2
434737,2019,Interregional,C,Interregional Alajuela JDEC Indvidual Abierta,2019-04-05,Alajuela,Alajuela,Alajuela,6,5,Individual,Clásico,https://chess-results.com/tnr434737.aspx?lan=2
434738,2019,Interregional,C,Interregional Alajuela JDEC Indvidual Femenina,2019-04-05,Alajuela,Alajuela,Alajuela,5,5,Individual,Clásico,https://chess-results.com/tnr434738.aspx?lan=2
430595,2019,Regional,A,JDE Regional Cartago Individual A Abierto,2019-04-08,Regional Cartago,Escuela Ricardo Jimenez Oreamuno,Cartago,6,5,Individual,Clásico,https://chess-results.com/tnr430595.aspx?lan=2
430596,2019,Regional,A,JDE Regional Cartago Individual A Femenino,2019-04-08,Regional Cartago,Escuela Ricardo Jimenez Oreamuno,Cartago,4,3,Individual,Clásico,https://chess-results.com/tnr430596.aspx?lan=2
430603,2019,Regional,C,JDE AlajuelaC Individual Abierta,2019-04-08,Alajuela,Alajuela,Alajuela,21,5,Individual,Clásico,https://chess-results.com/tnr430603.aspx?lan=2
430604,2019,Regional,C,JDE AlajuelaC Individual Femenino,2019-04-08,Alajuela,Alajuela,Alajuela,10,5,Individual,Clásico,https://chess-results.com/tnr430604.aspx?lan=2
430605,2019,Regional,C,JDE AlajuelaC Equipo Abierta,2019-04-08,Alajuela,Alajuela,Alajuela,13,3,Equipos,Clásico,https://chess-results.com/tnr430605.aspx?lan=2
429194,2019,Regional,A,JDE- Etapa Regional- Individual A Absoluto,2019-04-09,ARAJA,Gimnasio Rafael Rodríguez,Occidente,8,5,Individual,Clásico,https://chess-results.com/tnr429194.aspx?lan=2
429195,2019,Regional,A,JDE- Etapa Regional- Individual A Femenino,2019-04-09,ARAJA,Gimnasio Rafael Rodríguez,Occidente,8,5,Individual,Clásico,https://chess-results.com/tnr429195.aspx?lan=2
429198,2019,Regional,B,JDE- Etapa Regional- Individual B Absoluto,2019-04-09,ARAJA,Gimnasio Rafael Rodríguez,Occidente,6,5,Individual,Clásico,https://chess-results.com/tnr429198.aspx?lan=2
429204,2019,Regional,C,JDE- Etapa Regional- Individual C Absoluto,2019-04-09,ARAJA,Gimnasio Rafael Rodríguez,Occidente,9,5,Individual,Clásico,https://chess-results.com/tnr429204.aspx?lan=2
429205,2019,Regional,C,JDE- Etapa Regional- Equipo C Absoluto,2019-04-09,ARAJA,Gimnasio Rafael Rodríguez,Occidente,14,0,Equipos,Clásico,https://chess-results.com/tnr429205.aspx?lan=2
430591,2019,Regional,A,JDE Regional Cartago Equipo A Abierto,2019-04-09,Regional Cartago,Escuela Ricardo Jimenez Oreamuno,Cartago,0,3,Equipos,Clásico,https://chess-results.com/tnr430591.aspx?lan=2
430592,2019,Regional,A,JDE Regional Cartago Equipo A Femenino,2019-04-09,Regional Cartago,Escuela Ricardo Jimenez Oreamuno,Cartago,0,2,Equipos,Clásico,https://chess-results.com/tnr430592.aspx?lan=2
430593,2019,Regional,B,JDE Regional Cartago Equipo B Abierto,2019-04-09,Regional Cartago,Escuela Ricardo Jimenez Oreamuno,Cartago,0,5,Equipos,Clásico,https://chess-results.com/tnr430593.aspx?lan=2
430594,2019,Regional,B,JDE Regional Cartago Equipo B Femenino,2019-04-09,Regional Cartago,Escuela Ricardo Jimenez Oreamuno,Cartago,0,3,Equipos,Clásico,https://chess-results.com/tnr430594.aspx?lan=2
430597,2019,Regional,B,JDE Regional Cartago Individual B Abierto,2019-04-09,Regional Cartago,Escuela Ricardo Jimenez Oreamuno,Cartago,10,5,Individual,Clásico,https://chess-results.com/tnr430597.aspx?lan=2
430598,2019,Regional,B,JDE Regional Cartago Individual B Femenino,2019-04-09,Regional Cartago,Escuela Ricardo Jimenez Oreamuno,Cartago,6,5,Individual,Clásico,https://chess-results.com/tnr430598.aspx?lan=2
430946,2019,Regional,A,JDE Regional San Jose Norte Individual A Abierto,2019-04-10,,Esc. Pilar Jimenez Solis,San José Norte,4,3,Individual,Clásico,https://chess-results.com/tnr430946.aspx?lan=2
430948,2019,Regional,B,JDE Regional San Jose Norte Individual B Abierto,2019-04-10,,Esc. Pilar Jimenez Solis,San José Norte,8,5,Individual,Clásico,https://chess-results.com/tnr430948.aspx?lan=2
430949,2019,Regional,C,JDE Regional San Jose Norte Individual C Abierto,2019-04-10,,Esc. Pilar Jimenez Solis,San José Norte,6,5,Individual,Clásico,https://chess-results.com/tnr430949.aspx?lan=2
430950,2019,Regional,C,JDE Regional San Jose Norte Individual C Femenino,2019-04-10,,Esc. Pilar Jimenez Solis,San José Norte,3,3,Individual,Clásico,https://chess-results.com/tnr430950.aspx?lan=2
430951,2019,Regional,D,JDE Regional San Jose Norte Individual D Abierto,2019-04-10,,Esc. Pilar Jimenez Solis,San José Norte,18,5,Individual,Clásico,https://chess-results.com/tnr430951.aspx?lan=2
431508,2019,Regional,D,JDE Regional Cartago Individual Femenino D,2019-04-12,,Polideportivo Cartago,Cartago,2,2,Individual,Clásico,https://chess-results.com/tnr431508.aspx?lan=2
431509,2019,Regional,C,JDE Regional Cartago Individual Abierto C,2019-04-12,,Polideportivo Cartago,Cartago,6,5,Individual,Clásico,https://chess-results.com/tnr431509.aspx?lan=2
431510,2019,Regional,D,JDE Regional Cartago Individual Abierto D,2019-04-12,,Polideportivo Cartago,Cartago,6,5,Individual,Clásico,https://chess-results.com/tnr431510.aspx?lan=2
431516,2019,Regional,D,JDE Regional Cartago Equipo Abierto D,2019-04-13,,,Cartago,0,3,Equipos,Clásico,https://chess-results.com/tnr431516.aspx?lan=2
435188,2019,Interregional,B,JDE Interregional Cartago Individual B Abierto,2019-04-13,,Liceo de Paraiso,Cartago,4,3,Individual,Clásico,https://chess-results.com/tnr435188.aspx?lan=2
435189,2019,Interregional,B,JDE Interregional Cartago Individual B Femenino,2019-04-13,,Liceo de Paraiso,Cartago,4,3,Individual,Clásico,https://chess-results.com/tnr435189.aspx?lan=2
435190,2019,Interregional,C,JDE Interregional Cartago Individual C Abierto,2019-04-13,,Liceo de Paraiso,Cartago,6,5,Individual,Clásico,https://chess-results.com/tnr435190.aspx?lan=2
435191,2019,Interregional,C,JDE Interregional Cartago Individual C Femenino,2019-04-13,,Liceo de Paraiso,Cartago,2,2,Individual,Clásico,https://chess-results.com/tnr435191.aspx?lan=2
434739,2019,Interregional,B,Interregional Alajuela JDEEquipos B Abierta,2019-04-23,Alajuela,Alajuela,Alajuela,0,3,Equipos,Clásico,https://chess-results.com/tnr434739.aspx?lan=2
437399,2019,Interregional,B,Interregional Puriscal-Desamparados JDEIndividual,2019-04-23,Desamparados,Escuela Santa María,Desamparados,3,3,Individual,Clásico,https://chess-results.com/tnr437399.aspx?lan=2
437404,2019,Interregional,A,Interregional Puriscal-Desamparados JDE (Exhibició,2019-04-23,Desamparados,Escuela Santa María,Desamparados,9,4,Individual,Clásico,https://chess-results.com/tnr437404.aspx?lan=2
437447,2019,Interregional,B,Interregional Puriscal-Desamparados JDEIndividual,2019-04-23,Desamparados,Escuela Santa María,Desamparados,2,7,Individual,Clásico,https://chess-results.com/tnr437447.aspx?lan=2
435194,2019,Interregional,B,JDE Interregional Cartago Equipo B Abierto,2019-04-26,,Liceo de Paraiso,Cartago,8,2,Equipos,Clásico,https://chess-results.com/tnr435194.aspx?lan=2
435195,2019,Interregional,B,JDE Interregional Cartago Equipo B Femenino,2019-04-26,,Liceo de Paraiso,Cartago,9,2,Equipos,Clásico,https://chess-results.com/tnr435195.aspx?lan=2
435196,2019,Interregional,C,JDE Interregional Cartago Equipo C Abierto,2019-04-26,,Liceo de Paraiso,Cartago,7,2,Equipos,Clásico,https://chess-results.com/tnr435196.aspx?lan=2
435198,2019,Interregional,C,JDE Interregional Cartago Equipo C Femenino,2019-04-26,,Liceo de Paraiso,Cartago,7,2,Equipos,Clásico,https://chess-results.com/tnr435198.aspx?lan=2
437398,2019,Interregional,B,Interrregional Puriscal-Desamparados JDEEquipos B,2019-05-03,,Escuela Santa María,Desamparados,7,2,Equipos,Clásico,https://chess-results.com/tnr437398.aspx?lan=2
440175,2019,Nacional,C,Final Nacional Juegos Deportivos EstudiantilesIndi,2019-05-21,,Paraiso,,8,7,Individual,Clásico,https://chess-results.com/tnr440175.aspx?lan=2
440176,2019,Nacional,C,Final Nacional Juegos Deportivos EstudiantilesIndi,2019-05-21,Colegio de Paraiso,Paraiso,,11,11,Individual,Clásico,https://chess-results.com/tnr440176.aspx?lan=2
440188,2019,Nacional,C,Final Nacional Juegos Deportivos EstudiantilesEqui,2019-05-21,Liceo Paraiso,Liceo de Paraiso,,16,6,Individual,Clásico,https://chess-results.com/tnr440188.aspx?lan=2
440189,2019,Nacional,C,Final Nacional Juegos Deportivos EstudiantilesEqui,2019-05-21,Liceo Paraiso,Liceo de Paraiso,,49,11,Individual,Clásico,https://chess-results.com/tnr440189.aspx?lan=2
443324,2019,Nacional,C,Final Nacional JDE BlitzEquipos C Abs,2019-05-21,Liceo Paraiso,Liceo de Paraiso,,49,11,Equipos,Blitz o rápido,https://chess-results.com/tnr443324.aspx?lan=2
443325,2019,Nacional,C,Final Nacional JDEBlitzEquipos C Fem,2019-05-21,Liceo Paraiso,Liceo de Paraiso,,16,6,Equipos,Blitz o rápido,https://chess-results.com/tnr443325.aspx?lan=2
443326,2019,Nacional,C,Final Nacional JDE BlitzIndividual C Abs,2019-05-21,Colegio de Paraiso,Paraiso,,11,11,Individual,Blitz o rápido,https://chess-results.com/tnr443326.aspx?lan=2
443327,2019,Nacional,C,Final Nacional JDE BlitzIndividual C Fem,2019-05-21,,Paraiso,,8,7,Individual,Blitz o rápido,https://chess-results.com/tnr443327.aspx?lan=2
444582,2019,Nacional,B,FINAL NACIONAL DE AJEDREZ ESCOLAR CATEGORÍA B INVI,2019-05-28,Ministerio de Educación Pública,Escuela Las Lagunas de Pérez Zeledón,,12,11,Individual,Clásico,https://chess-results.com/tnr444582.aspx?lan=2
444583,2019,Nacional,B,FINAL NACIONAL DE AJEDREZ ESCOLAR CATEGORÍA B INVI,2019-05-28,Ministerio de Educación Pública,Escuela Las Lagunas de Pérez Zeledón,,9,9,Individual,Clásico,https://chess-results.com/tnr444583.aspx?lan=2
444584,2019,Nacional,B,FINAL NACIONAL DE AJEDREZ ESCOLAR CATEGORÍA B EQUI,2019-05-28,Ministerio de Educación Pública,Escuela Las Lagunas de Pérez Zeledón,,32,7,Individual,Clásico,https://chess-results.com/tnr444584.aspx?lan=2
444585,2019,Nacional,B,FINAL NACIONAL DE AJEDREZ ESCOLAR CATEGORÍA B EQUI,2019-05-28,Ministerio de Educación Pública,Escuela Las Lagunas de Pérez Zeledón,,37,7,Individual,Clásico,https://chess-results.com/tnr444585.aspx?lan=2
445083,2019,Nacional,B,BLITZ FINAL NACIONAL DE AJEDREZ ESCOLAR CATEGORÍA,2019-05-31,Ministerio de Educación Pública,Escuela Las Lagunas de Pérez Zeledón,,12,11,Individual,Blitz o rápido,https://chess-results.com/tnr445083.aspx?lan=2
445085,2019,Nacional,B,BLITZ FINAL NACIONAL DE AJEDREZ ESCOLAR CATEGORÍA,2019-05-31,Ministerio de Educación Pública,Escuela Las Lagunas de Pérez Zeledón,,9,9,Individual,Blitz o rápido,https://chess-results.com/tnr445085.aspx?lan=2
445090,2019,Nacional,B,BLITZ FINAL NACIONAL DE AJEDREZ ESCOLAR CATEGORÍA,2019-05-31,Ministerio de Educación Pública,Escuela Las Lagunas de Pérez Zeledón,,32,7,Individual,Blitz o rápido,https://chess-results.com/tnr445090.aspx?lan=2
445091,2019,Nacional,B,BLITZ FINAL NACIONAL DE AJEDREZ ESCOLAR CATEGORÍA,2019-05-31,Ministerio de Educación Pública,Escuela Las Lagunas de Pérez Zeledón,,37,7,Individual,Blitz o rápido,https://chess-results.com/tnr445091.aspx?lan=2
479716,2019,Internacional (CODICADER),,Juegos Deportivos Estudiantiles C.A. CODICADER Esc,2019-10-16,ICODER/FCACR,"San Jose, Costa Rica",,34,5,Individual,Clásico,https://chess-results.com/tnr479716.aspx?lan=2
479771,2019,Internacional (CODICADER),,Juegos Deportivos Estudiantiles C.A. CODICADER Esc,2019-10-16,ICODER/FCACR,"San Jose, Costa Rica",,35,5,Individual,Clásico,https://chess-results.com/tnr479771.aspx?lan=2
481523,2019,Internacional (CODICADER),,Juegos Deportivos Estudiantiles C.A. CODICADER Esc,2019-10-20,ICODER/FCACR,"San Jose, Costa Rica",,35,5,Individual,Clásico,https://chess-results.com/tnr481523.aspx?lan=2
481536,2019,Internacional (CODICADER),,Juegos Deportivos Estudiantiles C.A. CODICADER Esc,2019-10-20,ICODER/FCACR,"San Jose, Costa Rica",,34,5,Individual,Clásico,https://chess-results.com/tnr481536.aspx?lan=2
493860,2019,Otro estudiantil,,Campeonato EstudiantilPre-Escolar,2019-11-30,"EDUFI, CODEA, ADAE","Polideportivo Monserrat, Alajuela",,6,10,Individual,Clásico,https://chess-results.com/tnr493860.aspx?lan=2
493861,2019,Otro estudiantil,,Campeonato Estudiantil1er Grado,2019-11-30,"EDUFI, CODEA, ADAE","Polideportivo Monserrat, Alajuela",,6,10,Individual,Clásico,https://chess-results.com/tnr493861.aspx?lan=2
493866,2019,Otro estudiantil,,Campeonato Estudiantil2do Grado,2019-11-30,"EDUFI, CODEA, ADAE","Polideportivo Monserrat, Alajuela",,15,7,Individual,Clásico,https://chess-results.com/tnr493866.aspx?lan=2
493868,2019,Otro estudiantil,,Campeonato Estudiantil3er Grado,2019-11-30,"EDUFI, CODEA, ADAE","Polideportivo Monserrat, Alajuela",,8,7,Individual,Clásico,https://chess-results.com/tnr493868.aspx?lan=2
493870,2019,Otro estudiantil,,Campeonato Estudiantil4to Grado (229965),2019-11-30,"EDUFI, CODEA, ADAE","Polideportivo Monserrat, Alajuela",,26,7,Individual,Clásico,https://chess-results.com/tnr493870.aspx?lan=2
493871,2019,Otro estudiantil,,Campeonato Estudiantil5to Grado (229966),2019-11-30,"EDUFI, CODEA, ADAE","Polideportivo Monserrat, Alajuela",,26,7,Individual,Clásico,https://chess-results.com/tnr493871.aspx?lan=2
493872,2019,Otro estudiantil,,Campeonato Estudiantil 6to Grado (229967),2019-11-30,"EDUFI, CODEA, ADAE","Polideportivo Monserrat, Alajuela",,17,7,Individual,Clásico,https://chess-results.com/tnr493872.aspx?lan=2
493873,2019,Otro estudiantil,,Campeonato Estudiantil7mo Grado (229969),2019-11-30,"EDUFI, CODEA, ADAE","Polideportivo Monserrat, Alajuela",,17,7,Individual,Clásico,https://chess-results.com/tnr493873.aspx?lan=2
493874,2019,Otro estudiantil,,Campeonato Estudiantil 8vo Grado (229969),2019-11-30,"EDUFI, CODEA, ADAE","Polideportivo Monserrat, Alajuela",,8,7,Individual,Clásico,https://chess-results.com/tnr493874.aspx?lan=2
493875,2019,Otro estudiantil,,Campeonato Estudiantil 9no Grado (229970),2019-11-30,"EDUFI, CODEA, ADAE","Polideportivo Monserrat, Alajuela",,18,7,Individual,Clásico,https://chess-results.com/tnr493875.aspx?lan=2
493877,2019,Otro estudiantil,,Campeonato Estudiantil 10  (229971),2019-11-30,"EDUFI, CODEA, ADAE","Polideportivo Monserrat, Alajuela",,22,7,Individual,Clásico,https://chess-results.com/tnr493877.aspx?lan=2
629948,2022,Institucional o circuital,C,"Eliminatoria Estudiantil Institucional ""C"" Absolut",2022-04-19,Edwin Mora C,Liceo Laboratorio de Liberia,Liberia,7,7,Individual,Clásico,https://chess-results.com/tnr629948.aspx?lan=2
629949,2022,Institucional o circuital,C,"Eliminatoria Estudiantil Institucional ""C"" Femenin",2022-04-19,Edwin Mora C,Liceo Laboratorio de Liberia,Liberia,3,3,Individual,Clásico,https://chess-results.com/tnr629949.aspx?lan=2
629950,2022,Institucional o circuital,D,"Eliminatoria Estudiantil Institucional ""D"" Absolut",2022-04-19,Edwin Mora C,Liceo Laboratorio de Liberia,Liberia,9,6,Individual,Clásico,https://chess-results.com/tnr629950.aspx?lan=2
634194,2022,Regional,B,Fase Regional individual abs B Pococi 2022,2022-05-03,MEP,Gimnasio Esc. Anita Grande,Guápiles,5,5,Individual,Clásico,https://chess-results.com/tnr634194.aspx?lan=2
634197,2022,Regional,A,Fase Regional femenino A Pococi 2022,2022-05-03,MEP,Gimnasio Esc. Anita Grande,Guápiles,3,6,Individual,Clásico,https://chess-results.com/tnr634197.aspx?lan=2
634204,2022,Regional,A,Fase Regional Absoluto A Pococi 2022,2022-05-03,MEP,Gimnasio Esc. Anita Grande,Guápiles,4,6,Individual,Clásico,https://chess-results.com/tnr634204.aspx?lan=2
634219,2022,Regional,B,Fase Regional femenino B individual Pococi 2022,2022-05-03,MEP,Gimnasio Esc. Anita Grande,Guápiles,3,6,Individual,Clásico,https://chess-results.com/tnr634219.aspx?lan=2
641690,2022,Regional,A,JDETurrialba - ASOEDUFI A Femenino,2022-05-26,Turrialba-ASOEDUFI-Ajedrez Integral,Polideportivo Monserrat,Turrialba,3,3,Individual,Clásico,https://chess-results.com/tnr641690.aspx?lan=2
641691,2022,Regional,B,JDETurrialba - ASOEDUFI B Abierto,2022-05-26,Turrialba-ASOEDUFI-Ajedrez Integral,,Turrialba,13,5,Individual,Clásico,https://chess-results.com/tnr641691.aspx?lan=2
641692,2022,Regional,A,JDETurrialba - ASOEDUFI A Abierto (Equipos),2022-05-26,Turrialba-ASOEDUFI-Ajedrez Integral,,Turrialba,8,2,Equipos,Clásico,https://chess-results.com/tnr641692.aspx?lan=2
641693,2022,Regional,B,JDETurrialba - ASOEDUFI B Abierto (Equipos),2022-05-26,Turrialba-ASOEDUFI-Ajedrez Integral,Polideportivo Monserrat,Turrialba,8,2,Equipos,Clásico,https://chess-results.com/tnr641693.aspx?lan=2
642078,2022,Regional,C,JDETurrialba - ASOEDUFI C Abierto,2022-05-26,Turrialba-ASOEDUFI-Ajedrez Integral,Polideportivo Monserrat,Turrialba,4,3,Individual,Clásico,https://chess-results.com/tnr642078.aspx?lan=2
642080,2022,Regional,D,JDETurrialba - ASOEDUFI D Abierto,2022-05-26,Turrialba-ASOEDUFI-Ajedrez Integral,Polideportivo Monserrat,Turrialba,4,3,Individual,Clásico,https://chess-results.com/tnr642080.aspx?lan=2
642081,2022,Regional,D,JDETurrialba - ASOEDUFI D Femenino,2022-05-26,Turrialba-ASOEDUFI-Ajedrez Integral,Polideportivo Monserrat,Turrialba,4,3,Individual,Clásico,https://chess-results.com/tnr642081.aspx?lan=2
642086,2022,Regional,C,JDE Turrialba - ASOEDUFI C Abierto Equipos,2022-05-26,Regional Alajuela,Polideportivo Monserrat,Alajuela,8,4,Equipos,Clásico,https://chess-results.com/tnr642086.aspx?lan=2
642087,2022,Regional,D,JDE Turrialba - ASOEDUFI D Abierto Equipos,2022-05-26,Regional Alajuela,Polideportivo Monserrat,Alajuela,9,2,Equipos,Clásico,https://chess-results.com/tnr642087.aspx?lan=2
787132,2023,Institucional o circuital,C,Liceo Anastasio Alfaro Eliminatoria Cat C,2023-06-28,,Anastasio Alfato,,15,6,Individual,Clásico,https://chess-results.com/tnr787132.aspx?lan=2
787136,2023,Institucional o circuital,D,Liceo Anastasio Alfato Eliminatoria Cat D,2023-06-28,,Anastasio Alfato,,8,7,Individual,Clásico,https://chess-results.com/tnr787136.aspx?lan=2
822459,2023,Regional,B,JDE Regional San José Central B Abierto,2023-08-23,MEP,"Plaza Gonzalez Viquez, Salón de Ajedrez",San José Central,32,7,Individual,Clásico,https://chess-results.com/tnr822459.aspx?lan=2
822462,2023,Regional,A,JDE Regional San José Central A Abierto,2023-08-23,MEP,"Plaza Gonzalez Viquez, Salón de Ajedrez",San José Central,5,5,Individual,Clásico,https://chess-results.com/tnr822462.aspx?lan=2
822463,2023,Regional,B,JDE Regional San José Central B Femenino,2023-08-23,MEP,"Plaza Gonzalez Viquez, Salón de Ajedrez",San José Central,8,7,Individual,Clásico,https://chess-results.com/tnr822463.aspx?lan=2
822528,2023,Regional,C,JDE Regional San José Central C Abierto,2023-08-23,MEP,"Plaza Gonzalez Viquez, Salón de Ajedrez",San José Central,4,6,Individual,Clásico,https://chess-results.com/tnr822528.aspx?lan=2
822529,2023,Regional,C,JDE Regional San José Central C Femenino,2023-08-23,MEP,"Plaza Gonzalez Viquez, Salón de Ajedrez",San José Central,3,6,Individual,Clásico,https://chess-results.com/tnr822529.aspx?lan=2
822530,2023,Regional,D,JDE Regional San José Central D Abierto,2023-08-23,MEP,"Plaza Gonzalez Viquez, Salón de Ajedrez",San José Central,11,6,Individual,Clásico,https://chess-results.com/tnr822530.aspx?lan=2
822532,2023,Regional,E,JDE Regional San José Central E Abierto,2023-08-23,MEP,"Plaza Gonzalez Viquez, Salón de Ajedrez",San José Central,3,6,Individual,Clásico,https://chess-results.com/tnr822532.aspx?lan=2
814963,2023,Regional,D,JDE- Etapa Regional- Individual Femenino D,2023-09-04,Dirección Regional Occidente,Instituto Superior Julio Acosta García,Occidente,3,3,Individual,Clásico,https://chess-results.com/tnr814963.aspx?lan=2
814964,2023,Regional,D,JDE- Etapa Regional- Individual Masculino D,2023-09-04,Dirección Regional Occidente,Instituto Superior Julio Acosta García,Occidente,8,5,Individual,Clásico,https://chess-results.com/tnr814964.aspx?lan=2
814965,2023,Regional,B,JDE- Etapa Regional- Equipo Femenino B,2023-09-04,Dirección Regional Occidente,Instituto Superior Julio Acosta García,Occidente,0,1,Equipos,Clásico,https://chess-results.com/tnr814965.aspx?lan=2
814966,2023,Regional,C,JDE- Etapa Regional- Equipo Femenino C,2023-09-04,Dirección Regional Occidente,Instituto Superior Julio Acosta García,Occidente,0,1,Equipos,Clásico,https://chess-results.com/tnr814966.aspx?lan=2
814968,2023,Regional,A,JDE- Etapa Regional- Equipo Masculino A,2023-09-04,Dirección Regional Occidente,Instituto Superior Julio Acosta García,Occidente,0,0,Equipos,Clásico,https://chess-results.com/tnr814968.aspx?lan=2
814969,2023,Regional,B,JDE- Etapa Regional- Equipo Masculino B,2023-09-04,Dirección Regional Occidente,Instituto Superior Julio Acosta García,Occidente,0,0,Equipos,Clásico,https://chess-results.com/tnr814969.aspx?lan=2
814970,2023,Regional,C,JDE- Etapa Regional- Equipo Masculino C,2023-09-04,Dirección Regional Occidente,Instituto Superior Julio Acosta García,Occidente,0,3,Equipos,Clásico,https://chess-results.com/tnr814970.aspx?lan=2
814972,2023,Regional,D,JDE- Etapa Regional- Equipo Masculino D,2023-09-04,Dirección Regional Occidente,Instituto Superior Julio Acosta García,Occidente,0,3,Equipos,Clásico,https://chess-results.com/tnr814972.aspx?lan=2
815161,2023,Regional,A,JDE- Etapa Regional- Individual Femenino A,2023-09-04,Dirección Regional Occidente,Instituto Superior Julio Acosta García,Occidente,3,3,Individual,Clásico,https://chess-results.com/tnr815161.aspx?lan=2
815281,2023,Regional,B,JDE- Etapa Regional- Individual Masculino B,2023-09-04,Dirección Regional Occidente,Instituto Superior Julio Acosta García,Occidente,11,5,Individual,Clásico,https://chess-results.com/tnr815281.aspx?lan=2
815484,2023,Regional,A,JDE- Etapa Regional- Individual Masculino A,2023-09-04,Dirección Regional Occidente,Instituto Superior Julio Acosta García,Occidente,5,5,Individual,Clásico,https://chess-results.com/tnr815484.aspx?lan=2
815486,2023,Regional,A,JDE- Etapa Regional- Equipo Femenino A,2023-09-04,Dirección Regional Occidente,Instituto Superior Julio Acosta García,Occidente,0,1,Equipos,Clásico,https://chess-results.com/tnr815486.aspx?lan=2
815489,2023,Regional,B,JDE- Etapa Regional- Individual Femenino B,2023-09-04,Dirección Regional Occidente,Instituto Superior Julio Acosta García,Occidente,4,3,Individual,Clásico,https://chess-results.com/tnr815489.aspx?lan=2
812799,2023,Regional,D,Regional Coto D Abierto Equipos,2023-09-07,MEP,"CTP Umberto Melloni Campanini, San Vito",Coto,9,2,Equipos,Clásico,https://chess-results.com/tnr812799.aspx?lan=2
812803,2023,Regional,C,Regional Coto C Abierto Equipos,2023-09-07,MEP,"CTP Umberto Melloni Campanini, San Vito",Coto,8,2,Equipos,Clásico,https://chess-results.com/tnr812803.aspx?lan=2
815657,2023,Regional,E,Regional Coto E Abierto Individual,2023-09-07,MEP,"CTP Umberto Melloni Campanini, San Vito",Coto,5,5,Individual,Clásico,https://chess-results.com/tnr815657.aspx?lan=2
815658,2023,Regional,D,Regional Coto D Femenino Individual,2023-09-07,MEP,"CTP Umberto Melloni Campanini, San Vito",Coto,4,3,Individual,Clásico,https://chess-results.com/tnr815658.aspx?lan=2
815659,2023,Regional,C,Regional Coto C Femenino Individual,2023-09-07,MEP,"CTP Umberto Melloni Campanini, San Vito",Coto,2,2,Individual,Clásico,https://chess-results.com/tnr815659.aspx?lan=2
815661,2023,Regional,C,Regional Coto C Abierto Individual,2023-09-07,MEP,"CTP Umberto Melloni Campanini, San Vito",Coto,12,5,Individual,Clásico,https://chess-results.com/tnr815661.aspx?lan=2
815662,2023,Regional,D,Regional Coto D Abierto Individual,2023-09-07,MEP,"CTP Umberto Melloni Campanini, San Vito",Coto,20,5,Individual,Clásico,https://chess-results.com/tnr815662.aspx?lan=2
815638,2023,Internacional federativo,,Festival Centroamericano y del Caribe Escolar U17,2023-09-13,Federación Costarricense de Ajedrez,"Hotel Tennis Club, San José Costa Rica",,16,9,Individual,Clásico,https://chess-results.com/tnr815638.aspx?lan=2
815639,2023,Internacional federativo,,Festival Centroamericano y del Caribe Escolar U15,2023-09-13,Federación Costarricense de Ajedrez,"Hotel Tennis Club, San José Costa Rica",,19,9,Individual,Clásico,https://chess-results.com/tnr815639.aspx?lan=2
815642,2023,Internacional federativo,,Festival Centroamericano y del Caribe Escolar U11,2023-09-13,Federación Costarricense de Ajedrez,"Hotel Tennis Club, San José Costa Rica",,30,9,Individual,Clásico,https://chess-results.com/tnr815642.aspx?lan=2
815643,2023,Internacional federativo,,Festival Centroamericano y del Caribe Escolar U9,2023-09-13,Federación Costarricense de Ajedrez,"Hotel Tennis Club, San José Costa Rica",,20,9,Individual,Clásico,https://chess-results.com/tnr815643.aspx?lan=2
815644,2023,Internacional federativo,,Festival Centroamericano y del Caribe Escolar U7,2023-09-13,Federación Costarricense de Ajedrez,"Hotel Tennis Club, San José Costa Rica",,9,9,Individual,Clásico,https://chess-results.com/tnr815644.aspx?lan=2
818783,2023,Internacional federativo,,Festival Centroamericano y del Caribe Escolar U13,2023-09-13,Federación Costarricense de Ajedrez,"Hotel Tennis Club, San José Costa Rica",,21,9,Individual,Clásico,https://chess-results.com/tnr818783.aspx?lan=2
821944,2023,Regional,A,JDE Alajuela A Abierto,2023-09-21,Regional Alajuela,Polideportivo Monserrat,Alajuela,11,7,Individual,Clásico,https://chess-results.com/tnr821944.aspx?lan=2
821950,2023,Regional,A,JDE Alajuela A Femenino,2023-09-21,Regional Alajuela,Polideportivo Monserrat,Alajuela,7,7,Individual,Clásico,https://chess-results.com/tnr821950.aspx?lan=2
821951,2023,Regional,B,JDE Alajuela B Abierto,2023-09-21,Regional Alajuela,Polideportivo Monserrat,Alajuela,40,7,Individual,Clásico,https://chess-results.com/tnr821951.aspx?lan=2
821952,2023,Regional,B,JDE Alajuela B Femenino,2023-09-21,Regional Alajuela,Polideportivo Monserrat,Alajuela,17,7,Individual,Clásico,https://chess-results.com/tnr821952.aspx?lan=2
821955,2023,Regional,C,JDE Alajuela C Abierto,2023-09-21,Regional Alajuela,Polideportivo Monserrat,Alajuela,23,7,Individual,Clásico,https://chess-results.com/tnr821955.aspx?lan=2
821956,2023,Regional,C,JDE Alajuela C Femenino,2023-09-21,Regional Alajuela,Polideportivo Monserrat,Alajuela,10,7,Individual,Clásico,https://chess-results.com/tnr821956.aspx?lan=2
821957,2023,Regional,D,JDE Alajuela D Abierto,2023-09-21,Regional Alajuela,Polideportivo Monserrat,Alajuela,43,7,Individual,Clásico,https://chess-results.com/tnr821957.aspx?lan=2
821958,2023,Regional,D,JDE Alajuela D Femenino,2023-09-21,Regional Alajuela,Polideportivo Monserrat,Alajuela,24,7,Individual,Clásico,https://chess-results.com/tnr821958.aspx?lan=2
821959,2023,Regional,E,JDE Alajuela E Abierto,2023-09-21,Regional Alajuela,Polideportivo Monserrat,Alajuela,9,6,Individual,Clásico,https://chess-results.com/tnr821959.aspx?lan=2
821960,2023,Regional,E,JDE Alajuela E Femenino,2023-09-21,Regional Alajuela,Polideportivo Monserrat,Alajuela,2,2,Individual,Clásico,https://chess-results.com/tnr821960.aspx?lan=2
822225,2023,Regional,A,JDE Alajuela A Abierto Equipo,2023-09-21,Regional Alajuela,Polideportivo Monserrat,Alajuela,0,6,Equipos,Clásico,https://chess-results.com/tnr822225.aspx?lan=2
822226,2023,Regional,C,JDE Alajuela C Abierto Equipo,2023-09-21,Regional Alajuela,Polideportivo Monserrat,Alajuela,0,5,Equipos,Clásico,https://chess-results.com/tnr822226.aspx?lan=2
822227,2023,Regional,D,JDE Alajuela D Abierto Equipo,2023-09-21,Regional Alajuela,Polideportivo Monserrat,Alajuela,0,7,Equipos,Clásico,https://chess-results.com/tnr822227.aspx?lan=2
824824,2023,Regional,A,JDE Regional Turrialba Abierto A,2023-09-26,Regional Turrialba,Turrialba,Turrialba,10,5,Individual,Clásico,https://chess-results.com/tnr824824.aspx?lan=2
824829,2023,Regional,A,JDE Regional Turrialba Femenino A,2023-09-27,Regional Turrialba,Turrialba,Turrialba,6,5,Individual,Clásico,https://chess-results.com/tnr824829.aspx?lan=2
824831,2023,Regional,A,JDE Regional Turrialba Abiero A Equipo,2023-09-27,Regional Turrialba,Turrialba,Turrialba,0,3,Equipos,Clásico,https://chess-results.com/tnr824831.aspx?lan=2
824832,2023,Regional,A,JDE Regional Turrialba Femenino A Equipo,2023-09-27,Regional Turrialba,Turrialba,Turrialba,0,0,Equipos,Clásico,https://chess-results.com/tnr824832.aspx?lan=2
824836,2023,Regional,B,JDE Regional Turrialba Abierto B,2023-09-27,Regional Turrialba,Turrialba,Turrialba,7,5,Individual,Clásico,https://chess-results.com/tnr824836.aspx?lan=2
824968,2023,Regional,B,JDE Regional Turrialba Femenino B,2023-09-27,Regional Turrialba,Turrialba,Turrialba,4,3,Individual,Clásico,https://chess-results.com/tnr824968.aspx?lan=2
824971,2023,Regional,B,JDE Regional Turrialba Abierto B Equipo,2023-09-27,Regional Turrialba,Turrialba,Turrialba,0,5,Equipos,Clásico,https://chess-results.com/tnr824971.aspx?lan=2
824972,2023,Regional,B,JDE Regional Turrialba Femenino B Equipo,2023-09-27,Regional Turrialba,Turrialba,Turrialba,0,0,Equipos,Clásico,https://chess-results.com/tnr824972.aspx?lan=2
828551,2023,Interregional,Sin dato,JDE Interregional Alajuela-Occidente Femenino,2023-10-04,Dirección Regional de Educación Alajuela,Escuela Pacto del Jocote,Alajuela,4,6,Individual,Clásico,https://chess-results.com/tnr828551.aspx?lan=2
828553,2023,Interregional,C,JDE Interregional Alajuela-Occidente C Abierto,2023-10-04,Dirección Regional de Educación Alajuela,Escuela Pacto del Jocote,Alajuela,3,6,Individual,Clásico,https://chess-results.com/tnr828553.aspx?lan=2
828556,2023,Interregional,C,JDE Interregional Alajuela-Occidente C Femenino,2023-10-04,Dirección Regional de Educación Alajuela,Escuela Pacto del Jocote,Alajuela,4,6,Individual,Clásico,https://chess-results.com/tnr828556.aspx?lan=2
828559,2023,Interregional,E,JDE Interregional Alajuela-Occidente B  Femenino E,2023-10-04,Dirección Regional de Educación Alajuela,Escuela Pacto del Jocote,Alajuela,4,0,Individual,Clásico,https://chess-results.com/tnr828559.aspx?lan=2
828547,2023,Interregional,Sin dato,JDE Interregional Alajuela-Occidente,2023-10-05,Dirección Regional de Educación Alajuela,Escuela Pacto del Jocote,Alajuela,6,5,Individual,Clásico,https://chess-results.com/tnr828547.aspx?lan=2
828557,2023,Interregional,B,JDE Interregional Alajuela-Occidente B Equipos,2023-10-05,Dirección Regional de Educación Alajuela,Escuela Pacto del Jocote,Alajuela,9,2,Equipos,Clásico,https://chess-results.com/tnr828557.aspx?lan=2
828560,2023,Interregional,C,JDE Interregional Alajuela-Occidente C Equipos,2023-10-05,Dirección Regional de Educación Alajuela,Escuela Pacto del Jocote,Alajuela,13,6,Equipos,Clásico,https://chess-results.com/tnr828560.aspx?lan=2
829060,2023,Interregional,B,JDE Etapa Inter regional_Individual B Abs,2023-10-06,MEP,,,9,9,Individual,Clásico,https://chess-results.com/tnr829060.aspx?lan=2
829061,2023,Interregional,B,JDE Etapa Inter regional_Individual B Fem,2023-10-06,MEP,,,8,7,Individual,Clásico,https://chess-results.com/tnr829061.aspx?lan=2
829062,2023,Interregional,C,JDE Etapa Inter regional_Individual C Abs,2023-10-06,MEP,,,8,7,Individual,Clásico,https://chess-results.com/tnr829062.aspx?lan=2
829063,2023,Interregional,C,JDE Etapa Inter regional_Individual C Fem,2023-10-06,MEP,,,4,3,Individual,Clásico,https://chess-results.com/tnr829063.aspx?lan=2
829413,2023,Interregional,C,JDE Etapa Inter regional x Equipos C,2023-10-06,MEP,,,9,2,Equipos,Clásico,https://chess-results.com/tnr829413.aspx?lan=2
829437,2023,Interregional,B,JDE Etapa Inter regional x Equipos B,2023-10-06,MEP,,,27,5,Equipos,Clásico,https://chess-results.com/tnr829437.aspx?lan=2
831127,2023,Interregional,C,JDE Interregional X - C Abierto Equipo,2023-10-10,MEP,"CTP Guaycara, Rio Claro, Golfito",Coto,13,3,Equipos,Clásico,https://chess-results.com/tnr831127.aspx?lan=2
831128,2023,Interregional,B,JDE Interregional X - B Femenino Equipo,2023-10-10,MEP,"CTP Guaycara, Rio Claro, Golfito",Coto,8,2,Equipos,Clásico,https://chess-results.com/tnr831128.aspx?lan=2
831129,2023,Interregional,B,JDE Interregional X - B Abierto Equipo,2023-10-10,MEP,"CTP Guaycara, Rio Claro, Golfito",Coto,13,3,Equipos,Clásico,https://chess-results.com/tnr831129.aspx?lan=2
831130,2023,Interregional,B,JDE Interregional X - B Abierto Individual,2023-10-10,MEP - ASF,"CTP Guaycara, Rio Claro, Golfito",Coto,6,5,Individual,Clásico,https://chess-results.com/tnr831130.aspx?lan=2
831132,2023,Interregional,B,JDE Interregional X - B Femenino Individual,2023-10-10,MEP - ASF,"CTP Guaycara, Rio Claro, Golfito",Coto,5,5,Individual,Clásico,https://chess-results.com/tnr831132.aspx?lan=2
831145,2023,Interregional,C,JDE Interregional X - C Abierto Individual,2023-10-10,MEP - ASF,"CTP Guaycara, Rio Claro, Golfito",Coto,6,5,Individual,Clásico,https://chess-results.com/tnr831145.aspx?lan=2
831146,2023,Interregional,C,JDE Interregional X - C Femenino Individual,2023-10-10,MEP - ASF,"CTP Guaycara, Rio Claro, Golfito",Coto,6,5,Individual,Clásico,https://chess-results.com/tnr831146.aspx?lan=2
831328,2023,Interregional,C,JDE Interregional X - C Femenino Equipo,2023-10-10,MEP,"CTP Guaycara, Rio Claro, Golfito",Coto,10,2,Equipos,Clásico,https://chess-results.com/tnr831328.aspx?lan=2
832341,2023,Interregional,C,JDE Interregional Los Santos-Turialba-Cartago/ Ind,2023-10-12,Direccion Regional Los Santos,Salon Multiuso Rodeo de Tarrazu,Cartago,4,3,Individual,Clásico,https://chess-results.com/tnr832341.aspx?lan=2
832342,2023,Interregional,C,JDE Interregional Los Santos-Turialba-Cartago/ Ind,2023-10-12,Direccion Regional Los Santos,Salon Multiuso Rodeo de Tarrazu,Cartago,4,3,Individual,Clásico,https://chess-results.com/tnr832342.aspx?lan=2
832343,2023,Interregional,B,JDE Interregional Los Santos-Turialba-Cartago/ Ind,2023-10-12,Direccion Regional Los Santos,Salon Multiuso Rodeo de Tarrazu,Cartago,4,3,Individual,Clásico,https://chess-results.com/tnr832343.aspx?lan=2
832344,2023,Interregional,B,JDE Interregional Los Santos-Turialba-Cartago/ Ind,2023-10-12,Direccion Regional Los Santos,Salon Multiuso Rodeo de Tarrazu,Cartago,5,5,Individual,Clásico,https://chess-results.com/tnr832344.aspx?lan=2
832345,2023,Interregional,C,JDE Interregional Los Santos-Turialba-Cartago/ Equ,2023-10-12,Direccion Regional Los Santos,Salon Multiuso Rodeo de Tarrazu,Cartago,3,0,Individual,Clásico,https://chess-results.com/tnr832345.aspx?lan=2
832346,2023,Interregional,C,JDE Interregional Los Santos-Turialba-Cartago/ Equ,2023-10-12,Direccion Regional Los Santos,Salon Multiuso Rodeo de Tarrazu,Cartago,13,3,Individual,Clásico,https://chess-results.com/tnr832346.aspx?lan=2
832347,2023,Interregional,B,JDE Interregional Los Santos-Turialba-Cartago/ Equ,2023-10-12,Direccion Regional Los Santos,Salon Multiuso Rodeo de Tarrazu,Cartago,5,0,Individual,Clásico,https://chess-results.com/tnr832347.aspx?lan=2
832348,2023,Interregional,B,JDE Interregional Los Santos-Turialba-Cartago/ Equ,2023-10-12,Direccion Regional Los Santos,Salon Multiuso Rodeo de Tarrazu,Cartago,19,5,Individual,Clásico,https://chess-results.com/tnr832348.aspx?lan=2
834468,2023,Interregional,Sin dato,JDE Interregional Los Santos-Turialba-Cartago/ Tor,2023-10-12,Direccion Regional Los Santos,Salon Multiuso Rodeo de Tarrazu,Cartago,17,5,Individual,Clásico,https://chess-results.com/tnr834468.aspx?lan=2
834849,2023,Interregional,C,JDE ELIMINATORIA INTERREGIONAL  CATEGORIA C ABIER,2023-10-17,LLAMIN NAVARRO CASTILLO,,,6,5,Individual,Clásico,https://chess-results.com/tnr834849.aspx?lan=2
845206,2023,Nacional,B,JDE Etapa Nacional B Por Equipos Abierto,2023-11-08,Ministerio de Educacion Publica,Escuela Las Lagunas,,45,5,Equipos,Clásico,https://chess-results.com/tnr845206.aspx?lan=2
845208,2023,Nacional,B,JDE Etapa Nacional B Por Equipos Femenino,2023-11-08,Ministerio de Educacion Publica,Escuela Las Lagunas,,40,5,Equipos,Clásico,https://chess-results.com/tnr845208.aspx?lan=2
845210,2023,Nacional,B,JDE Etapa Final B Abierto Individual,2023-11-08,Ministerio de educación Pública,Las Lagunas,,12,5,Individual,Clásico,https://chess-results.com/tnr845210.aspx?lan=2
845216,2023,Nacional,B,JDE Etapa Final B Femenino Individual,2023-11-08,Ministerio de educación Pública,Las Lagunas,,11,5,Individual,Clásico,https://chess-results.com/tnr845216.aspx?lan=2
846613,2023,Nacional,B,JDE Etapa Nacional B Por Equipos Abierto (blitz),2023-11-08,Ministerio de Educacion Publica,Escuela Las Lagunas,,45,5,Equipos,Blitz o rápido,https://chess-results.com/tnr846613.aspx?lan=2
846614,2023,Nacional,B,JDE Etapa Nacional B Por Equipos Femenino (blitz),2023-11-08,Ministerio de Educacion Publica,Escuela Las Lagunas,,40,5,Equipos,Blitz o rápido,https://chess-results.com/tnr846614.aspx?lan=2
846615,2023,Nacional,B,JDE Etapa Final B Abierto Individual (blitz),2023-11-08,Ministerio de educación Pública,Las Lagunas,,12,5,Individual,Blitz o rápido,https://chess-results.com/tnr846615.aspx?lan=2
846617,2023,Nacional,B,JDE Etapa Final B Femenino Individual (blitz),2023-11-08,Ministerio de educación Pública,Las Lagunas,,10,5,Individual,Blitz o rápido,https://chess-results.com/tnr846617.aspx?lan=2
842067,2023,Nacional,C,JDE Etapa Nacional C Abierto Individual (Blitz),2023-11-09,Ministerio de Educación Publica,Plaza Gonzalez Viquez,,10,9,Individual,Blitz o rápido,https://chess-results.com/tnr842067.aspx?lan=2
842413,2023,Nacional,C,JDE Etapa Nacional C Femenino Individual (Blitz),2023-11-09,Ministerio de Educación Publica,Plaza Gonzalez Viquez,,7,7,Individual,Blitz o rápido,https://chess-results.com/tnr842413.aspx?lan=2
842418,2023,Nacional,C,JDE Etapa Nacional C Abierto Equipos (Blitz),2023-11-09,Ministerio de Educación Publica,Plaza Gonzalez Viquez,,37,7,Equipos,Blitz o rápido,https://chess-results.com/tnr842418.aspx?lan=2
842420,2023,Nacional,C,JDE Etapa Nacional C Femenino Equipos (Blitz),2023-11-09,Ministerio de Educación Publica,Plaza Gonzalez Viquez,,22,5,Equipos,Blitz o rápido,https://chess-results.com/tnr842420.aspx?lan=2
846071,2023,Nacional,C,JDE Etapa Nacional C Femenino Equipos (Clasico),2023-11-09,Ministerio de Educación Publica,Plaza Gonzalez Viquez,,22,5,Equipos,Clásico,https://chess-results.com/tnr846071.aspx?lan=2
846081,2023,Nacional,C,JDE Etapa Nacional C Abierto Equipos (Clasico),2023-11-09,Ministerio de Educación Publica,Plaza Gonzalez Viquez,,37,5,Equipos,Clásico,https://chess-results.com/tnr846081.aspx?lan=2
846084,2023,Nacional,C,JDE Etapa Nacional C Femenino Individual (Clasico),2023-11-09,Ministerio de Educación Publica,Plaza Gonzalez Viquez,,7,5,Individual,Clásico,https://chess-results.com/tnr846084.aspx?lan=2
846299,2023,Nacional,C,JDE Etapa Nacional C Abierto Individual (Clasico),2023-11-09,Ministerio de Educación Publica,Plaza Gonzalez Viquez,,10,6,Individual,Clásico,https://chess-results.com/tnr846299.aspx?lan=2
912345,2024,Regional,C,JDE Esparza Categoria C Equ Femenino,2024-03-19,MEP y FCA,Liceo Emiliano Odio Madriz,Esparza,5,1,Individual,Clásico,https://chess-results.com/tnr912345.aspx?lan=2
912347,2024,Regional,C,JDE Esparza Categoria C Equ Abierto,2024-03-19,MEP y FCA,Liceo Emiliano Odio Madriz,Esparza,13,6,Individual,Clásico,https://chess-results.com/tnr912347.aspx?lan=2
912351,2024,Regional,D,JDE Esparza Categoria D Equ Abierto,2024-03-19,MEP y FCA,Liceo Emiliano Odio Madriz,Esparza,8,0,Individual,Clásico,https://chess-results.com/tnr912351.aspx?lan=2
912352,2024,Regional,D,JDE Esparza-Categoria D Ind Fem,2024-03-19,MEP y FCA,Liceo Emiliano Odio,Esparza,7,7,Individual,Clásico,https://chess-results.com/tnr912352.aspx?lan=2
912207,2024,Regional,D,"Eliminatorias Regionales JDE ""D Individual Abierto",2024-03-20,Direccion Regional de Nicoya,"Guanacaste, Nicoya, CTP de Mansion",Nicoya,14,7,Individual,Clásico,https://chess-results.com/tnr912207.aspx?lan=2
912220,2024,Regional,D,"Eliminatorias Regionales JDE ""D Individual Femenin",2024-03-20,Direccion Regional de Nicoya,"Guanacaste, Nicoya, CTP de Mansion",Nicoya,6,5,Individual,Clásico,https://chess-results.com/tnr912220.aspx?lan=2
912229,2024,Regional,C,"Eliminatorias Regionales JDE ""C Individual Abierto",2024-03-20,Direccion Regional de Nicoya,"Guanacaste, Nicoya, CTP de Mansion",Nicoya,6,5,Individual,Clásico,https://chess-results.com/tnr912229.aspx?lan=2
912244,2024,Regional,C,"Eliminatorias Regionales JDE ""C Individual Femenin",2024-03-20,Direccion Regional de Nicoya,"Guanacaste, Nicoya, CTP de Mansion",Nicoya,6,5,Individual,Clásico,https://chess-results.com/tnr912244.aspx?lan=2
912349,2024,Regional,C,JDE Esparza- Categoria C Ind Abierto,2024-03-20,MEP y FCA,Liceo Emiliano,Esparza,14,7,Individual,Clásico,https://chess-results.com/tnr912349.aspx?lan=2
912350,2024,Regional,C,JDE Esparza- Categoria C Ind Fem,2024-03-20,MEP y FCA,Liceo Emiliano,Esparza,2,4,Individual,Clásico,https://chess-results.com/tnr912350.aspx?lan=2
912353,2024,Regional,D,JDE Esparza- Categoria D Ind Abierto,2024-03-20,MEP y FCA,Liceo Emiliano,Esparza,31,7,Individual,Clásico,https://chess-results.com/tnr912353.aspx?lan=2
912404,2024,Regional,B,"Eliminatorias Regionales JDE ""B Individual Abierto",2024-03-20,Direccion Regional de Nicoya,"Guanacaste, Nicoya, CTP de Mansion",Nicoya,7,7,Individual,Clásico,https://chess-results.com/tnr912404.aspx?lan=2
912447,2024,Regional,A,"Eliminatorias Regionales JDE ""A Individual Abierto",2024-03-20,Direccion Regional de Nicoya,"Guanacaste, Nicoya, CTP de Mansion",Nicoya,3,6,Individual,Clásico,https://chess-results.com/tnr912447.aspx?lan=2
917758,2024,Institucional o circuital,C,Circuito 02 Cartago Individual C Femenino,2024-03-31,MEP,Francisca Carrazco,Cartago,3,3,Individual,Clásico,https://chess-results.com/tnr917758.aspx?lan=2
917761,2024,Institucional o circuital,C,Circuito 02 Cartago Individual C Abierto,2024-03-31,MEP,Francisca Carrazco,Cartago,4,3,Individual,Clásico,https://chess-results.com/tnr917761.aspx?lan=2
917762,2024,Institucional o circuital,D,Circuito 02 Cartago Individual D Femenino,2024-03-31,MEP,Francisca Carrazco,Cartago,1,0,Individual,Clásico,https://chess-results.com/tnr917762.aspx?lan=2
917764,2024,Institucional o circuital,D,Circuito 02 Cartago Individual D Masculino,2024-03-31,MEP,Francisca Carrazco,Cartago,4,3,Individual,Clásico,https://chess-results.com/tnr917764.aspx?lan=2
917772,2024,Institucional o circuital,C,Circuito 02 Cartago Equipos C Masculino,2024-04-01,,Francisca Carrazco,Cartago,10,3,Equipos,Clásico,https://chess-results.com/tnr917772.aspx?lan=2
917775,2024,Institucional o circuital,D,Circuito 02 Cartago Equipos D Masculino,2024-04-01,,Francisca Carrazco,Cartago,7,2,Equipos,Clásico,https://chess-results.com/tnr917775.aspx?lan=2
917776,2024,Institucional o circuital,C,Circuito 02 Cartago Equipos C Femenino,2024-04-01,,Francisca Carrazco,Cartago,0,1,Equipos,Clásico,https://chess-results.com/tnr917776.aspx?lan=2
917777,2024,Institucional o circuital,D,Circuito 02 Cartago Equipos D Femenino,2024-04-01,,Francisca Carrazco,Cartago,0,1,Equipos,Clásico,https://chess-results.com/tnr917777.aspx?lan=2
917958,2024,Regional,B,JDE Los Santos B Individual Absoluto,2024-04-01,MEP,,Los Santos,4,0,Individual,Clásico,https://chess-results.com/tnr917958.aspx?lan=2
917963,2024,Regional,E,JDE Los Santos E individual Absoluto,2024-04-01,MEP,,Los Santos,2,0,Individual,Clásico,https://chess-results.com/tnr917963.aspx?lan=2
919336,2024,Regional,A,JDE Regional TurrialbaA Abierto Individual,2024-04-01,,,Turrialba,4,3,Individual,Clásico,https://chess-results.com/tnr919336.aspx?lan=2
919337,2024,Regional,A,JDE Regional TurrialbaA Femenino Individual,2024-04-01,,,Turrialba,8,4,Individual,Clásico,https://chess-results.com/tnr919337.aspx?lan=2
919339,2024,Regional,B,JDE Regional TurrialbaB Abierto Individual,2024-04-01,,,Turrialba,20,5,Individual,Clásico,https://chess-results.com/tnr919339.aspx?lan=2
919340,2024,Regional,B,JDE Regional TurrialbaB Femenino Individual,2024-04-01,,,Turrialba,9,4,Individual,Clásico,https://chess-results.com/tnr919340.aspx?lan=2
919342,2024,Regional,B,JDE Regional TurrialbaB Abierto Equipos,2024-04-01,,,Turrialba,0,4,Equipos,Clásico,https://chess-results.com/tnr919342.aspx?lan=2
919345,2024,Regional,A,JDE Regional TurrialbaA Abierto Equipos,2024-04-01,,,Turrialba,0,3,Equipos,Clásico,https://chess-results.com/tnr919345.aspx?lan=2
917959,2024,Regional,C,JDE Los Santos C Por equipos Absoluto,2024-04-02,MEP,Tarrazu,Los Santos,7,0,Equipos,Clásico,https://chess-results.com/tnr917959.aspx?lan=2
917960,2024,Regional,C,JDE Los Santos C Individual Absoluto,2024-04-02,MEP,Tarrazu,Los Santos,5,0,Individual,Clásico,https://chess-results.com/tnr917960.aspx?lan=2
933907,2024,Interregional,D,Eliminatoria JDE Inter regional Categoría D Femeni,2024-04-02,MEP,CTP de Puriscal,Puriscal,5,5,Individual,Clásico,https://chess-results.com/tnr933907.aspx?lan=2
933909,2024,Regional,B,JDE Inter reginal B_Absoluto,2024-04-03,MEP,CTP de Puriscal,Puriscal,11,6,Individual,Clásico,https://chess-results.com/tnr933909.aspx?lan=2
919982,2024,Regional,B,"Eliminatorias Regionales JDE ""B Equipos Abierto"" B",2024-04-05,Direccion Regional de Liberia,,Liberia,11,3,Equipos,Clásico,https://chess-results.com/tnr919982.aspx?lan=2
936592,2024,Interregional,B,"Interregional JDE, B Equipos Abierto, Esparza 2024",2024-04-08,MEP,,Esparza,9,2,Equipos,Clásico,https://chess-results.com/tnr936592.aspx?lan=2
936593,2024,Interregional,D,"Interregional JDE, D Equipos Abierto, Esparza 2024",2024-04-08,MEP,,Esparza,16,3,Equipos,Clásico,https://chess-results.com/tnr936593.aspx?lan=2
921498,2024,Regional,A,JDE Regional HerediaA Individual Absoluto,2024-04-10,Regional Heredia,Heredia Liceo Manuel Benavidez,Heredia,14,5,Individual,Clásico,https://chess-results.com/tnr921498.aspx?lan=2
921499,2024,Regional,A,JDE Regional HerediaA Individual Femenino,2024-04-10,Regional Heredia,Heredia (Liceo Manuel Benavidez),Heredia,11,5,Individual,Clásico,https://chess-results.com/tnr921499.aspx?lan=2
921503,2024,Regional,C,JDE Regional HerediaC Individual Absoluto,2024-04-10,Regional Heredia,Heredia (Liceo Manuel Benavidez),Heredia,27,5,Individual,Clásico,https://chess-results.com/tnr921503.aspx?lan=2
921504,2024,Regional,C,JDE Regional HerediaC Individual Femenino,2024-04-10,Regional Heredia,Heredia (Liceo Manuel Benavidez),Heredia,5,5,Individual,Clásico,https://chess-results.com/tnr921504.aspx?lan=2
921515,2024,Regional,C,JDE Regional HerediaC Equipos Absoluto,2024-04-10,Regional Heredia,Liceo Manuel Benavidez (Heredia),Heredia,29,7,Equipos,Clásico,https://chess-results.com/tnr921515.aspx?lan=2
921494,2024,Regional,D,JDE Regional HerediaD Individual Absoluto,2024-04-11,Regional Heredia,Heredia (Liceo Manuel Benavidez),Heredia,31,5,Individual,Clásico,https://chess-results.com/tnr921494.aspx?lan=2
921495,2024,Regional,D,JDE Regional HerediaD Individual Femenino,2024-04-11,Regional Heredia,Heredia (Liceo Manuel Benavidez),Heredia,6,5,Individual,Clásico,https://chess-results.com/tnr921495.aspx?lan=2
921501,2024,Regional,B,JDE Regional HerediaB Individual Absoluto,2024-04-11,Regional Heredia,Heredia (Liceo Manuel Benavidez),Heredia,37,5,Individual,Clásico,https://chess-results.com/tnr921501.aspx?lan=2
921502,2024,Regional,B,JDE Regional HerediaB Individual Femenino,2024-04-11,Regional Heredia,Heredia (Liceo Manuel Benavidez),Heredia,25,5,Individual,Clásico,https://chess-results.com/tnr921502.aspx?lan=2
921512,2024,Regional,B,JDE Regional HerediaB Equipos Absoluto,2024-04-11,Regional Heredia,Liceo Manuel Benavidez (Heredia),Heredia,12,6,Equipos,Clásico,https://chess-results.com/tnr921512.aspx?lan=2
921516,2024,Regional,D,JDE Regional HerediaD Equipos Absoluto,2024-04-11,Regional Heredia,Liceo Manuel Benavidez (Heredia),Heredia,25,5,Equipos,Clásico,https://chess-results.com/tnr921516.aspx?lan=2
921852,2024,Regional,A,JDE Regional Perez ZeledonA Individual Femenino,2024-04-11,Regional Perez Zeledon,,Pérez Zeledón,5,5,Individual,Clásico,https://chess-results.com/tnr921852.aspx?lan=2
921853,2024,Regional,A,JDE Regional Perez ZeledonA Individual Absoluto,2024-04-11,Regional Perez Zeledon,,Pérez Zeledón,11,5,Individual,Clásico,https://chess-results.com/tnr921853.aspx?lan=2
921854,2024,Regional,B,JDE Regional Perez ZeledonB Individual Femenino,2024-04-11,Regional Perez Zeledon,Perez Zeledon,Pérez Zeledón,20,5,Individual,Clásico,https://chess-results.com/tnr921854.aspx?lan=2
921855,2024,Regional,B,JDE Regional Perez ZeledonB Individual Absoluto,2024-04-11,Regional Perez Zeledon,,Pérez Zeledón,34,5,Individual,Clásico,https://chess-results.com/tnr921855.aspx?lan=2
921861,2024,Regional,A,JDE Regional Perez ZeledonA Equipo Absoluto,2024-04-11,Regional Perez Zeledon,,Pérez Zeledón,13,6,Equipos,Clásico,https://chess-results.com/tnr921861.aspx?lan=2
921862,2024,Regional,B,JDE Regional Perez ZeledonB Equipo Femenino,2024-04-11,Regional Perez Zeledon,,Pérez Zeledón,9,2,Equipos,Clásico,https://chess-results.com/tnr921862.aspx?lan=2
921863,2024,Regional,B,JDE Regional Perez ZeledonB Equipo Absoluto,2024-04-11,Regional Perez Zeledon,,Pérez Zeledón,9,2,Equipos,Clásico,https://chess-results.com/tnr921863.aspx?lan=2
922261,2024,Regional,E,JDE Regional Sula E Individual abs,2024-04-11,MEP,,Grande de Térraba,3,3,Individual,Clásico,https://chess-results.com/tnr922261.aspx?lan=2
922262,2024,Regional,A,JDE Regional Sula A Individual abs,2024-04-11,MEP,,Grande de Térraba,7,5,Individual,Clásico,https://chess-results.com/tnr922262.aspx?lan=2
922263,2024,Regional,A,JDE Regional Sula A Individual Fem,2024-04-11,MEP,,Grande de Térraba,3,3,Individual,Clásico,https://chess-results.com/tnr922263.aspx?lan=2
922265,2024,Regional,B,JDE Regional Sula B Individual abs,2024-04-11,MEP,,Grande de Térraba,12,5,Individual,Clásico,https://chess-results.com/tnr922265.aspx?lan=2
922266,2024,Regional,B,JDE Regional Sula B Individual Fem,2024-04-11,MEP,,Grande de Térraba,5,5,Individual,Clásico,https://chess-results.com/tnr922266.aspx?lan=2
922269,2024,Regional,C,JDE Regional Sula C Individual abs,2024-04-11,MEP,,Grande de Térraba,20,5,Individual,Clásico,https://chess-results.com/tnr922269.aspx?lan=2
922273,2024,Regional,D,JDE Regional Sula D Individual abs,2024-04-11,MEP,,Grande de Térraba,19,5,Individual,Clásico,https://chess-results.com/tnr922273.aspx?lan=2
922274,2024,Regional,D,JDE Regional Sula D Individual Fem,2024-04-11,MEP,,Grande de Térraba,6,5,Individual,Clásico,https://chess-results.com/tnr922274.aspx?lan=2
922568,2024,Regional,D,JDE DRE Guapiles equipos D abierto,2024-04-11,,,Guápiles,8,2,Equipos,Clásico,https://chess-results.com/tnr922568.aspx?lan=2
922569,2024,Regional,C,JDE DRE  Guapiles Equipos C abierto,2024-04-11,,,Guápiles,7,2,Equipos,Clásico,https://chess-results.com/tnr922569.aspx?lan=2
922610,2024,Regional,C,JDE Regional Sula C Equipos abs,2024-04-11,MEP,,Grande de Térraba,7,2,Equipos,Clásico,https://chess-results.com/tnr922610.aspx?lan=2
922239,2024,Regional,C,JDE Regional Perez ZeledonC Individual Femenino,2024-04-12,Regional Perez Zeledon,Perez Zeledon,Pérez Zeledón,10,5,Individual,Clásico,https://chess-results.com/tnr922239.aspx?lan=2
922240,2024,Regional,C,JDE Regional Perez ZeledonC Individual Absoluto,2024-04-12,Regional Perez Zeledon,Perez Zeledon,Pérez Zeledón,17,5,Individual,Clásico,https://chess-results.com/tnr922240.aspx?lan=2
922245,2024,Regional,C,JDE Regional Perez ZeledonC Equipos Femenino,2024-04-12,Regional Perez Zeledon,Perez Zeledon,Pérez Zeledón,10,2,Equipos,Clásico,https://chess-results.com/tnr922245.aspx?lan=2
922246,2024,Regional,C,JDE Regional Perez ZeledonC Equipos Absoluto,2024-04-12,Regional Perez Zeledon,Perez Zeledon,Pérez Zeledón,18,6,Equipos,Clásico,https://chess-results.com/tnr922246.aspx?lan=2
922247,2024,Regional,D,JDE Regional Perez ZeledonD Individual Femenino,2024-04-12,Regional Perez Zeledon,Perez Zeledon,Pérez Zeledón,8,7,Individual,Clásico,https://chess-results.com/tnr922247.aspx?lan=2
922248,2024,Regional,D,JDE Regional Perez ZeledonD Individual Absoluto,2024-04-12,Regional Perez Zeledon,Perez Zeledon,Pérez Zeledón,12,5,Individual,Clásico,https://chess-results.com/tnr922248.aspx?lan=2
922250,2024,Regional,D,JDE Regional Perez ZeledonD Equipos Absoluto,2024-04-12,Regional Perez Zeledon,Perez Zeledon,Pérez Zeledón,15,6,Equipos,Clásico,https://chess-results.com/tnr922250.aspx?lan=2
925034,2024,Regional,C,JDE Direccion Regional Aguirre C equipos Absoluto,2024-04-16,MEP,Quepos,Aguirre,8,2,Equipos,Clásico,https://chess-results.com/tnr925034.aspx?lan=2
925036,2024,Regional,D,JDE Direccion Regional Aguirre D Equipos Absoluto,2024-04-16,MEP,Quepos,Aguirre,8,2,Equipos,Clásico,https://chess-results.com/tnr925036.aspx?lan=2
925037,2024,Regional,D,JDE Direccion Regional Aguirre D individual Absolu,2024-04-16,MEP,Quepos,Aguirre,13,5,Individual,Clásico,https://chess-results.com/tnr925037.aspx?lan=2
925038,2024,Regional,E,JDE Direccion Regional Aguirre E individual Absolu,2024-04-16,MEP,Quepos,Aguirre,3,3,Individual,Clásico,https://chess-results.com/tnr925038.aspx?lan=2
925039,2024,Regional,C,JDE Direccion Regional Aguirre C Absoluto,2024-04-16,MEP,Quepos,Aguirre,6,5,Individual,Clásico,https://chess-results.com/tnr925039.aspx?lan=2
925040,2024,Regional,C,JDE Direccion Regional Aguirre C Fem,2024-04-16,MEP,Quepos,Aguirre,3,3,Individual,Clásico,https://chess-results.com/tnr925040.aspx?lan=2
924661,2024,Regional,A,"Eliminatorias Regionales JDE ""A Individual Abierto",2024-04-17,MEP,"Guanacaste, Santa Cruz, CTP de Guayabal",Santa Cruz,5,5,Individual,Clásico,https://chess-results.com/tnr924661.aspx?lan=2
924668,2024,Regional,B,"Eliminatorias Regionales JDE ""B Individual Femenin",2024-04-17,MEP,"Guanacaste, Santa Cruz, CTP de Guayabal",Santa Cruz,2,2,Individual,Clásico,https://chess-results.com/tnr924668.aspx?lan=2
924682,2024,Regional,B,"Eliminatorias Regionales JDE ""B Individual Abierto",2024-04-17,MEP,"Guanacaste, Santa Cruz, CTP de Guayabal",Santa Cruz,23,5,Individual,Clásico,https://chess-results.com/tnr924682.aspx?lan=2
925629,2024,Regional,B,Eliminatoria JDE San José Oeste Categoría B,2024-04-17,MEP,IEGB Yanuario Quesada,San José Oeste,41,6,Individual,Clásico,https://chess-results.com/tnr925629.aspx?lan=2
925630,2024,Regional,B,Eliminatoria JDE San José Oeste Categoría B Femeni,2024-04-17,MEP,IEGB Yanuario Quesada,San José Oeste,13,6,Individual,Clásico,https://chess-results.com/tnr925630.aspx?lan=2
925724,2024,Regional,C,"Eliminatorias Regionales JDE ""C Individual Abierto",2024-04-17,MEP,"Guanacaste, Santa Cruz, CTP de Guayabal",Santa Cruz,12,5,Individual,Clásico,https://chess-results.com/tnr925724.aspx?lan=2
925726,2024,Regional,C,"Eliminatorias Regionales JDE ""C Individual Femenin",2024-04-17,MEP,"Guanacaste, Santa Cruz, CTP de Guayabal",Santa Cruz,4,3,Individual,Clásico,https://chess-results.com/tnr925726.aspx?lan=2
925728,2024,Regional,D,"Eliminatorias Regionales JDE ""D Individual Abierto",2024-04-17,MEP,"Guanacaste, Santa Cruz, CTP de Guayabal",Santa Cruz,20,5,Individual,Clásico,https://chess-results.com/tnr925728.aspx?lan=2
919717,2024,Regional,D,"Eliminatorias Regionales JDE ""D Individual Femenin",2024-04-19,Direccion Regional de Liberia,,Liberia,5,5,Individual,Clásico,https://chess-results.com/tnr919717.aspx?lan=2
919718,2024,Regional,D,"Eliminatorias Regionales JDE ""D Individual Abierto",2024-04-19,Direccion Regional de Liberia,,Liberia,7,7,Individual,Clásico,https://chess-results.com/tnr919718.aspx?lan=2
919761,2024,Regional,D,"Eliminatorias Regionales JDE ""D Equipos Abierto"" B",2024-04-19,Direccion Regional de Liberia,,Liberia,11,3,Equipos,Clásico,https://chess-results.com/tnr919761.aspx?lan=2
919789,2024,Regional,B,"Eliminatorias Regionales JDE ""B Individual Abierto",2024-04-19,Direccion Regional de Liberia,,Liberia,11,5,Individual,Clásico,https://chess-results.com/tnr919789.aspx?lan=2
919792,2024,Regional,B,"Eliminatorias Regionales JDE ""B Individual Femenin",2024-04-19,Direccion Regional de Liberia,,Liberia,6,5,Individual,Clásico,https://chess-results.com/tnr919792.aspx?lan=2
920000,2024,Regional,B,"Eliminatorias Regionales JDE ""B Equipos Femenino""",2024-04-19,Direccion Regional de Liberia,,Liberia,6,2,Equipos,Clásico,https://chess-results.com/tnr920000.aspx?lan=2
923827,2024,Regional,D,Regional Coto D Femenino Individual,2024-04-22,MEP,,Coto,4,3,Individual,Clásico,https://chess-results.com/tnr923827.aspx?lan=2
923828,2024,Regional,D,Regional Coto D Abierto Individual,2024-04-22,MEP,,Coto,22,5,Individual,Clásico,https://chess-results.com/tnr923828.aspx?lan=2
923829,2024,Regional,C,Regional Coto C Femenino Individual,2024-04-22,MEP,,Coto,5,5,Individual,Clásico,https://chess-results.com/tnr923829.aspx?lan=2
923831,2024,Regional,C,Regional Coto C Abierto Individual,2024-04-22,MEP,,Coto,15,5,Individual,Clásico,https://chess-results.com/tnr923831.aspx?lan=2
923832,2024,Regional,Sin dato,Regional Coto Individuales,2024-04-22,MEP,,Coto,4,3,Individual,Clásico,https://chess-results.com/tnr923832.aspx?lan=2
923833,2024,Regional,E,Regional Coto E Abierto Individual,2024-04-22,MEP,,Coto,4,3,Individual,Clásico,https://chess-results.com/tnr923833.aspx?lan=2
923835,2024,Regional,D,Regional Coto D Abierto Por Equipos,2024-04-22,MEP,,Coto,13,3,Equipos,Clásico,https://chess-results.com/tnr923835.aspx?lan=2
932568,2024,Interregional,B,"Eliminatoria Interregional JDE ""B Equipos Femenino",2024-04-29,MEP,"Guanacaste, Bagaces, CTP La Fortuna de B",Bagaces,9,2,Equipos,Clásico,https://chess-results.com/tnr932568.aspx?lan=2
932595,2024,Interregional,D,"Eliminatoria Interregional JDE ""D Equipos Abierto""",2024-04-29,MEP,"Guanacaste, Bagaces, CTP La Fortuna de B",Bagaces,11,3,Equipos,Clásico,https://chess-results.com/tnr932595.aspx?lan=2
932937,2024,Interregional,B,"Eliminatoria Interregional JDE ""B Individual Absol",2024-04-29,Rodolfo Nunez,Colegio Bilingue San Ramon,Occidente,6,5,Individual,Clásico,https://chess-results.com/tnr932937.aspx?lan=2
932935,2024,Interregional,B,"Eliminatoria Interregional JDE ""B Equipo Absoluto""",2024-04-30,Rodolfo Nunez,Colegio Bilingue de San Ramon,Occidente,25,5,Equipos,Clásico,https://chess-results.com/tnr932935.aspx?lan=2
932936,2024,Interregional,B,"Eliminatoria Interregional JDE ""B Equipos Femenino",2024-04-30,Rodolfo Nunez,Colegio Bilingue de San Ramon,Occidente,12,3,Equipos,Clásico,https://chess-results.com/tnr932936.aspx?lan=2
932938,2024,Interregional,B,"Eliminatoria Interregional JDE ""B Individual Femen",2024-04-30,Rodolfo Nunez,Colegio Bilingue de San Ramon,Occidente,6,5,Individual,Clásico,https://chess-results.com/tnr932938.aspx?lan=2
932940,2024,Interregional,D,"Eliminatoria Interregional JDE ""D Equipos Absoluto",2024-04-30,Rodolfo Nunez,Colegio Bilingue de San Ramon,Occidente,27,5,Equipos,Clásico,https://chess-results.com/tnr932940.aspx?lan=2
932942,2024,Interregional,D,"Eliminatoria Interregional JDE ""D Individual Femen",2024-04-30,Rodolfo Nunez,Colegio Bilingue de San Ramon,Occidente,6,5,Individual,Clásico,https://chess-results.com/tnr932942.aspx?lan=2
932943,2024,Interregional,D,"Eliminatoria Interregional JDE ""D Equipos Femenino",2024-04-30,Rodolfo Nunez,Colegio Bilingue de San Ramon,Occidente,12,3,Equipos,Clásico,https://chess-results.com/tnr932943.aspx?lan=2
933046,2024,Interregional,B,JDE INTERREGIONAL DE AJEDREZCATEGORIA B EQUIPO ABI,2024-04-30,ESCUELA LEPANTO,ESCUELA LEPANTO,Peninsular,20,5,Equipos,Clásico,https://chess-results.com/tnr933046.aspx?lan=2
932652,2024,Interregional,B,JDE Interregional X - B Abierto Individual,2024-05-02,,"Rio Claro, Golfito",Coto,6,5,Individual,Clásico,https://chess-results.com/tnr932652.aspx?lan=2
932852,2024,Interregional,B,JDE Interregional X - B Femenino Individual,2024-05-02,,"Rio Claro, Golfito",Coto,6,5,Individual,Clásico,https://chess-results.com/tnr932852.aspx?lan=2
932853,2024,Interregional,D,JDE Interregional X - D Abierto Individual,2024-05-02,,"Rio Claro, Golfito",Coto,6,5,Individual,Clásico,https://chess-results.com/tnr932853.aspx?lan=2
932855,2024,Interregional,D,JDE Interregional X - D Femenino Individual,2024-05-02,,"Rio Claro, Golfito",Coto,6,5,Individual,Clásico,https://chess-results.com/tnr932855.aspx?lan=2
932857,2024,Interregional,B,JDE Interregional X - B Abierto Por Equipos,2024-05-02,,"Rio Claro, Golfito",Coto,17,3,Equipos,Clásico,https://chess-results.com/tnr932857.aspx?lan=2
932858,2024,Interregional,B,JDE Interregional X - B Femenino Por Equipos,2024-05-02,,"Rio Claro, Golfito",Coto,9,2,Equipos,Clásico,https://chess-results.com/tnr932858.aspx?lan=2
932859,2024,Interregional,D,JDE Interregional X - D Abierto Por Equipos,2024-05-02,,"Rio Claro, Golfito",Coto,23,5,Equipos,Clásico,https://chess-results.com/tnr932859.aspx?lan=2
932860,2024,Interregional,D,JDE Interregional X - D Femenino Por Equipos,2024-05-02,,"Rio Claro, Golfito",Coto,9,2,Equipos,Clásico,https://chess-results.com/tnr932860.aspx?lan=2
932542,2024,Interregional,B,"Eliminatoria Interregional JDE ""B Individual Abier",2024-05-03,MEP,"Guanacaste, Bagaces, CTP La Fortuna de B",Bagaces,6,5,Individual,Clásico,https://chess-results.com/tnr932542.aspx?lan=2
932550,2024,Interregional,B,"Eliminatoria Interregional JDE ""B Individual Femen",2024-05-03,MEP,"Guanacaste, Bagaces, CTP La Fortuna de B",Bagaces,4,3,Individual,Clásico,https://chess-results.com/tnr932550.aspx?lan=2
932564,2024,Interregional,B,"Eliminatoria Interregional JDE ""B Equipos Abierto""",2024-05-03,MEP,"Guanacaste, Bagaces, CTP La Fortuna de B",Bagaces,13,3,Equipos,Clásico,https://chess-results.com/tnr932564.aspx?lan=2
932577,2024,Interregional,D,"Eliminatoria Interregional JDE ""D Individual Abier",2024-05-03,MEP,"Guanacaste, Bagaces, CTP La Fortuna de B",Bagaces,4,3,Individual,Clásico,https://chess-results.com/tnr932577.aspx?lan=2
932583,2024,Interregional,D,"Eliminatoria Interregional JDE ""D Individual Femen",2024-05-03,MEP,"Guanacaste, Bagaces, CTP La Fortuna de B",Bagaces,2,2,Individual,Clásico,https://chess-results.com/tnr932583.aspx?lan=2
936588,2024,Interregional,B,"Interregional JDE, B Individual Abierto, Esparza 2",2024-05-07,MEP,Escuela la Riviera,Esparza,6,5,Individual,Clásico,https://chess-results.com/tnr936588.aspx?lan=2
936589,2024,Interregional,B,"Interregional JDE, B Individual Femenino, Esparza",2024-05-07,MEP,Escuela la Riviera,Esparza,2,2,Individual,Clásico,https://chess-results.com/tnr936589.aspx?lan=2
936590,2024,Interregional,D,"Interregional JDE, D Individual Abierto, Esparza 2",2024-05-07,MEP,Escuela la Riviera,Esparza,6,5,Individual,Clásico,https://chess-results.com/tnr936590.aspx?lan=2
936591,2024,Interregional,D,"Interregional JDE, D Individual Femenino, Esparza",2024-05-07,MEP,Escuela la Riviera,Esparza,4,3,Individual,Clásico,https://chess-results.com/tnr936591.aspx?lan=2
940317,2024,Interregional,B,Interregional JDE Cartago- B Equipos Abierto 2024,2024-05-15,MEP,Ciudad de los niños,Cartago,23,5,Equipos,Clásico,https://chess-results.com/tnr940317.aspx?lan=2
940319,2024,Interregional,B,Interregional JDE Cartago- B Equipos Femenino 2024,2024-05-15,MEP,Ciudad de los niños,Cartago,13,3,Equipos,Clásico,https://chess-results.com/tnr940319.aspx?lan=2
940320,2024,Interregional,B,Interregional JDE Cartago- B Individual Abierto 20,2024-05-15,MEP,Ciudad de los niños,Cartago,6,5,Individual,Clásico,https://chess-results.com/tnr940320.aspx?lan=2
940322,2024,Interregional,B,Interregional JDE Cartago- B Individual Femenino 2,2024-05-15,MEP,Ciudad de los niños,Cartago,6,5,Individual,Clásico,https://chess-results.com/tnr940322.aspx?lan=2
940323,2024,Interregional,D,Interregional JDE Cartago- D Equipos Abierto 2024,2024-05-15,MEP,Ciudad de los niños,Cartago,29,5,Equipos,Clásico,https://chess-results.com/tnr940323.aspx?lan=2
940324,2024,Interregional,D,Interregional JDE Cartago- D Equipos Femenino 2024,2024-05-15,MEP,Ciudad de los niños,Cartago,13,3,Equipos,Clásico,https://chess-results.com/tnr940324.aspx?lan=2
940325,2024,Interregional,D,Interregional JDE Cartago- D Individual Abierto 20,2024-05-15,MEP,Ciudad de los niños,Cartago,6,5,Individual,Clásico,https://chess-results.com/tnr940325.aspx?lan=2
940326,2024,Interregional,D,Interregional JDE Cartago- D Individual Femenino 2,2024-05-15,MEP,Ciudad de los niños,Cartago,6,5,Individual,Clásico,https://chess-results.com/tnr940326.aspx?lan=2
945211,2024,Nacional,D,Final Juegos EstudiantilesD Individual Femenino,2024-05-27,Sarapiqui - FCACR  - MEP,Sarapiqui,,11,5,Individual,Clásico,https://chess-results.com/tnr945211.aspx?lan=2
945212,2024,Nacional,D,Final Juegos EstudiantilesD Individual Abierto,2024-05-27,Sarapiqui - FCACR  - MEP,Sarapiqui,,11,5,Individual,Clásico,https://chess-results.com/tnr945212.aspx?lan=2
945217,2024,Nacional,D,Final Juegos EstudiantilesD Equipos Abierto,2024-05-27,Sarapiqui - FCACR  - MEP,Sarapiqui,,52,5,Equipos,Clásico,https://chess-results.com/tnr945217.aspx?lan=2
945220,2024,Nacional,D,Final Juegos EstudiantilesD Equipos Femenino,2024-05-27,Sarapiqui - FCACR  - MEP,Sarapiqui,,35,5,Equipos,Clásico,https://chess-results.com/tnr945220.aspx?lan=2
948410,2024,Nacional,D,Final Juegos EstudiantilesD Equipos Femenino Blitz,2024-05-27,Sarapiqui - FCACR  - MEP,Sarapiqui,,35,5,Equipos,Blitz o rápido,https://chess-results.com/tnr948410.aspx?lan=2
948411,2024,Nacional,D,Final Juegos EstudiantilesD Equipos Abierto BLITZ,2024-05-27,Sarapiqui - FCACR  - MEP,Sarapiqui,,52,5,Equipos,Blitz o rápido,https://chess-results.com/tnr948411.aspx?lan=2
948412,2024,Nacional,D,Final Juegos EstudiantilesD Individual Femenino Bl,2024-05-27,Sarapiqui - FCACR  - MEP,Sarapiqui,,11,5,Individual,Clásico,https://chess-results.com/tnr948412.aspx?lan=2
948413,2024,Nacional,D,Final Juegos EstudiantilesD Individual Abierto BLI,2024-05-27,Sarapiqui - FCACR  - MEP,Sarapiqui,,11,5,Individual,Clásico,https://chess-results.com/tnr948413.aspx?lan=2
949242,2024,Nacional,B,JDE Etapa Final B Femenino Individual - Lepanto,2024-05-29,Dirección Regional de Lepanto,Escuela Lepanto,,12,5,Individual,Clásico,https://chess-results.com/tnr949242.aspx?lan=2
949279,2024,Nacional,B,JDE Etapa Final B Femenino Equipo - Lepanto,2024-05-29,Dirección Regional de Lepanto,Escuela Lepanto,,34,5,Equipos,Clásico,https://chess-results.com/tnr949279.aspx?lan=2
949284,2024,Nacional,B,JDE Etapa Final B Equipo Absoluto - Lepanto,2024-05-29,Dirección Regional de Lepanto,Escuela Lepanto,,56,5,Equipos,Clásico,https://chess-results.com/tnr949284.aspx?lan=2
949294,2024,Nacional,B,JDE Etapa Final B Absoluto Individual - Lepanto,2024-05-29,Dirección Regional de Lepanto,Escuela Lepanto,,12,5,Individual,Clásico,https://chess-results.com/tnr949294.aspx?lan=2
949857,2024,Nacional,B,JDE Etapa Final B Femenino Individual Blitz - Lepa,2024-05-31,Dirección Regional de Lepanto,Escuela Lepanto,,12,5,Individual,Blitz o rápido,https://chess-results.com/tnr949857.aspx?lan=2
949858,2024,Nacional,B,JDE Etapa Final B Absoluto Individual Blitz - Lepa,2024-05-31,Dirección Regional de Lepanto,Escuela Lepanto,,12,5,Individual,Blitz o rápido,https://chess-results.com/tnr949858.aspx?lan=2
949860,2024,Nacional,B,JDE Etapa Final B Femenino Equipo Blitz - Lepanto,2024-05-31,Dirección Regional de Lepanto,Escuela Lepanto,,34,5,Equipos,Blitz o rápido,https://chess-results.com/tnr949860.aspx?lan=2
949864,2024,Nacional,B,JDE Etapa Final B Equipo Absoluto Blitz - Lepanto,2024-05-31,Dirección Regional de Lepanto,Escuela Lepanto,,56,5,Equipos,Blitz o rápido,https://chess-results.com/tnr949864.aspx?lan=2
1127279,2025,Institucional o circuital,C,Eliminatoria  Institucional Liceo Sinaí Categoria,2025-02-26,,"Liceo Sinaí, Pérez Zeledón",Pérez Zeledón,22,5,Individual,Clásico,https://chess-results.com/tnr1127279.aspx?lan=2
1127281,2025,Institucional o circuital,D,Eliminatoria  Institucional Liceo Sinaí Categoria,2025-02-26,,"Liceo Sinaí, Pérez Zeledón",Pérez Zeledón,14,5,Individual,Clásico,https://chess-results.com/tnr1127281.aspx?lan=2
1131890,2025,Institucional o circuital,B,intercircuital Golfito Categoria B abierto,2025-03-06,MEP,"Golfito, Escuela Alvaró París",Coto,21,5,Individual,Clásico,https://chess-results.com/tnr1131890.aspx?lan=2
1131891,2025,Institucional o circuital,A,JDE Intercircuital San Vito Individual Absoluto A,2025-03-06,,,Coto,16,5,Individual,Clásico,https://chess-results.com/tnr1131891.aspx?lan=2
1131920,2025,Institucional o circuital,A,JDE Intercircuital San Vito Individual Femenino A,2025-03-06,,,Coto,8,5,Individual,Clásico,https://chess-results.com/tnr1131920.aspx?lan=2
1131921,2025,Institucional o circuital,B,JDE Intercircuital San Vito Individual Femenino B,2025-03-06,,,Coto,19,5,Individual,Clásico,https://chess-results.com/tnr1131921.aspx?lan=2
1131922,2025,Institucional o circuital,B,JDE Intercircuital San Vito Individual Absoluto B,2025-03-06,,,Coto,32,5,Individual,Clásico,https://chess-results.com/tnr1131922.aspx?lan=2
1131923,2025,Institucional o circuital,C,JDE Intercircuital San Vito Individual Absoluto C,2025-03-06,,,Coto,19,5,Individual,Clásico,https://chess-results.com/tnr1131923.aspx?lan=2
1131924,2025,Institucional o circuital,D,JDE Intercircuital San Vito Individual Absoluto D,2025-03-06,,,Coto,10,5,Individual,Clásico,https://chess-results.com/tnr1131924.aspx?lan=2
1131925,2025,Institucional o circuital,E,JDE Intercircuital San Vito Individual Absoluto E,2025-03-06,,,Coto,3,3,Individual,Clásico,https://chess-results.com/tnr1131925.aspx?lan=2
1131927,2025,Institucional o circuital,B,JDE Intercircuital San Vito Por Equipos Absoluto B,2025-03-06,,,Coto,9,2,Equipos,Clásico,https://chess-results.com/tnr1131927.aspx?lan=2
1131934,2025,Institucional o circuital,B,escolar intercircuital Golfito Categoria B femenin,2025-03-06,MEP,Golfito,Coto,9,5,Individual,Clásico,https://chess-results.com/tnr1131934.aspx?lan=2
1131949,2025,Institucional o circuital,C,JDE Intercircuital San Vito Individual Femenino C,2025-03-06,,,Coto,3,3,Individual,Clásico,https://chess-results.com/tnr1131949.aspx?lan=2
1133860,2025,Regional,C,JDE Categoría C Abierto Colegio Diocesano,2025-03-07,Departamento de Educación Física,Colegio Diocesano Ciudad Quesada,,9,5,Individual,Clásico,https://chess-results.com/tnr1133860.aspx?lan=2
1135774,2025,Regional,B,Juegos Deportivos Estudiantiles Regional Aguirre I,2025-03-11,Federación Costarricense de Ajedrez,,Aguirre,21,5,Individual,Clásico,https://chess-results.com/tnr1135774.aspx?lan=2
1135775,2025,Regional,A,Juegos Deportivos Estudiantiles Regional Aguirre A,2025-03-11,Federación Costarricense de Ajedrez,,Aguirre,9,5,Individual,Clásico,https://chess-results.com/tnr1135775.aspx?lan=2
1135776,2025,Regional,A,Juegos Deportivos Estudiantiles Regional Aguirre A,2025-03-11,Federación Costarricense de Ajedrez,,Aguirre,12,5,Individual,Clásico,https://chess-results.com/tnr1135776.aspx?lan=2
1135777,2025,Regional,A,Juegos Deportivos Estudiantiles Regional Aguirre A,2025-03-11,Federación Costarricense de Ajedrez,,Aguirre,3,3,Individual,Clásico,https://chess-results.com/tnr1135777.aspx?lan=2
1135778,2025,Regional,A,Juegos Deportivos Estudiantiles Regional Aguirre A,2025-03-11,Federación Costarricense de Ajedrez,,Aguirre,9,2,Individual,Clásico,https://chess-results.com/tnr1135778.aspx?lan=2
1135780,2025,Regional,C,Juegos Deportivos Estudiantiles Regional Aguirre F,2025-03-11,Federación Costarricense de Ajedrez,,Aguirre,6,5,Individual,Clásico,https://chess-results.com/tnr1135780.aspx?lan=2
1135781,2025,Regional,D,Juegos Deportivos Estudiantiles Regional Aguirre F,2025-03-11,Federación Costarricense de Ajedrez,,Aguirre,6,5,Individual,Clásico,https://chess-results.com/tnr1135781.aspx?lan=2
1136299,2025,Regional,C,JDE Regional Golfito Categoria C,2025-03-11,MEP,Golfito,Coto,8,5,Individual,Clásico,https://chess-results.com/tnr1136299.aspx?lan=2
1136301,2025,Regional,C,JDE Golfito regional Categoria C por equipos,2025-03-11,MEP,Golfito,Coto,16,3,Equipos,Clásico,https://chess-results.com/tnr1136301.aspx?lan=2
1137471,2025,Regional,C,JDE Golfito Categoria C femenino,2025-03-11,MEP,Golfito,Coto,7,5,Individual,Clásico,https://chess-results.com/tnr1137471.aspx?lan=2
1136313,2025,Regional,D,JDE Golfito Regional Categoria D por equipo,2025-03-12,,,Coto,11,3,Equipos,Clásico,https://chess-results.com/tnr1136313.aspx?lan=2
1136330,2025,Regional,D,JDE Golfito Regional Categoria D Abierto,2025-03-12,,Golfito,Coto,8,5,Individual,Clásico,https://chess-results.com/tnr1136330.aspx?lan=2
1140010,2025,Regional,B,JDE Regional Desamparados Equipos Absoluto B,2025-03-17,Regional Desamparados,Escuela Republica de Honduras,Desamparados,21,5,Equipos,Clásico,https://chess-results.com/tnr1140010.aspx?lan=2
1140011,2025,Regional,B,JDE Regional Desamparados Individual Absoluto B,2025-03-17,Regional Desamparados,Escuela Republica de Honduras,Desamparados,22,5,Individual,Clásico,https://chess-results.com/tnr1140011.aspx?lan=2
1140012,2025,Regional,B,JDE Regional Desamparados Individual Femenino B,2025-03-17,Regional Desamparados,Escuela Republica de Honduras,Desamparados,5,5,Individual,Clásico,https://chess-results.com/tnr1140012.aspx?lan=2
1140014,2025,Regional,A,JDE Regional Desamparados Individual Absoluto A,2025-03-17,Regional Desamparados,Escuela Republica de Honduras,Desamparados,9,5,Individual,Clásico,https://chess-results.com/tnr1140014.aspx?lan=2
1140021,2025,Regional,C,"Ajedrez Estudiantil Femenino Categoria C, 2025 Gua",2025-03-17,,,,3,3,Individual,Clásico,https://chess-results.com/tnr1140021.aspx?lan=2
1140024,2025,Regional,C,Absoluto estudiantiles 2025 categoria C Guapiles,2025-03-17,DRE Guapiles,,Guápiles,14,5,Individual,Clásico,https://chess-results.com/tnr1140024.aspx?lan=2
1140019,2025,Regional,D,Ajedrez estudiantil categoria D femenino,2025-03-18,Direccion Regional Educacion Guapiles,,Guápiles,2,2,Individual,Clásico,https://chess-results.com/tnr1140019.aspx?lan=2
1140022,2025,Regional,E,Estudiantiles Guapiles 2025 Categoria E absoluto,2025-03-18,,,Guápiles,2,2,Individual,Clásico,https://chess-results.com/tnr1140022.aspx?lan=2
1140153,2025,Institucional o circuital,A,"Eliminatoria Regional Circuito 03 JDE ""Categoría A",2025-03-18,MEP / FCACR,"Guanacaste, Bagaces, CTP Fortuna",Bagaces,2,2,Individual,Clásico,https://chess-results.com/tnr1140153.aspx?lan=2
1140154,2025,Institucional o circuital,A,"Eliminatoria Regional Circuito 03 JDE ""Categoría A",2025-03-18,MEP / FCACR,"Guanacaste, Bagaces, CTP Fortuna",Bagaces,7,5,Individual,Clásico,https://chess-results.com/tnr1140154.aspx?lan=2
1140175,2025,Institucional o circuital,B,"Eliminatoria Regional Circuito 03 JDE ""Categoria B",2025-03-18,MEP / FCACR,"Guanacaste, Bagaces, CTP Fortuna",Bagaces,20,5,Individual,Clásico,https://chess-results.com/tnr1140175.aspx?lan=2
1140287,2025,Institucional o circuital,B,"Eliminatoria Regional Circuito 03 JDE ""Categoría B",2025-03-18,MEP / FCACR,"Guanacaste, Bagaces, CTP Fortuna",Bagaces,11,5,Individual,Clásico,https://chess-results.com/tnr1140287.aspx?lan=2
1140295,2025,Institucional o circuital,B,"Eliminatoria Regional Circuito 03 JDE ""Categoría B",2025-03-18,MEP / FCACR,"Guanacaste, Bagaces, CTP Fortuna",Bagaces,8,2,Individual,Clásico,https://chess-results.com/tnr1140295.aspx?lan=2
1140327,2025,Regional,A,Eliminatoria Regional Juegos Deportivos Estudianti,2025-03-18,CBSR- ARAJA,,Occidente,15,5,Individual,Clásico,https://chess-results.com/tnr1140327.aspx?lan=2
1140328,2025,Regional,A,Eliminatoria Regional Juegos Deportivos Estudianti,2025-03-18,CBSR- ARAJA,,Occidente,3,3,Individual,Clásico,https://chess-results.com/tnr1140328.aspx?lan=2
1140329,2025,Regional,B,Eliminatoria Regional Juegos Deportivos Estudianti,2025-03-18,CBSR- ARAJA,,Occidente,36,5,Individual,Clásico,https://chess-results.com/tnr1140329.aspx?lan=2
1140330,2025,Regional,B,Eliminatoria Regional Juegos Deportivos Estudianti,2025-03-18,CBSR- ARAJA,,Occidente,9,4,Individual,Clásico,https://chess-results.com/tnr1140330.aspx?lan=2
1140342,2025,Regional,A,Eliminatoria Regional Juegos Deportivos Estudianti,2025-03-18,CBSR- ARAJA,,Occidente,16,3,Individual,Clásico,https://chess-results.com/tnr1140342.aspx?lan=2
1140354,2025,Regional,B,Eliminatoria Regional Juegos Deportivos Estudianti,2025-03-18,CBSR- ARAJA,,Occidente,26,5,Individual,Clásico,https://chess-results.com/tnr1140354.aspx?lan=2
1140356,2025,Regional,B,Eliminatoria Regional Juegos Deportivos Estudianti,2025-03-18,CBSR- ARAJA,,Occidente,12,3,Individual,Clásico,https://chess-results.com/tnr1140356.aspx?lan=2
1140471,2025,Regional,E,Eliminatoria Regional Juegos Deportivos Estudianti,2025-03-18,CBSR- ARAJA,,Occidente,4,3,Individual,Clásico,https://chess-results.com/tnr1140471.aspx?lan=2
1140473,2025,Regional,C,Eliminatoria Regional Juegos Deportivos Estudianti,2025-03-18,CBSR- ARAJA,,Occidente,14,5,Individual,Clásico,https://chess-results.com/tnr1140473.aspx?lan=2
1140474,2025,Regional,D,Eliminatoria Regional Juegos Deportivos Estudianti,2025-03-18,CBSR- ARAJA,,Occidente,12,5,Individual,Clásico,https://chess-results.com/tnr1140474.aspx?lan=2
1140477,2025,Regional,C,Eliminatoria Regional Juegos Deportivos Estudianti,2025-03-18,CBSR- ARAJA,,Occidente,10,4,Individual,Clásico,https://chess-results.com/tnr1140477.aspx?lan=2
1140478,2025,Regional,D,Eliminatoria Regional Juegos Deportivos Estudianti,2025-03-18,CBSR- ARAJA,,Occidente,2,2,Individual,Clásico,https://chess-results.com/tnr1140478.aspx?lan=2
1140498,2025,Regional,C,Eliminatoria Regional Juegos Deportivos Estudianti,2025-03-18,CBSR- ARAJA,,Occidente,28,5,Individual,Clásico,https://chess-results.com/tnr1140498.aspx?lan=2
1140549,2025,Regional,D,Eliminatoria Regional Juegos Deportivos Estudianti,2025-03-18,CBSR- ARAJA,,Occidente,29,5,Individual,Clásico,https://chess-results.com/tnr1140549.aspx?lan=2
1140197,2025,Institucional o circuital,C,"Eliminatoria Regional Circuito 03 JDE ""Categoria C",2025-03-19,MEP / FCACR,"Guancaste, Bagaces, CTP Fortuna",Bagaces,12,5,Individual,Clásico,https://chess-results.com/tnr1140197.aspx?lan=2
1140688,2025,Institucional o circuital,C,"Eliminatoria Regional Circuito 03 JDE ""Categoria C",2025-03-19,MEP / FCACR,"Guanacaste, Bagaces, CTP Fortuna",Bagaces,4,3,Individual,Clásico,https://chess-results.com/tnr1140688.aspx?lan=2
1140695,2025,Institucional o circuital,C,"Eliminatoria Regional Circuito 03 JDE ""Categoria C",2025-03-19,MEP / FCACR,"Guanacaste, Bagaces, CTP Fortuna",Bagaces,10,6,Individual,Clásico,https://chess-results.com/tnr1140695.aspx?lan=2
1140773,2025,Institucional o circuital,D,"Eliminatoria Regional Circuito 03 JDE ""Categoria D",2025-03-19,MEP / FCACR,"Guanacaste, Bagaces, CTP Fortuna",Bagaces,13,5,Individual,Clásico,https://chess-results.com/tnr1140773.aspx?lan=2
1140780,2025,Institucional o circuital,D,"Eliminatoria Regional Circuito 03 JDE ""Categoria",2025-03-19,MEP / FCACR,"Guanacaste, Bagaces, CTP Fortuna",Bagaces,4,3,Individual,Clásico,https://chess-results.com/tnr1140780.aspx?lan=2
1140783,2025,Institucional o circuital,D,"Eliminatoria Regional Circuito 03 JDE ""Categoria D",2025-03-19,MEP / FCACR,"Guanacaste, Bagaces, CTP Fortuna",Bagaces,7,2,Individual,Clásico,https://chess-results.com/tnr1140783.aspx?lan=2
1140789,2025,Institucional o circuital,E,"Eliminatoria Regional Circuito 03 JDE ""Categoria E",2025-03-19,MEP / FCACR,"Guanacaste, Bagace, CTP Fortuna",,2,2,Individual,Clásico,https://chess-results.com/tnr1140789.aspx?lan=2
1142313,2025,Regional,A,Juegos Deportivos Estudiantiles Regional Sula Indi,2025-03-20,Federacion Costarricense de Ajedrez,,Grande de Térraba,15,5,Individual,Clásico,https://chess-results.com/tnr1142313.aspx?lan=2
1142324,2025,Regional,B,Juegos Deportivos Estudiantiles Regional Sula Indi,2025-03-20,Federacion Costarricense de Ajedrez,,Grande de Térraba,36,5,Individual,Clásico,https://chess-results.com/tnr1142324.aspx?lan=2
1142328,2025,Regional,B,Juegos Deportivos Estudiantiles Regional Sula Indi,2025-03-20,Federacion Costarricense de Ajedrez,,Grande de Térraba,20,5,Individual,Clásico,https://chess-results.com/tnr1142328.aspx?lan=2
1142329,2025,Regional,C,Juegos Deportivos Estudiantiles Regional Sula Indi,2025-03-20,Federacion Costarricense de Ajedrez,,Grande de Térraba,7,5,Individual,Clásico,https://chess-results.com/tnr1142329.aspx?lan=2
1142330,2025,Regional,C,Juegos Deportivos Estudiantiles Regional Sula Indi,2025-03-20,Federacion Costarricense de Ajedrez,,Grande de Térraba,20,5,Individual,Clásico,https://chess-results.com/tnr1142330.aspx?lan=2
1142331,2025,Regional,D,Juegos Deportivos Estudiantiles Regional Sula Indi,2025-03-20,Federacion Costarricense de Ajedrez,,Grande de Térraba,30,5,Individual,Clásico,https://chess-results.com/tnr1142331.aspx?lan=2
1142397,2025,Regional,A,Juegos Deportivos Estudiantiles Regional Sula Indi,2025-03-20,Federacion Costarricense de Ajedrez,,Grande de Térraba,6,5,Individual,Clásico,https://chess-results.com/tnr1142397.aspx?lan=2
1142418,2025,Regional,D,Juegos Deportivos Estudiantiles Regional Sula Indi,2025-03-20,Federacion Costarricense de Ajedrez,,Grande de Térraba,7,5,Individual,Clásico,https://chess-results.com/tnr1142418.aspx?lan=2
1142421,2025,Regional,E,Juegos Deportivos Estudiantiles Regional Sula Indi,2025-03-20,Federacion Costarricense de Ajedrez,,Grande de Térraba,5,5,Individual,Clásico,https://chess-results.com/tnr1142421.aspx?lan=2
1148515,2025,Regional,A,Juegos Deportivos Estudiantiles Turrialba Individu,2025-03-30,FCA,,Turrialba,4,3,Individual,Clásico,https://chess-results.com/tnr1148515.aspx?lan=2
1148516,2025,Regional,A,Juegos Deportivos Estudiantiles Turrialba Individu,2025-03-30,FCA,,Turrialba,4,3,Individual,Clásico,https://chess-results.com/tnr1148516.aspx?lan=2
1148517,2025,Regional,B,Juegos Deportivos Estudiantiles Turrialba Individu,2025-03-30,FCA,,Turrialba,18,5,Individual,Clásico,https://chess-results.com/tnr1148517.aspx?lan=2
1148518,2025,Regional,B,Juegos Deportivos Estudiantiles Turrialba Individu,2025-03-30,FCA,,Turrialba,13,5,Individual,Clásico,https://chess-results.com/tnr1148518.aspx?lan=2
1148519,2025,Regional,B,Juegos Deportivos Estudiantiles Turrialba Por Equi,2025-03-30,FCA,,Turrialba,0,3,Equipos,Clásico,https://chess-results.com/tnr1148519.aspx?lan=2
1148520,2025,Regional,C,Juegos Deportivos Estudiantiles Turrialba Individu,2025-03-30,FCA,,Turrialba,13,5,Individual,Clásico,https://chess-results.com/tnr1148520.aspx?lan=2
1148522,2025,Regional,C,Juegos Deportivos Estudiantiles Turrialba Por Equi,2025-03-30,FCA,,Turrialba,0,1,Equipos,Clásico,https://chess-results.com/tnr1148522.aspx?lan=2
1148523,2025,Regional,D,Juegos Deportivos Estudiantiles Turrialba Individu,2025-03-30,FCA,,Turrialba,9,5,Individual,Clásico,https://chess-results.com/tnr1148523.aspx?lan=2
1148525,2025,Regional,D,Juegos Deportivos Estudiantiles Turrialba Individu,2025-03-30,FCA,,Turrialba,5,5,Individual,Clásico,https://chess-results.com/tnr1148525.aspx?lan=2
1148526,2025,Regional,D,Juegos Deportivos Estudiantiles Turrialba Por Equi,2025-03-30,FCA,,Turrialba,0,5,Equipos,Clásico,https://chess-results.com/tnr1148526.aspx?lan=2
1148836,2025,Regional,B,"Categoría B Individual Abierto, Eliminnatoria JDE",2025-03-31,Dirección Regional de San Carlos,Escuela Carmen Lyra San Carlos,San Carlos,14,5,Individual,Clásico,https://chess-results.com/tnr1148836.aspx?lan=2
1148838,2025,Regional,A,"Categoría A Individual Femenina, Eliminatoria JDE",2025-03-31,Dirección Regional de San Carlos,Escuela Carmen Lyra San Carlos,San Carlos,5,5,Individual,Clásico,https://chess-results.com/tnr1148838.aspx?lan=2
1148839,2025,Regional,B,"Categoría B Individual Femenino, Eliminatoria Regi",2025-03-31,Dirección Regional de San Carlos,Escuela Carmen Lyra,San Carlos,4,3,Individual,Clásico,https://chess-results.com/tnr1148839.aspx?lan=2
1148840,2025,Regional,A,"Categoría A Individual Abierto, Eliminatoria JDE S",2025-03-31,Dirección Regional de San Carlos,Escuela Carmen Lyra San Carlos,San Carlos,6,5,Individual,Clásico,https://chess-results.com/tnr1148840.aspx?lan=2
1149252,2025,Regional,D,"Categoría D Individual Abierto, Eliminatoria Regio",2025-04-01,Dirección Regional de San Carlos,"Escuela Carmen Lyra, San Carlos",San Carlos,13,5,Individual,Clásico,https://chess-results.com/tnr1149252.aspx?lan=2
1149254,2025,Regional,D,"Categoría D Individual Femenino, Eliminatoria Regi",2025-04-01,Dirección Regional de San Carlos,"Escuela Carmen Lyra, San Carlos",San Carlos,7,7,Individual,Clásico,https://chess-results.com/tnr1149254.aspx?lan=2
1149257,2025,Regional,D,"Categoría D Equipo Abierto, Eliminatoria Regional",2025-04-01,Dirección Regional de San Carlos,"Escuela Carmen Lyra, San Carlos",San Carlos,0,5,Equipos,Clásico,https://chess-results.com/tnr1149257.aspx?lan=2
1149262,2025,Regional,C,"Categoría C Individual Abierto, Eliminatoria Regio",2025-04-01,Dirección Regional de San Carlos,"Escuela Carmen Lyra, San Carlos",San Carlos,10,5,Individual,Clásico,https://chess-results.com/tnr1149262.aspx?lan=2
1149263,2025,Regional,B,"Eliminatoria JDE Regional Nicoya 2025 ""B Individua",2025-04-01,,CTP Mansión,Nicoya,10,5,Individual,Clásico,https://chess-results.com/tnr1149263.aspx?lan=2
1149264,2025,Regional,C,"Eliminatoria JDE Regional Nicoya 2025 ""C Individua",2025-04-01,,CTP Mansión,Nicoya,10,5,Individual,Clásico,https://chess-results.com/tnr1149264.aspx?lan=2
1149265,2025,Regional,C,"Eliminatoria JDE Regional Nicoya 2025 ""C Individua",2025-04-01,,CTP Mansión,Nicoya,0,0,Individual,Clásico,https://chess-results.com/tnr1149265.aspx?lan=2
1149266,2025,Regional,C,"Categoría C Individual Femenino, Eliminatoria Regi",2025-04-01,Dirección Regional de San Carlos,"Escuela Carmen Lyra, San Carlos",San Carlos,4,3,Individual,Clásico,https://chess-results.com/tnr1149266.aspx?lan=2
1149267,2025,Regional,D,"Eliminatoria JDE Regional Nicoya 2025 ""D Individua",2025-04-01,,CTP Mansión,Nicoya,24,5,Individual,Clásico,https://chess-results.com/tnr1149267.aspx?lan=2
1149268,2025,Regional,D,"Eliminatoria JDE Regional Nicoya 2025 ""D Individua",2025-04-01,,CTP Mansión,Nicoya,3,3,Individual,Clásico,https://chess-results.com/tnr1149268.aspx?lan=2
1149269,2025,Regional,D,"Eliminatoria JDE Regional Nicoya 2025 ""D Equipo Ab",2025-04-01,,CTP Mansión,Nicoya,8,2,Equipos,Clásico,https://chess-results.com/tnr1149269.aspx?lan=2
1149529,2025,Regional,C,"Eliminatorias JDE Regional Cartago 2025 ""C Equipos",2025-04-02,,"Ciudad de los Niños, Cartago",Cartago,20,3,Equipos,Clásico,https://chess-results.com/tnr1149529.aspx?lan=2
1149533,2025,Regional,D,"Eliminatorias JDE Regional Cartago 2025 ""D Individ",2025-04-02,,"Ciudad de los Niños, Cartago",Cartago,18,5,Individual,Clásico,https://chess-results.com/tnr1149533.aspx?lan=2
1149538,2025,Regional,D,"Eliminatorias JDE Regional Cartago 2025 ""D Equipos",2025-04-02,,"Ciudad de los Niños, Cartago",Cartago,13,3,Equipos,Clásico,https://chess-results.com/tnr1149538.aspx?lan=2
1149541,2025,Regional,C,"Eliminatorias JDE Regional Cartago 2025 ""C Individ",2025-04-02,,"Ciudad de los Niños, Cartago",Cartago,5,5,Individual,Clásico,https://chess-results.com/tnr1149541.aspx?lan=2
1149543,2025,Regional,C,"Eliminatorias JDE Regional Cartago 2025 ""C Individ",2025-04-02,,"Ciudad de los Niños, Cartago",Cartago,15,5,Individual,Clásico,https://chess-results.com/tnr1149543.aspx?lan=2
1149549,2025,Regional,D,"Eliminatorias JDE Regional Cartago 2025 ""D Individ",2025-04-02,,"Ciudad de los Niños, Cartago",Cartago,7,4,Individual,Clásico,https://chess-results.com/tnr1149549.aspx?lan=2
1149788,2025,Regional,E,"Eliminatorias JDE Regional Cartago 2025 ""E Individ",2025-04-02,,"Ciudad de los Niños, Cartago",Cartago,4,3,Individual,Clásico,https://chess-results.com/tnr1149788.aspx?lan=2
1149824,2025,Regional,A,JDE_Puriscal_Individual A_abierto,2025-04-02,MEP,Liceo de Puriscal,Puriscal,15,5,Individual,Clásico,https://chess-results.com/tnr1149824.aspx?lan=2
1149828,2025,Regional,B,JDE_Puriscal_Individual B_abierto,2025-04-02,MEP,Liceo de Puriscal,Puriscal,30,5,Individual,Clásico,https://chess-results.com/tnr1149828.aspx?lan=2
1149829,2025,Regional,A,JDE_Puriscal_Individual A_Femenino,2025-04-02,MEP,Liceo de Puriscal,Puriscal,11,5,Individual,Clásico,https://chess-results.com/tnr1149829.aspx?lan=2
1149832,2025,Regional,B,JDE_Puriscal_Individual B_Femenino,2025-04-02,MEP,Liceo de Puriscal,Puriscal,17,5,Individual,Clásico,https://chess-results.com/tnr1149832.aspx?lan=2
1149846,2025,Regional,B,Juegos Deportivos Estudiantiles Sarapiqui B Femeni,2025-04-02,FCA,,Sarapiquí,4,3,Individual,Clásico,https://chess-results.com/tnr1149846.aspx?lan=2
1149847,2025,Regional,B,Juegos Deportivos Estudiantiles Sarapiqui B Absolu,2025-04-02,FCA,,Sarapiquí,12,5,Individual,Clásico,https://chess-results.com/tnr1149847.aspx?lan=2
1149848,2025,Regional,C,Juegos Deportivos Estudiantiles Sarapiqui C Absolu,2025-04-02,FCA,,Sarapiquí,4,3,Individual,Clásico,https://chess-results.com/tnr1149848.aspx?lan=2
1149890,2025,Regional,B,JDE Puriscal_Equipos B_abierto,2025-04-02,MEP,Liceo de Puriscal,Puriscal,12,6,Equipos,Clásico,https://chess-results.com/tnr1149890.aspx?lan=2
1150044,2025,Regional,A,"Eliminatorias JDE Regional Cartago 2025 ""A Individ",2025-04-02,,"Ciudad de los Niños, Cartago",Cartago,4,0,Individual,Clásico,https://chess-results.com/tnr1150044.aspx?lan=2
1150047,2025,Regional,B,"Eliminatorias JDE Regional Cartago 2025 ""B Individ",2025-04-02,,"Ciudad de los Niños, Cartago",Cartago,13,5,Individual,Clásico,https://chess-results.com/tnr1150047.aspx?lan=2
1150050,2025,Regional,B,"Eliminatorias JDE Regional Cartago 2025 ""B Equipos",2025-04-02,,"Ciudad de los Niños, Cartago",Cartago,17,3,Equipos,Clásico,https://chess-results.com/tnr1150050.aspx?lan=2
1150067,2025,Regional,B,"Eliminatorias JDE Regional Cartago 2025  ""B Indivi",2025-04-02,,"Ciudad de los Niños, Cartago",Cartago,13,5,Individual,Clásico,https://chess-results.com/tnr1150067.aspx?lan=2
1150064,2025,Regional,B,"Eliminatorias JDE Regional Cartago 2025 ""B Equipos",2025-04-03,,"Ciudad de los Niños, Cartago",Cartago,8,2,Equipos,Clásico,https://chess-results.com/tnr1150064.aspx?lan=2
1150297,2025,Regional,C,JDE Puriscal_individual C_femenino,2025-04-03,MEP,Liceo de Puriscal,Puriscal,3,6,Individual,Clásico,https://chess-results.com/tnr1150297.aspx?lan=2
1150298,2025,Regional,C,JDE Puriscal_individual C_absoluto,2025-04-03,MEP,Liceo de Puriscal,Puriscal,6,5,Individual,Clásico,https://chess-results.com/tnr1150298.aspx?lan=2
1150299,2025,Regional,D,JDE_Puriscal_Individual D_absoluto,2025-04-03,MEP,Liceo de Puriscal,Puriscal,9,5,Individual,Clásico,https://chess-results.com/tnr1150299.aspx?lan=2
1150300,2025,Regional,D,JDE Puriscal_individual D_femenino,2025-04-03,MEP,Liceo de Puriscal,Puriscal,5,5,Individual,Clásico,https://chess-results.com/tnr1150300.aspx?lan=2
1150538,2025,Regional,B,"JDE Regional Esparza 2025, B Individual Abierto",2025-04-04,Regional de Esparza y la FCA,Escuela la Riviera,Esparza,26,5,Individual,Clásico,https://chess-results.com/tnr1150538.aspx?lan=2
1150540,2025,Regional,B,"JDE Regional Esparza 2025, B Equipos Abierto",2025-04-04,Regional de Esparza y la FCA,Escuela la Riviera,Esparza,14,0,Equipos,Clásico,https://chess-results.com/tnr1150540.aspx?lan=2
1150541,2025,Regional,C,"JDE Regional Esparza 2025, C Individual Abierto",2025-04-04,Regional de Esparza y la FCA,Escuela la Riviera,Esparza,17,5,Individual,Clásico,https://chess-results.com/tnr1150541.aspx?lan=2
1150542,2025,Regional,C,"JDE Regional Esparza 2025, C Individual Femenino",2025-04-04,Regional de Esparza y la FCA,Escuela la Riviera,Esparza,4,3,Individual,Clásico,https://chess-results.com/tnr1150542.aspx?lan=2
1150543,2025,Regional,C,"JDE Regional Esparza 2025, C Equipos Abierto",2025-04-04,Regional de Esparza y la FCA,Escuela la Riviera,Esparza,9,0,Equipos,Clásico,https://chess-results.com/tnr1150543.aspx?lan=2
1150544,2025,Regional,C,"JDE Regional Esparza 2025, C Equipos Femenino",2025-04-04,Regional de Esparza y la FCA,Escuela la Riviera,Esparza,3,0,Equipos,Clásico,https://chess-results.com/tnr1150544.aspx?lan=2
1153388,2025,Regional,A,JDE Regional Cañas 2025-A Individual Abierto,2025-04-07,Regional de Cañas & FCA,Cañas,Cañas,6,5,Individual,Clásico,https://chess-results.com/tnr1153388.aspx?lan=2
1153389,2025,Regional,A,JDE Regional Cañas 2025-A Individual Femenino,2025-04-07,Regional de Cañas & FCA,Cañas,Cañas,4,3,Individual,Clásico,https://chess-results.com/tnr1153389.aspx?lan=2
1153390,2025,Regional,B,JDE Regional Cañas 2025-B Equipos Abierto,2025-04-07,Regional de Cañas & FCA,Cañas,Cañas,7,2,Equipos,Clásico,https://chess-results.com/tnr1153390.aspx?lan=2
1153392,2025,Regional,B,JDE Regional Cañas 2025-B Individual Abierto,2025-04-07,Regional de Cañas & FCA,Cañas,Cañas,14,5,Individual,Clásico,https://chess-results.com/tnr1153392.aspx?lan=2
1153393,2025,Regional,B,JDE Regional Cañas 2025-B Individual Femenino,2025-04-07,Regional de Cañas & FCA,Cañas,Cañas,8,7,Individual,Clásico,https://chess-results.com/tnr1153393.aspx?lan=2
1153395,2025,Regional,C,JDE Regional Cañas 2025-C Individual Abierto,2025-04-07,Regional de Cañas & FCA,Cañas,Cañas,9,5,Individual,Clásico,https://chess-results.com/tnr1153395.aspx?lan=2
1153397,2025,Regional,C,JDE Regional Cañas 2025-C Individual Femenino,2025-04-07,Regional de Cañas & FCA,Cañas,Cañas,2,2,Individual,Clásico,https://chess-results.com/tnr1153397.aspx?lan=2
1153399,2025,Regional,D,JDE Regional Cañas 2025-D Individual Abierto,2025-04-07,Regional de Cañas & FCA,Cañas,Cañas,11,5,Individual,Clásico,https://chess-results.com/tnr1153399.aspx?lan=2
1153981,2025,Regional,A,"JDE Regional Esparza 2025, A Individual Abierto",2025-04-08,Regional de Esparza y la FCA,Escuela la Riviera,Esparza,10,5,Individual,Clásico,https://chess-results.com/tnr1153981.aspx?lan=2
1153982,2025,Regional,D,"JDE Regional Esparza 2025, D Individual Abierto",2025-04-08,Regional de Esparza y la FCA,Escuela la Riviera,Esparza,22,5,Individual,Clásico,https://chess-results.com/tnr1153982.aspx?lan=2
1153983,2025,Regional,D,"JDE Regional Esparza 2025, D Individual Femenino",2025-04-08,Regional de Esparza y la FCA,Escuela la Riviera,Esparza,5,5,Individual,Clásico,https://chess-results.com/tnr1153983.aspx?lan=2
1153984,2025,Regional,E,"JDE Regional Esparza 2025, E Individual Abierto",2025-04-08,Regional de Esparza y la FCA,Escuela la Riviera,Esparza,6,5,Individual,Clásico,https://chess-results.com/tnr1153984.aspx?lan=2
1154629,2025,Regional,B,JDE San José oeste_individual B Abierto,2025-04-09,MEP,,San José Oeste,19,5,Individual,Clásico,https://chess-results.com/tnr1154629.aspx?lan=2
1154630,2025,Regional,B,JDE San José oeste_individual B femenino,2025-04-09,MEP,,San José Oeste,15,5,Individual,Clásico,https://chess-results.com/tnr1154630.aspx?lan=2
1154632,2025,Regional,A,JDE San José oeste_individual A Abierto,2025-04-09,MEP,,San José Oeste,10,5,Individual,Clásico,https://chess-results.com/tnr1154632.aspx?lan=2
1154633,2025,Regional,A,JDE San José oeste_individual A femenino,2025-04-09,MEP,,San José Oeste,3,3,Individual,Clásico,https://chess-results.com/tnr1154633.aspx?lan=2
1154642,2025,Regional,B,JDE San José oeste_Equipos B Abierto,2025-04-09,MEP,,San José Oeste,12,3,Equipos,Clásico,https://chess-results.com/tnr1154642.aspx?lan=2
1154643,2025,Regional,B,JDE San José oeste_Equipos B femenino,2025-04-09,MEP,,San José Oeste,8,2,Equipos,Clásico,https://chess-results.com/tnr1154643.aspx?lan=2
1154734,2025,Regional,B,JDE San José oeste_Desempate_B_abierto_ind,2025-04-09,MEP,,San José Oeste,3,3,Individual,Clásico,https://chess-results.com/tnr1154734.aspx?lan=2
1155417,2025,Regional,C,JDE San José oeste_individual C Abierto,2025-04-10,MEP,,San José Oeste,11,5,Individual,Clásico,https://chess-results.com/tnr1155417.aspx?lan=2
1155418,2025,Regional,C,JDE San José oeste_individual C femenino,2025-04-10,MEP,,San José Oeste,2,2,Individual,Clásico,https://chess-results.com/tnr1155418.aspx?lan=2
1155419,2025,Regional,D,JDE San José oeste_individual D Abierto,2025-04-10,MEP,,San José Oeste,12,5,Individual,Clásico,https://chess-results.com/tnr1155419.aspx?lan=2
1155420,2025,Regional,D,JDE San José oeste_individual D femenino,2025-04-10,MEP,,San José Oeste,7,7,Individual,Clásico,https://chess-results.com/tnr1155420.aspx?lan=2
1155421,2025,Regional,E,JDE San José oeste_individual E abierto,2025-04-10,MEP,,San José Oeste,5,5,Individual,Clásico,https://chess-results.com/tnr1155421.aspx?lan=2
1155422,2025,Regional,E,JDE San José oeste_individual E femenino,2025-04-10,MEP,,San José Oeste,2,2,Individual,Clásico,https://chess-results.com/tnr1155422.aspx?lan=2
1163383,2025,Regional,A,JDE Regional SJ Norte Equipos Absoluto A,2025-04-21,Regional San Jose Norte,Colegio Saint Francis,San José Norte,4,0,Equipos,Clásico,https://chess-results.com/tnr1163383.aspx?lan=2
1163384,2025,Regional,A,JDE Regional SJ Norte Individual Absoluto A,2025-04-21,Regional San Jose Norte,Colegio Saint Francis,San José Norte,15,5,Individual,Clásico,https://chess-results.com/tnr1163384.aspx?lan=2
1163385,2025,Regional,A,JDE Regional SJ Norte Individual Femenino A,2025-04-21,Regional San Jose Norte,Colegio Saint Francis,San José Norte,4,3,Individual,Clásico,https://chess-results.com/tnr1163385.aspx?lan=2
1163386,2025,Regional,B,JDE Regional SJ Norte Equipos Absoluto B,2025-04-21,Regional San Jose Norte,Colegio Saint Francis,San José Norte,8,0,Equipos,Clásico,https://chess-results.com/tnr1163386.aspx?lan=2
1163387,2025,Regional,B,JDE Regional SJ Norte Individual Absoluto B,2025-04-21,Regional San Jose Norte,Colegio Saint Francis,San José Norte,34,5,Individual,Clásico,https://chess-results.com/tnr1163387.aspx?lan=2
1163388,2025,Regional,B,JDE Regional SJ Norte Individual Femenino B,2025-04-21,Regional San Jose Norte,Colegio Saint Francis,San José Norte,15,5,Individual,Clásico,https://chess-results.com/tnr1163388.aspx?lan=2
1163389,2025,Regional,C,JDE Regional SJ Norte Equipos Absoluto C,2025-04-21,Regional San Jose Norte,Colegio Saint Francis,San José Norte,3,0,Equipos,Clásico,https://chess-results.com/tnr1163389.aspx?lan=2
1163390,2025,Regional,C,JDE Regional SJ Norte Individual Absoluto C,2025-04-21,Regional San Jose Norte,Colegio Saint Francis,San José Norte,17,5,Individual,Clásico,https://chess-results.com/tnr1163390.aspx?lan=2
1163391,2025,Regional,C,JDE Regional SJ Norte Individual Femenino C,2025-04-21,Regional San Jose Norte,Colegio Saint Francis,San José Norte,5,5,Individual,Clásico,https://chess-results.com/tnr1163391.aspx?lan=2
1163392,2025,Regional,D,JDE Regional SJ Norte Equipos Absoluto D,2025-04-21,Regional San Jose Norte,Colegio Saint Francis,San José Norte,6,0,Equipos,Clásico,https://chess-results.com/tnr1163392.aspx?lan=2
1163393,2025,Regional,D,JDE Regional SJ Norte Individual Absoluto D,2025-04-21,Regional San Jose Norte,Colegio Saint Francis,San José Norte,27,5,Individual,Clásico,https://chess-results.com/tnr1163393.aspx?lan=2
1163394,2025,Regional,D,JDE Regional SJ Norte Individual Femenino D,2025-04-21,Regional San Jose Norte,Colegio Saint Francis,San José Norte,8,7,Individual,Clásico,https://chess-results.com/tnr1163394.aspx?lan=2
1163395,2025,Regional,E,JDE Regional SJ Norte Individual Absoluto E,2025-04-21,Regional San Jose Norte,Colegio Saint Francis,San José Norte,2,0,Individual,Clásico,https://chess-results.com/tnr1163395.aspx?lan=2
1163358,2025,Interregional,B,Interregional Guapiles-Sarapiqui Individual Femeni,2025-04-22,MEP,Escuela Anita Grande,Sarapiquí,5,5,Individual,Clásico,https://chess-results.com/tnr1163358.aspx?lan=2
1163360,2025,Interregional,C,Interregional Guapiles- Sarapiqui Individual Abier,2025-04-22,MEP,Escuela Anita Grande,Sarapiquí,5,5,Individual,Clásico,https://chess-results.com/tnr1163360.aspx?lan=2
1163361,2025,Interregional,B,Interregional Guapiles- Sarapiqui Individual Abier,2025-04-22,MEP,Escuela Anita Grande,Sarapiquí,5,5,Individual,Clásico,https://chess-results.com/tnr1163361.aspx?lan=2
1163399,2025,Regional,A,Juegos Deportivos Estudiantiles Regional Heredia A,2025-04-23,Ivan Castillo,,Heredia,27,5,Individual,Clásico,https://chess-results.com/tnr1163399.aspx?lan=2
1163400,2025,Regional,A,Juegos Deportivos Estudiantiles Regional Heredia A,2025-04-23,Ivan Castillo,,Heredia,14,5,Individual,Clásico,https://chess-results.com/tnr1163400.aspx?lan=2
1164003,2025,Regional,B,Juegos Deportivos Estudiantiles Regional Heredia B,2025-04-23,Ivan Castillo,,Heredia,0,5,Individual,Clásico,https://chess-results.com/tnr1164003.aspx?lan=2
1164004,2025,Regional,A,Juegos Deportivos Estudiantiles Regional Heredia A,2025-04-23,Ivan Castillo,,Heredia,0,3,Individual,Clásico,https://chess-results.com/tnr1164004.aspx?lan=2
1164068,2025,Interregional,B,JDE interregional zona sur Coto Brus categoría B i,2025-04-23,mep,Coto Brus,Coto,6,5,Individual,Clásico,https://chess-results.com/tnr1164068.aspx?lan=2
1164075,2025,Interregional,B,JDE interregional zona sur Coto Brus categoría B i,2025-04-23,MEP,Coto Brus,Coto,5,5,Individual,Clásico,https://chess-results.com/tnr1164075.aspx?lan=2
1164078,2025,Interregional,C,JDE interregional zona sur Coto Brus categoría C i,2025-04-23,MEP,Coto brus,Coto,6,5,Individual,Clásico,https://chess-results.com/tnr1164078.aspx?lan=2
1164240,2025,Interregional,C,JDE interregional zona sur Coto Brus categoría C p,2025-04-23,MEP,Coto Brus,Coto,8,1,Individual,Clásico,https://chess-results.com/tnr1164240.aspx?lan=2
1164250,2025,Interregional,B,JDE interregional zona sur Coto Brus categoría B p,2025-04-23,MEP,Coto Brus,Coto,17,3,Individual,Clásico,https://chess-results.com/tnr1164250.aspx?lan=2
1164254,2025,Interregional,B,JDE interregional zona sur Coto Brus categoría B p,2025-04-23,MEP,Coto Brus,Coto,18,3,Individual,Clásico,https://chess-results.com/tnr1164254.aspx?lan=2
1164260,2025,Interregional,C,JDE interregional zona sur Coto Brus categoría C p,2025-04-23,MEP,Coto Brus,Coto,23,5,Individual,Clásico,https://chess-results.com/tnr1164260.aspx?lan=2
1164297,2025,Interregional,C,JDE interregional zona sur Coto Brus categoría C i,2025-04-23,MEP,Coto Brus,Coto,6,5,Individual,Clásico,https://chess-results.com/tnr1164297.aspx?lan=2
1164528,2025,Regional,C,Juegos Deportivos Estudiantiles Regional Heredia C,2025-04-23,Ivan Castillo,,Heredia,17,5,Individual,Clásico,https://chess-results.com/tnr1164528.aspx?lan=2
1164530,2025,Regional,C,Juegos Deportivos Estudiantiles Regional Heredia C,2025-04-23,Ivan Castillo,,Heredia,7,7,Individual,Clásico,https://chess-results.com/tnr1164530.aspx?lan=2
1164531,2025,Regional,C,Juegos Deportivos Estudiantiles Regional Heredia C,2025-04-23,Ivan Castillo,,Heredia,0,3,Individual,Clásico,https://chess-results.com/tnr1164531.aspx?lan=2
1164540,2025,Regional,D,Juegos Deportivos Estudiantiles Regional Heredia D,2025-04-23,Ivan Castillo,,Heredia,0,0,Individual,Clásico,https://chess-results.com/tnr1164540.aspx?lan=2
1164906,2025,Regional,D,Juegos Deportivos Estudiantiles Regional Heredia D,2025-04-23,Ivan Castillo,,Heredia,25,5,Individual,Clásico,https://chess-results.com/tnr1164906.aspx?lan=2
1165052,2025,Regional,E,Juegos Deportivos Estudiantiles Regional Heredia E,2025-04-23,Ivan Castillo,,Heredia,6,5,Individual,Clásico,https://chess-results.com/tnr1165052.aspx?lan=2
1163401,2025,Regional,B,Juegos Deportivos Estudiantiles Regional Heredia B,2025-04-24,Ivan Castillo,,Heredia,51,4,Individual,Clásico,https://chess-results.com/tnr1163401.aspx?lan=2
1164539,2025,Regional,D,Juegos Deportivos Estudiantiles Regional Heredia D,2025-04-24,Ivan Castillo,,Heredia,9,5,Individual,Clásico,https://chess-results.com/tnr1164539.aspx?lan=2
1168863,2025,Interregional,B,JDE Interegional Turrialba B Equipos Abierto,2025-04-29,Rafael Andrade,Instituto de Educación Dr. Clodomiro Pic,Turrialba,0,5,Equipos,Clásico,https://chess-results.com/tnr1168863.aspx?lan=2
1168864,2025,Interregional,B,JDE Interegional Turrialba B Equipos Femenino,2025-04-29,Rafael Andrade,Instituto de Educación Dr. Clodomiro Pic,Turrialba,0,3,Equipos,Clásico,https://chess-results.com/tnr1168864.aspx?lan=2
1168865,2025,Interregional,B,JDE Interegional Turrialba B Individual Abierto,2025-04-29,Rafael Andrade,Instituto de Educación Dr. Clodomiro Pic,Turrialba,6,5,Individual,Clásico,https://chess-results.com/tnr1168865.aspx?lan=2
1168866,2025,Interregional,B,JDE Interegional Turrialba B Individual Femenino,2025-04-29,Rafael Andrade,Instituto de Educación Dr. Clodomiro Pic,Turrialba,5,5,Individual,Clásico,https://chess-results.com/tnr1168866.aspx?lan=2
1169654,2025,Interregional,C,JDE Interegional Turrialba C Equipos Abierto,2025-04-29,Rafael Andrade,Instituto de Educación Dr. Clodomiro Pic,Turrialba,0,5,Equipos,Clásico,https://chess-results.com/tnr1169654.aspx?lan=2
1169655,2025,Interregional,C,JDE Interegional Turrialba C Equipos Femenino,2025-04-29,Rafael Andrade,Instituto de Educación Dr. Clodomiro Pic,Turrialba,0,3,Equipos,Clásico,https://chess-results.com/tnr1169655.aspx?lan=2
1169656,2025,Interregional,C,JDE Interegional Turrialba C Individual Abierto,2025-04-29,Rafael Andrade,Instituto de Educación Dr. Clodomiro Pic,Turrialba,6,5,Individual,Clásico,https://chess-results.com/tnr1169656.aspx?lan=2
1169657,2025,Interregional,C,JDE Interegional Turrialba C Individual Femenino,2025-04-29,Rafael Andrade,Instituto de Educación Dr. Clodomiro Pic,Turrialba,6,5,Individual,Clásico,https://chess-results.com/tnr1169657.aspx?lan=2
1172810,2025,Interregional,B,"JDE Interregional Bagaces ""B"" Equipos Abierto 2025",2025-05-01,MEP -  FCACR,"Guanacaste, Bagaces, CTP Fortuna",Bagaces,17,3,Equipos,Clásico,https://chess-results.com/tnr1172810.aspx?lan=2
1170254,2025,Interregional,A,JDE Interregional DRE de Desamparados Individual A,2025-05-02,,"Gimnasio de Contacto, Villa Olímpica de ",Desamparados,6,5,Individual,Clásico,https://chess-results.com/tnr1170254.aspx?lan=2
1170257,2025,Interregional,B,JDE Interregional DRE de Desamparados Individual F,2025-05-02,,"Gimnasio de Contacto, Villa Olímpica de ",Desamparados,6,5,Individual,Clásico,https://chess-results.com/tnr1170257.aspx?lan=2
1170258,2025,Interregional,B,JDE Interregional DRE de Desamparados Por equipos,2025-05-02,,"Gimnasio de Contacto, Villa Olímpica de ",Desamparados,0,5,Equipos,Clásico,https://chess-results.com/tnr1170258.aspx?lan=2
1170263,2025,Interregional,A,JDE Interregional DRE de Desamparados Individual A,2025-05-02,,"Gimnasio de Contacto, Villa Olímpica de ",Desamparados,6,5,Individual,Clásico,https://chess-results.com/tnr1170263.aspx?lan=2
1170269,2025,Interregional,C,JDE Interregional DRE de Desamparados Individual F,2025-05-02,,"Gimnasio de Contacto, Villa Olímpica de ",Desamparados,5,5,Individual,Clásico,https://chess-results.com/tnr1170269.aspx?lan=2
1170270,2025,Interregional,C,JDE Interregional DRE de Desamparados Por equipos,2025-05-02,,"Gimnasio de Contacto, Villa Olímpica de ",Desamparados,0,3,Equipos,Clásico,https://chess-results.com/tnr1170270.aspx?lan=2
1172805,2025,Interregional,B,"JDE Interregional Bagaces ""B"" Individual Abierto 2",2025-05-05,MEP - FCACR,"Guanacaste, Bagaces, CTP Fortuna",Bagaces,6,5,Individual,Clásico,https://chess-results.com/tnr1172805.aspx?lan=2
1172806,2025,Interregional,B,"JDE Interregional Bagaces ""B"" Individual Mujeres 2",2025-05-05,MEP - FCACR,"Guanacaste, Bagaces, CTP Fortuna",Bagaces,5,5,Individual,Clásico,https://chess-results.com/tnr1172806.aspx?lan=2
1172813,2025,Interregional,B,"JDE Interregional Bagaces ""B"" Equipos Mujeres 2025",2025-05-05,MEP - FCACR,"Guanacaste, Bagaces, CTP Fortuna",Bagaces,7,2,Equipos,Clásico,https://chess-results.com/tnr1172813.aspx?lan=2
1172814,2025,Interregional,C,"JDE Interregional Bagaces ""C"" Individual Abierto 2",2025-05-05,MEP -  FCA CR,"Guanacaste, Bagaces, CTP Fortuna",Bagaces,4,3,Individual,Clásico,https://chess-results.com/tnr1172814.aspx?lan=2
1172818,2025,Interregional,C,"JDE Interregional Bagaces ""C"" Individual Mujeres 2",2025-05-05,MEP - FCACR,"Guanacaste, Bagaces, CTP Fortuna",Bagaces,3,3,Individual,Clásico,https://chess-results.com/tnr1172818.aspx?lan=2
1172822,2025,Interregional,C,"JDE Interregional Bagaces ""C"" Equipos Abierto 2025",2025-05-05,MEP -  FCACR,"Guanacaste, Bagaces, CTP Fortuna",Bagaces,7,2,Equipos,Clásico,https://chess-results.com/tnr1172822.aspx?lan=2
1182147,2025,Nacional,B,Etapa Nacional JDE Categoria BIndividual Abierto (,2025-05-20,MEP,Escuela Santa Marta (Coto),,11,5,Individual,Clásico,https://chess-results.com/tnr1182147.aspx?lan=2
1182149,2025,Nacional,B,Etapa Nacional JDE Categoria BIndividual Femenino,2025-05-20,MEP,Escuela Santa Marta (Coto),,10,5,Individual,Clásico,https://chess-results.com/tnr1182149.aspx?lan=2
1182151,2025,Nacional,B,Etapa Nacional JDE Categoria BEquipos Abierto (Cla,2025-05-20,MEP,Escuela Santa Marta (Coto),,50,5,Equipos,Clásico,https://chess-results.com/tnr1182151.aspx?lan=2
1182152,2025,Nacional,B,Etapa Nacional JDE Categoria BEquipos Femenino (Cl,2025-05-20,MEP,Escuela Santa Marta (Coto),,35,5,Equipos,Clásico,https://chess-results.com/tnr1182152.aspx?lan=2
1183660,2025,Nacional,B,Etapa Nacional JDE Categoria BEquipos Femenino (Bl,2025-05-20,MEP,Escuela Santa Marta (Coto),,35,5,Equipos,Clásico,https://chess-results.com/tnr1183660.aspx?lan=2
1183663,2025,Nacional,B,Etapa Nacional JDE Categoria BEquipos Abierto (Bli,2025-05-20,MEP,Escuela Santa Marta (Coto),,50,5,Equipos,Clásico,https://chess-results.com/tnr1183663.aspx?lan=2
1183650,2025,Nacional,B,Etapa Nacional JDE Categoria BIndividual Femenino,2025-05-21,MEP,Escuela Santa Marta (Coto),,10,5,Individual,Clásico,https://chess-results.com/tnr1183650.aspx?lan=2
1183653,2025,Nacional,B,Etapa Nacional JDE Categoria BIndividual Abierto (,2025-05-21,MEP,Escuela Santa Marta (Coto),,11,5,Individual,Clásico,https://chess-results.com/tnr1183653.aspx?lan=2
1186806,2025,Nacional,C,Etapa Nacional JDE Categoria CIndividual Femenino,2025-05-27,MEP,Liceo Roberto Brenes Mesen,,10,5,Individual,Clásico,https://chess-results.com/tnr1186806.aspx?lan=2
1186809,2025,Nacional,C,Etapa Nacional JDE Categoria CIndividual Abierto(C,2025-05-27,MEP,Liceo Roberto Brenes Mesen,,9,5,Individual,Clásico,https://chess-results.com/tnr1186809.aspx?lan=2
1186810,2025,Nacional,C,Etapa Nacional JDE Categoria CEquipos Femenino (Cl,2025-05-27,MEP,Liceo Roberto Brenes Mesen,,33,5,Equipos,Clásico,https://chess-results.com/tnr1186810.aspx?lan=2
1186819,2025,Nacional,C,Etapa Nacional JDE Categoria CEquipos Abierto (Cla,2025-05-27,MEP,Liceo Roberto Brenes Mesen,,49,5,Equipos,Clásico,https://chess-results.com/tnr1186819.aspx?lan=2
1188219,2025,Nacional,C,Etapa Nacional JDE Categoria CIndividual Abierto (,2025-05-28,MEP,Liceo Roberto Brenes Mesen,,9,5,Individual,Clásico,https://chess-results.com/tnr1188219.aspx?lan=2
1188234,2025,Nacional,C,Etapa Nacional JDE Categoria CIndividual Femenino,2025-05-28,MEP,Liceo Roberto Brenes Mesen,,10,5,Individual,Clásico,https://chess-results.com/tnr1188234.aspx?lan=2
1188238,2025,Nacional,C,Etapa Nacional JDE Categoria CEquipos Femenino (Bl,2025-05-28,MEP,Liceo Roberto Brenes Mesen,,33,5,Equipos,Clásico,https://chess-results.com/tnr1188238.aspx?lan=2
1188240,2025,Nacional,C,Etapa Nacional JDE Categoria CEquipos Abierto (Bli,2025-05-28,MEP,Liceo Roberto Brenes Mesen,,49,5,Equipos,Clásico,https://chess-results.com/tnr1188240.aspx?lan=2
1265328,2025,Internacional (CODICADER),,Juegos Estudiantiles Centroamericanos CODICADER U1,2025-10-03,Federación Costarricense de Ajedrez,"Hotel Whyndham Garden, San José Costa Ri",,36,5,Individual,Clásico,https://chess-results.com/tnr1265328.aspx?lan=2
1265329,2025,Internacional (CODICADER),,Juegos Estudiantiles Centroamericanos CODICADER U1,2025-10-03,Federación Costarricense de Ajedrez,"Hotel Whyndham Garden, San José Costa Ri",,36,5,Individual,Clásico,https://chess-results.com/tnr1265329.aspx?lan=2
1265972,2025,Internacional (CODICADER),,Juegos Estudiantiles Centroamericanos CODICADER U1,2025-10-04,Federación Costarricense de Ajedrez,"Hotel Whyndham Garden, San José Costa Ri",,36,5,Individual,Clásico,https://chess-results.com/tnr1265972.aspx?lan=2
1265973,2025,Internacional (CODICADER),,Juegos Estudiantiles Centroamericanos CODICADER U1,2025-10-04,Federación Costarricense de Ajedrez,"Hotel Whyndham Garden, San José Costa Ri",,36,5,Individual,Clásico,https://chess-results.com/tnr1265973.aspx?lan=2
1266976,2025,Internacional (CODICADER),,Juegos Estudiantiles Centroamericanos CODICADER U1,2025-10-05,Federación Costarricense de Ajedrez,"Hotel Whyndham Garden, San José Costa Ri",,36,5,Individual,Clásico,https://chess-results.com/tnr1266976.aspx?lan=2
1266977,2025,Internacional (CODICADER),,Juegos Estudiantiles Centroamericanos CODICADER U1,2025-10-05,Federación Costarricense de Ajedrez,"Hotel Whyndham Garden, San José Costa Ri",,36,5,Individual,Clásico,https://chess-results.com/tnr1266977.aspx?lan=2
1366341,2026,Institucional o circuital,D,Eliminatoria Institucional LEBCBA Categoría D,2026-03-05,Comité de Deportes del LEBCBA,LEBCBA,,22,7,Individual,Clásico,https://chess-results.com/tnr1366341.aspx?lan=2
1385328,2026,Regional,A,JDE Regional PZ Categoría♕ Individual A Femenino ♙,2026-03-09,Regional Pérez Zeledon,Liceo Fernando Volio Jimenez,Pérez Zeledón,7,7,Individual,Clásico,https://chess-results.com/tnr1385328.aspx?lan=2
1385344,2026,Regional,A,JDE Regional PZ Categoría♚ Equipo A Abierto ♙,2026-03-09,Regional Pérez Zeledon,Liceo Fernando Volio Jimenez,Pérez Zeledón,24,5,Equipos,Clásico,https://chess-results.com/tnr1385344.aspx?lan=2
1385347,2026,Regional,A,JDE Regional PZ Categoría♕ Equipo A Femenino♙,2026-03-09,Regional Pérez Zeledon,Liceo Fernando Volio Jimenez,Pérez Zeledón,7,1,Equipos,Clásico,https://chess-results.com/tnr1385347.aspx?lan=2
1387503,2026,Regional,B,JDE Regional PZ Categoría♚ Individual B Abierto ♙,2026-03-09,Regional Pérez Zeledon,Liceo Fernando Volio Jimenez,Pérez Zeledón,19,5,Individual,Clásico,https://chess-results.com/tnr1387503.aspx?lan=2
1387504,2026,Regional,B,JDE Regional PZ Categoría♕ Individual B Femenino ♙,2026-03-09,Regional Pérez Zeledon,Liceo Fernando Volio Jimenez,Pérez Zeledón,7,7,Individual,Clásico,https://chess-results.com/tnr1387504.aspx?lan=2
1387512,2026,Regional,B,JDE Regional PZ Categoría♚ Equipo B Abierto ♙,2026-03-09,Regional Pérez Zeledon,Liceo Fernando Volio Jimenez,Pérez Zeledón,40,5,Equipos,Clásico,https://chess-results.com/tnr1387512.aspx?lan=2
1387518,2026,Regional,B,JDE Regional PZ Categoría♕ Equipo B Femenino♙,2026-03-09,Regional Pérez Zeledon,Liceo Fernando Volio Jimenez,Pérez Zeledón,13,3,Equipos,Clásico,https://chess-results.com/tnr1387518.aspx?lan=2
1371417,2026,Regional,C,"JDE Regionales Secundaria Individual ""C"" Abierto L",2026-03-13,MEP - FCACR,"Guanacaste, Liberia, Colegio Liceo Labor",Liberia,13,4,Individual,Clásico,https://chess-results.com/tnr1371417.aspx?lan=2
1371575,2026,Regional,C,"JDE Regionales Secundaria Individual ""C"" Mujeres L",2026-03-13,MEP - FCACR,,,4,3,Individual,Clásico,https://chess-results.com/tnr1371575.aspx?lan=2
1371584,2026,Regional,C,"JDE Regionales Secundaria Individual ""C"" Equipos L",2026-03-13,MEP - FCACR,"Guanacaste, Liberia, Liceo Laboratorio d",Liberia,15,3,Equipos,Clásico,https://chess-results.com/tnr1371584.aspx?lan=2
1371834,2026,Regional,D,"JDE Regionales Secundaria Individual ""D"" Abierto 2",2026-03-13,MEP - FCACR,"Guanacaste, Liberia, Liceo Laboratorio d",Liberia,20,4,Individual,Clásico,https://chess-results.com/tnr1371834.aspx?lan=2
1371857,2026,Regional,D,"JDE Regionales Secundaria Individual ""D"" Mujeres 2",2026-03-13,Jessica Garita,"Guanacaste, Liberia, Liceo Laboratorio d",Liberia,6,5,Individual,Clásico,https://chess-results.com/tnr1371857.aspx?lan=2
1371879,2026,Regional,D,"JDE Regionales Secundaria Equipos ""D"" Abierto 2026",2026-03-13,MEP - FCACR,"Guanacaste, Liberia, Liceo Laboratorio d",Liberia,24,5,Equipos,Clásico,https://chess-results.com/tnr1371879.aspx?lan=2
1373296,2026,Regional,C,Categoría C Individual Abierto | JDE Regionales Lo,2026-03-16,MEP - FCA,Salón Comunal Rodeo,,8,5,Individual,Clásico,https://chess-results.com/tnr1373296.aspx?lan=2
1373297,2026,Regional,B,Categoría B Individual Femenino | JDE Regionales L,2026-03-16,MEP - FCA,Salón Comunal Rodeo,,7,5,Individual,Clásico,https://chess-results.com/tnr1373297.aspx?lan=2
1373298,2026,Regional,B,Categoría B Individual Abierto | JDE Regionales Lo,2026-03-16,MEP - FCA,Salón Comunal Rodeo,,10,5,Individual,Clásico,https://chess-results.com/tnr1373298.aspx?lan=2
1373301,2026,Regional,A,Categoría A Individual Abierto | JDE Regionales Lo,2026-03-16,MEP - FCA,Salón Comunal Rodeo,,10,5,Individual,Clásico,https://chess-results.com/tnr1373301.aspx?lan=2
1373303,2026,Regional,D,Categoría D Individual Femenino | JDE Regionales L,2026-03-16,MEP - FCA,Salón Comunal Rodeo,,4,3,Individual,Clásico,https://chess-results.com/tnr1373303.aspx?lan=2
1373305,2026,Regional,D,Categoría D Individual Abierto | JDE Regionales Lo,2026-03-16,MEP - FCA,Salón Comunal Rodeo,,9,5,Individual,Clásico,https://chess-results.com/tnr1373305.aspx?lan=2
1373308,2026,Regional,C,Categoría C Individual Femenino | JDE Regionales L,2026-03-16,MEP - FCA,Salón Comunal Rodeo,,7,5,Individual,Clásico,https://chess-results.com/tnr1373308.aspx?lan=2
1373721,2026,Regional,B,Categoría B Equipos Abierto | JDE Regionales Los S,2026-03-16,MEP - FCA,Salón Comunal Rodeo,,10,3,Equipos,Clásico,https://chess-results.com/tnr1373721.aspx?lan=2
1373723,2026,Regional,C,Categoría C Equipos Abierto | JDE Regionales Los S,2026-03-16,MEP - FCA,Salón Comunal Rodeo,,14,3,Equipos,Clásico,https://chess-results.com/tnr1373723.aspx?lan=2
1373725,2026,Regional,D,Categoría D Equipos Abierto | JDE Regionales Los S,2026-03-16,MEP - FCA,Salón Comunal Rodeo,,16,3,Equipos,Clásico,https://chess-results.com/tnr1373725.aspx?lan=2
1373964,2026,Regional,A,JDE San José Oeste_Ind A_ABS,2026-03-16,Ministerio de Educación Pública,Liceo Luis Dobles Segreda,San José Oeste,5,5,Individual,Clásico,https://chess-results.com/tnr1373964.aspx?lan=2
1373965,2026,Regional,A,JDE San José Oeste_Ind A_Fem,2026-03-16,Ministerio de Educación Pública,Liceo Luis Dobles Segreda,San José Oeste,4,3,Individual,Clásico,https://chess-results.com/tnr1373965.aspx?lan=2
1373970,2026,Regional,B,JDE San José Oeste_Ind B_Fem,2026-03-16,Ministerio de Educación Pública,Liceo Luis Dobles Segreda,San José Oeste,8,7,Individual,Clásico,https://chess-results.com/tnr1373970.aspx?lan=2
1373971,2026,Regional,B,JDE San José Oeste_Ind B_ABS,2026-03-16,Ministerio de Educación Pública,,San José Oeste,24,5,Individual,Clásico,https://chess-results.com/tnr1373971.aspx?lan=2
1373988,2026,Regional,B,JDE San José Oeste_Equipos B_Abs,2026-03-16,Ministerio de Educación Pública,Liceo Luis Dobles Segreda,San José Oeste,8,2,Equipos,Clásico,https://chess-results.com/tnr1373988.aspx?lan=2
1373993,2026,Regional,B,JDE San José Oeste_Equipos B_fem,2026-03-16,Ministerio de Educación Pública,Liceo Luis Dobles Segreda,San José Oeste,9,2,Equipos,Clásico,https://chess-results.com/tnr1373993.aspx?lan=2
1374374,2026,Regional,A,"JDE Regionales Primaria Individual ""A"" Abierto San",2026-03-17,MEP - FCACR,"Guanacaste, Santa Cruz, CTP de Santa Cru",Santa Cruz,6,5,Individual,Clásico,https://chess-results.com/tnr1374374.aspx?lan=2
1374377,2026,Regional,A,"JDE Regionales Primaria Individual ""A"" Mujeres San",2026-03-17,MEP - FCACR,"Guanacaste, Santa Cruz, CTP de Santa Cru",Santa Cruz,3,3,Individual,Clásico,https://chess-results.com/tnr1374377.aspx?lan=2
1374449,2026,Regional,A,JDE Individual Abierto A  Dirección Regional de Gu,2026-03-17,MEP,Escuela Anita Grande,,11,5,Individual,Clásico,https://chess-results.com/tnr1374449.aspx?lan=2
1374480,2026,Regional,C,JDE San José Oeste Indv_C_Abs,2026-03-17,Ministerio de Educación Pública,,San José Oeste,11,5,Individual,Clásico,https://chess-results.com/tnr1374480.aspx?lan=2
1374481,2026,Regional,C,JDE San José Oeste Indv_C_Fem,2026-03-17,Ministerio de Educación Pública,,San José Oeste,2,2,Individual,Clásico,https://chess-results.com/tnr1374481.aspx?lan=2
1374482,2026,Regional,D,JDE San José Oeste Indv_D_Abs,2026-03-17,Ministerio de Educación Pública,,San José Oeste,13,5,Individual,Clásico,https://chess-results.com/tnr1374482.aspx?lan=2
1374483,2026,Regional,D,JDE San José Oeste Indv_D_Fem,2026-03-17,Ministerio de Educación Pública,,San José Oeste,5,5,Individual,Clásico,https://chess-results.com/tnr1374483.aspx?lan=2
1374484,2026,Regional,E,JDE San José Oeste Indv_E_Abs,2026-03-17,Ministerio de Educación Pública,,San José Oeste,6,5,Individual,Clásico,https://chess-results.com/tnr1374484.aspx?lan=2
1374496,2026,Regional,B,"JDE Regionales Primaria Individual ""B"" Abierto San",2026-03-17,MEP - FCACR,"Guancaste, Santa Cruz, CTP de Santa Cruz",Santa Cruz,24,5,Individual,Clásico,https://chess-results.com/tnr1374496.aspx?lan=2
1374507,2026,Regional,B,"JDE Regionales Primaria Individual ""B"" Mujeres San",2026-03-17,MEP - FCACR,"Guanacaste, Santa Cruz, CTP de Santa Cru",Santa Cruz,5,5,Individual,Clásico,https://chess-results.com/tnr1374507.aspx?lan=2
1374512,2026,Regional,B,JDE Individual Abierto B  Dirección Regional de Gu,2026-03-17,MEP,Escuela Anita Grande,,23,5,Individual,Clásico,https://chess-results.com/tnr1374512.aspx?lan=2
1374514,2026,Regional,B,"JDE Regionales Primaria Equipos ""B"" Abierto Santa",2026-03-17,MEP - FCACR,"Guanacaste, Santa Cruz, CTP de Santa Cru",Santa Cruz,13,6,Equipos,Clásico,https://chess-results.com/tnr1374514.aspx?lan=2
1374526,2026,Regional,B,JDE Individual Femenino  B  Dirección Regional de,2026-03-17,MEP,Escuela Anita Grande,,10,5,Individual,Clásico,https://chess-results.com/tnr1374526.aspx?lan=2
1374529,2026,Regional,C,JDE San José Oeste Desempate_Indv_C_Fem,2026-03-17,Ministerio de Educación Pública,Liceo Luis Dobles Segreda,San José Oeste,2,2,Individual,Clásico,https://chess-results.com/tnr1374529.aspx?lan=2
1375031,2026,Regional,C,"JDE Regionales Secundaria Individual ""C"" Abierto S",2026-03-18,MEP - FCACR,"Guanacaste, Santa Cruz, CTP de Santa Cru",Santa Cruz,17,5,Individual,Clásico,https://chess-results.com/tnr1375031.aspx?lan=2
1375032,2026,Regional,C,"JDE Regionales Secundaria Individual ""C"" Mujeres S",2026-03-18,,,,8,0,Individual,Clásico,https://chess-results.com/tnr1375032.aspx?lan=2
1375033,2026,Regional,D,"JDE Regionales Secundaria Individual ""D"" Abierto S",2026-03-18,MEP - FCACR,,,22,5,Individual,Clásico,https://chess-results.com/tnr1375033.aspx?lan=2
1375034,2026,Regional,D,"JDE Regionales Secundaria Individual ""D"" Mujeres S",2026-03-18,MEP - FCACR,"Guanacaste, Santa Cruz, CTP de Santa Cru",Santa Cruz,4,3,Individual,Clásico,https://chess-results.com/tnr1375034.aspx?lan=2
1375036,2026,Regional,C,JNE Direccion Regional Guapiles Individual Abierto,2026-03-18,MEP,colegio San Francisco guapiles,Guápiles,11,5,Individual,Clásico,https://chess-results.com/tnr1375036.aspx?lan=2
1375037,2026,Regional,D,Regional Guapiles 2026 Abierto Individual D,2026-03-18,MEP,Colegio San Francisco Guapiles,Guápiles,9,5,Individual,Clásico,https://chess-results.com/tnr1375037.aspx?lan=2
1375038,2026,Regional,C,JDE Direccion Regional Guapiles Individual Femenin,2026-03-18,MEP,Colegio San Francisco Guapiles,Guápiles,5,5,Individual,Clásico,https://chess-results.com/tnr1375038.aspx?lan=2
1375112,2026,Regional,C,"JDE Regionales Secundaria Equipos ""C"" Abierto Sant",2026-03-18,MEP - FCACR,"Guanacaste, Santa Cruz, CTP de Santa Cru",Santa Cruz,7,2,Equipos,Clásico,https://chess-results.com/tnr1375112.aspx?lan=2
1380420,2026,Regional,A,Juegos Deportivos Estudiantiles Esparza Categoría,2026-03-18,FCA,Esparza,Esparza,6,5,Individual,Clásico,https://chess-results.com/tnr1380420.aspx?lan=2
1380422,2026,Regional,A,Juegos Deportivos Estudiantiles Esparza Categoría,2026-03-18,,Esparza,Esparza,3,3,Individual,Clásico,https://chess-results.com/tnr1380422.aspx?lan=2
1380423,2026,Regional,B,Juegos Deportivos Estudiantiles Esparza Categoría,2026-03-18,FCA,Esparza,Esparza,16,5,Individual,Clásico,https://chess-results.com/tnr1380423.aspx?lan=2
1380424,2026,Regional,B,Juegos Deportivos Estudiantiles Esparza Categoría,2026-03-18,FCA,Esparza,Esparza,5,5,Individual,Clásico,https://chess-results.com/tnr1380424.aspx?lan=2
1388132,2026,Regional,C,Juegos Deportivos Estudiantiles Esparza Categoría,2026-03-18,FCA,Esparza,Esparza,15,5,Individual,Clásico,https://chess-results.com/tnr1388132.aspx?lan=2
1375274,2026,Regional,B,"JDE Regionales Primaria Individual ""B"" Abierto Lib",2026-03-19,MEP - FCACR,"Guanacaste, Liberia, Escuela Isabel Brow",Liberia,15,5,Individual,Clásico,https://chess-results.com/tnr1375274.aspx?lan=2
1375416,2026,Regional,B,"JDE Regionales Primaria Individual ""B"" Mujeres Lib",2026-03-19,MEP - FCACR,"Guanacaste, Liberia, Escuela Isabel Brow",Liberia,7,7,Individual,Clásico,https://chess-results.com/tnr1375416.aspx?lan=2
1375418,2026,Regional,A,"JDE Regionales Primaria Individual ""A"" Abierto Lib",2026-03-19,MEP - FCACR,"Guancaste, Liberia, Escuela Isabel Brown",Liberia,7,7,Individual,Clásico,https://chess-results.com/tnr1375418.aspx?lan=2
1375422,2026,Regional,B,"JDE Regionales Primaria Equipo ""B"" Abierto Liberia",2026-03-19,MEP - FCACR,"Guanacaste, Liberia, Escuela Isabel Brow",Liberia,32,7,Equipos,Clásico,https://chess-results.com/tnr1375422.aspx?lan=2
1378829,2026,Regional,A,ESTUDIANTILES NICOYA CAT A INDIVIDUAL ABIERTO,2026-03-23,,,Nicoya,7,7,Individual,Clásico,https://chess-results.com/tnr1378829.aspx?lan=2
1378830,2026,Regional,A,ESTUDIANTILES NICOYA CAT A INDIVIDUAL MUJERES,2026-03-23,,,Nicoya,2,2,Individual,Clásico,https://chess-results.com/tnr1378830.aspx?lan=2
1378831,2026,Regional,B,ESTUDIANTILES NICOYA CAT B INDIVIDUAL ABIERTO,2026-03-23,,,Nicoya,13,5,Individual,Clásico,https://chess-results.com/tnr1378831.aspx?lan=2
1378836,2026,Regional,C,ESTUDIANTILES NICOYA CAT C INDIVIDUAL ABIERTO,2026-03-23,,,Nicoya,13,5,Individual,Clásico,https://chess-results.com/tnr1378836.aspx?lan=2
1378841,2026,Regional,D,ESTUDIANTILES NICOYA CAT D INVIDUAL ABIERTO,2026-03-23,,,Nicoya,17,5,Individual,Clásico,https://chess-results.com/tnr1378841.aspx?lan=2
1379769,2026,Regional,D,Regional JDE Cartago Individual D Abierto 2026,2026-03-25,,"Ciudad de los Niños, Cartago",Cartago,22,5,Individual,Clásico,https://chess-results.com/tnr1379769.aspx?lan=2
1379771,2026,Regional,D,Regional JDE Cartago Equipos D Abierto 2026,2026-03-25,,"Ciudad de los Niños, Cartago",Cartago,28,5,Equipos,Clásico,https://chess-results.com/tnr1379771.aspx?lan=2
1379773,2026,Regional,D,Regional JDE Cartago Individual D Femenino 2026,2026-03-25,,"Ciudad de los Niños, Cartago",Cartago,9,5,Individual,Clásico,https://chess-results.com/tnr1379773.aspx?lan=2
1379785,2026,Regional,E,Regional JDE Cartago Individual E Abierto 2026,2026-03-25,,"Ciudad de los Niños, Cartago",Cartago,5,5,Individual,Clásico,https://chess-results.com/tnr1379785.aspx?lan=2
1379822,2026,Regional,C,Regional JDE Cartago Equipos C Abierto 2026,2026-03-25,,"Ciudad de los Niños, Cartago",Cartago,16,3,Equipos,Clásico,https://chess-results.com/tnr1379822.aspx?lan=2
1379843,2026,Regional,C,Regional JDE Cartago Individual C Abierto 2026,2026-03-25,,"Ciudad de los Niños, Cartago",Cartago,20,5,Individual,Clásico,https://chess-results.com/tnr1379843.aspx?lan=2
1379848,2026,Regional,C,Regional JDE Cartago Individual C Femenino 2026,2026-03-25,,"Ciudad de los Niños, Cartago",Cartago,7,5,Individual,Clásico,https://chess-results.com/tnr1379848.aspx?lan=2
1380086,2026,Regional,A,REGIONAL JDE CAÑAS INDIVIDUAL A ABIERTO 2026,2026-03-25,MEP - FCACR,,Cañas,6,5,Individual,Clásico,https://chess-results.com/tnr1380086.aspx?lan=2
1380088,2026,Regional,B,REGIONAL JDE CAÑAS INDIVIDUAL B ABIERTO 2026,2026-03-25,MEP - FCACR,,Cañas,10,5,Individual,Clásico,https://chess-results.com/tnr1380088.aspx?lan=2
1380090,2026,Regional,C,REGIONAL JDE CAÑAS INDIVIDUAL C ABIERTO 2026,2026-03-25,MEP - FCACR,,Cañas,15,5,Individual,Clásico,https://chess-results.com/tnr1380090.aspx?lan=2
1380092,2026,Regional,C,REGIONAL JDE CAÑAS INDIVIDUAL C MUJERES 2026,2026-03-25,MEP - FCACR,,Cañas,4,3,Individual,Clásico,https://chess-results.com/tnr1380092.aspx?lan=2
1380093,2026,Regional,D,REGIONAL JDE CAÑAS INDIVIDUAL D ABIERTO 2026,2026-03-25,MEP - FCACR,,Cañas,6,5,Individual,Clásico,https://chess-results.com/tnr1380093.aspx?lan=2
1380094,2026,Regional,D,REGIONAL JDE CAÑAS INDIVIDUAL D MUJERES 2026,2026-03-25,MEP - FCACR,,Cañas,2,2,Individual,Clásico,https://chess-results.com/tnr1380094.aspx?lan=2
1380162,2026,Regional,A,Regional JDE Cartago Individual A Femenino 2026,2026-03-25,,"Ciudad de los Niños, Cartago",Cartago,3,3,Individual,Clásico,https://chess-results.com/tnr1380162.aspx?lan=2
1380182,2026,Regional,A,Regional JDE Cartago Individual A Abierto 2026,2026-03-25,,"Ciudad de los Niños, Cartago",Cartago,13,5,Individual,Clásico,https://chess-results.com/tnr1380182.aspx?lan=2
1380183,2026,Regional,A,Regional JDE Cartago Equipos A Femenino 2026,2026-03-25,,"Ciudad de los Niños, Cartago",Cartago,7,1,Equipos,Clásico,https://chess-results.com/tnr1380183.aspx?lan=2
1380185,2026,Regional,A,Regional JDE Cartago Equipos A Abierto 2026,2026-03-25,,"Ciudad de los Niños, Cartago",Cartago,10,3,Equipos,Clásico,https://chess-results.com/tnr1380185.aspx?lan=2
1380186,2026,Regional,B,Regional JDE Cartago Individual B Abierto 2026,2026-03-25,,"Ciudad de los Niños, Cartago",Cartago,27,5,Individual,Clásico,https://chess-results.com/tnr1380186.aspx?lan=2
1380189,2026,Regional,B,Regional JDE Cartago Individual B Femenino 2026,2026-03-25,,"Ciudad de los Niños, Cartago",Cartago,16,5,Individual,Clásico,https://chess-results.com/tnr1380189.aspx?lan=2
1380196,2026,Regional,B,Regional JDE Cartago Equipos B Abierto 2026,2026-03-25,,"Ciudad de los Niños, Cartago",Cartago,20,5,Equipos,Clásico,https://chess-results.com/tnr1380196.aspx?lan=2
1380430,2026,Regional,A,REGIONAL JDE CAÑAS INDIVIDUAL A MUJERES 2026,2026-03-26,MEP - FCACR,,Cañas,2,2,Individual,Clásico,https://chess-results.com/tnr1380430.aspx?lan=2
1385299,2026,Regional,A,JDE Regional PZ Categoría♚ Individual A Abierto ♙,2026-03-27,Regional Pérez Zeledon,Liceo Fernando Volio Jimenez,Pérez Zeledón,8,7,Individual,Clásico,https://chess-results.com/tnr1385299.aspx?lan=2
1384310,2026,Regional,A,JDE- Dirección Regional Occidente- A Individual Ab,2026-04-06,ARAJA,SEP Palmares,Occidente,12,5,Individual,Clásico,https://chess-results.com/tnr1384310.aspx?lan=2
1384312,2026,Regional,A,JDE- Dirección Regional Occidente- A Individual Fe,2026-04-06,ARAJA,SEP Palmares,Occidente,5,5,Individual,Clásico,https://chess-results.com/tnr1384312.aspx?lan=2
1384317,2026,Regional,B,JDE- Dirección Regional Occidente- B Individual Ab,2026-04-06,ARAJA,SEP Palmares,Occidente,29,7,Individual,Clásico,https://chess-results.com/tnr1384317.aspx?lan=2
1384319,2026,Regional,B,JDE- Dirección Regional Occidente- B Individual Fe,2026-04-06,ARAJA,SEP Palmares,Occidente,14,5,Individual,Clásico,https://chess-results.com/tnr1384319.aspx?lan=2
1384684,2026,Regional,B,JDE- Dirección Regional Occidente- B Equipo Abiert,2026-04-06,ARAJA,SEP Palmares,Occidente,38,5,Equipos,Clásico,https://chess-results.com/tnr1384684.aspx?lan=2
1384699,2026,Regional,B,JDE- Dirección Regional Occidente- B Equipo Femeni,2026-04-06,ARAJA,SEP Palmares,Occidente,15,6,Equipos,Clásico,https://chess-results.com/tnr1384699.aspx?lan=2
1381826,2026,Regional,A,♔JDE Regional San Jose Norte - Categoria A Abierto,2026-04-07,MInisterio de Educacion Publica,Colegio Saint Francis,San José Norte,9,5,Individual,Clásico,https://chess-results.com/tnr1381826.aspx?lan=2
1381865,2026,Regional,B,♔JDE Regional San Jose Norte - Categoria B Femenin,2026-04-07,MInisterio de Educacion Publica,Colegio Saint Francis,San José Norte,11,5,Individual,Clásico,https://chess-results.com/tnr1381865.aspx?lan=2
1381868,2026,Regional,A,♔JDE Regional San Jose Norte - Categoria A Femenin,2026-04-07,MInisterio de Educacion Publica,Colegio Saint Francis,San José Norte,4,3,Individual,Clásico,https://chess-results.com/tnr1381868.aspx?lan=2
1381889,2026,Regional,B,♔JDE Regional San Jose Norte - Categoria B Abierto,2026-04-07,MInisterio de Educacion Publica,Colegio Saint Francis,San José Norte,27,5,Individual,Clásico,https://chess-results.com/tnr1381889.aspx?lan=2
1381909,2026,Regional,C,JDE Regional San Jose Norte - Categoria C Femenino,2026-04-07,MEP y FCA,Colegio Saint Francis,San José Norte,6,5,Individual,Clásico,https://chess-results.com/tnr1381909.aspx?lan=2
1381929,2026,Regional,C,JDE Regional San Jose Norte - Categoria C Abierto,2026-04-07,MEP y FCA,Colegio Saint Francis,San José Norte,10,5,Individual,Clásico,https://chess-results.com/tnr1381929.aspx?lan=2
1381933,2026,Regional,D,JDE Regional San Jose Norte - Categoria D Femenino,2026-04-07,MEP y FCA,Colegio Saint Francis,San José Norte,7,5,Individual,Clásico,https://chess-results.com/tnr1381933.aspx?lan=2
1381948,2026,Regional,D,JDE Regional San Jose Norte - Categoria D Abierto,2026-04-07,MEP y FCA,Colegio Saint Francis,San José Norte,19,5,Individual,Clásico,https://chess-results.com/tnr1381948.aspx?lan=2
1381975,2026,Regional,E,JDE Regional San Jose Norte - Categoria E Femenino,2026-04-07,MEP y FCA,Colegio Saint Francis,San José Norte,2,2,Individual,Clásico,https://chess-results.com/tnr1381975.aspx?lan=2
1382091,2026,Regional,C,JDE Regional San Jose Norte - Categoria C Abierto,2026-04-07,MEP y FCA,Colegio Saint Francis,San José Norte,11,3,Individual,Clásico,https://chess-results.com/tnr1382091.aspx?lan=2
1382101,2026,Regional,D,JDE Regional San Jose Norte - Categoria D Femenino,2026-04-07,MEP y FCA,Colegio Saint Francis,San José Norte,5,0,Individual,Clásico,https://chess-results.com/tnr1382101.aspx?lan=2
1382121,2026,Regional,D,JDE Regional San Jose Norte - Categoria D Abierto,2026-04-07,MEP y FCA,Colegio Saint Francis,San José Norte,4,0,Individual,Clásico,https://chess-results.com/tnr1382121.aspx?lan=2
1384701,2026,Regional,C,JDE- Dirección Regional Occidente- C Individual Ab,2026-04-07,ARAJA,SEP Palmares,Occidente,13,5,Individual,Clásico,https://chess-results.com/tnr1384701.aspx?lan=2
1384705,2026,Regional,C,JDE- Dirección Regional Occidente- C Individual Fe,2026-04-07,ARAJA,SEP Palmares,Occidente,4,3,Individual,Clásico,https://chess-results.com/tnr1384705.aspx?lan=2
1384710,2026,Regional,C,JDE- Dirección Regional Occidente- C Equipo Abiert,2026-04-07,ARAJA,SEP Palmares,Occidente,11,3,Equipos,Clásico,https://chess-results.com/tnr1384710.aspx?lan=2
1384744,2026,Regional,D,JDE- Dirección Regional Occidente- D Individual Ab,2026-04-07,ARAJA,SEP Palmares,Occidente,8,5,Individual,Clásico,https://chess-results.com/tnr1384744.aspx?lan=2
1384745,2026,Regional,D,JDE- Dirección Regional Occidente- D Individual Fe,2026-04-07,ARAJA,SEP Palmares,Occidente,7,5,Individual,Clásico,https://chess-results.com/tnr1384745.aspx?lan=2
1384748,2026,Regional,D,JDE- Dirección Regional Occidente- D Equipo Abiert,2026-04-07,ARAJA,SEP Palmares,Occidente,40,5,Equipos,Clásico,https://chess-results.com/tnr1384748.aspx?lan=2
1384750,2026,Regional,E,JDE- Dirección Regional Occidente- E Individual Ab,2026-04-07,ARAJA,SEP Palmares,Occidente,7,5,Individual,Clásico,https://chess-results.com/tnr1384750.aspx?lan=2
1384753,2026,Regional,E,JDE- Dirección Regional Occidente- E Individual Fe,2026-04-07,ARAJA,SEP Palmares,Occidente,2,2,Individual,Clásico,https://chess-results.com/tnr1384753.aspx?lan=2
1388002,2026,Regional,B,JDN ELIMINATORIA REGION COTO - B ABIERTO,2026-04-07,DRE COTO,CTP DE SABALITO,Coto,31,5,Individual,Clásico,https://chess-results.com/tnr1388002.aspx?lan=2
1388003,2026,Regional,B,JDN ELIMINATORIA REGION COTO - B FEMENINO,2026-04-07,DRE COTO,CTP DE SABALITO,Coto,26,5,Individual,Clásico,https://chess-results.com/tnr1388003.aspx?lan=2
1388118,2026,Regional,B,JDN ELIMINATORIA REGION COTOCATEGORIA B ABIERTO PO,2026-04-07,DRE COTO,CTP DE SABALITO,Coto,31,5,Individual,Clásico,https://chess-results.com/tnr1388118.aspx?lan=2
1388122,2026,Regional,A,JDN ELIMINATORIA REGION COTO - A ABIERTO,2026-04-07,DRE COTO,CTP DE SABALITO,Coto,26,5,Individual,Clásico,https://chess-results.com/tnr1388122.aspx?lan=2
1388128,2026,Regional,A,JDN ELIMINATORIA REGION COTO - A FEMENINO,2026-04-07,DRE COTO,CTP DE SABALITO,Coto,10,5,Individual,Clásico,https://chess-results.com/tnr1388128.aspx?lan=2
1388133,2026,Regional,C,Juegos Deportivos Estudiantiles Esparza Categoría,2026-04-07,FCA,Esparza,Esparza,5,5,Individual,Clásico,https://chess-results.com/tnr1388133.aspx?lan=2
1388134,2026,Regional,D,Juegos Deportivos Estudiantiles Esparza Categoría,2026-04-07,FCA,Esparza,Esparza,12,5,Individual,Clásico,https://chess-results.com/tnr1388134.aspx?lan=2
1388382,2026,Regional,E,JDE Regional San Jose Norte - Categoria E Abierto,2026-04-07,MEP y FCA,Colegio Saint Francis,San José Norte,4,0,Individual,Clásico,https://chess-results.com/tnr1388382.aspx?lan=2
1388383,2026,Regional,B,Regional Sarapiqui B Abierto Individual,2026-04-07,FCA - MEP Regional Sarapiqui,"CTP Puerto Viejo, Sarapiqui",Sarapiquí,6,5,Individual,Clásico,https://chess-results.com/tnr1388383.aspx?lan=2
1388384,2026,Regional,B,Regional Sarapiqui B Femenino Individual,2026-04-07,FCA - MEP Regional Sarapiqui,"CTP Puerto Viejo, Sarapiqui",Sarapiquí,6,5,Individual,Clásico,https://chess-results.com/tnr1388384.aspx?lan=2
1388386,2026,Regional,A,Regional Sarapiqui A Abierto Individual,2026-04-07,FCA - MEP Regional Sarapiqui,"CTP Puerto Viejo, Sarapiqui",Sarapiquí,3,3,Individual,Clásico,https://chess-results.com/tnr1388386.aspx?lan=2
1388409,2026,Regional,E,JDE Regional San Jose Norte - Categoria E Abierto,2026-04-07,MEP y FCA,Colegio Saint Francis,San José Norte,2,2,Individual,Clásico,https://chess-results.com/tnr1388409.aspx?lan=2
1388458,2026,Regional,B,JDE Puriscal_ Indv_B_Femenino,2026-04-07,Ministerio de Educación Pública,Dirección Regional de Educación de Puris,Puriscal,24,5,Individual,Clásico,https://chess-results.com/tnr1388458.aspx?lan=2
1388459,2026,Regional,A,JDE Puriscal_ Indv_A_Abs,2026-04-07,Ministerio de Educación Pública,Dirección Regional de Educación de Puris,Puriscal,14,5,Individual,Clásico,https://chess-results.com/tnr1388459.aspx?lan=2
1388460,2026,Regional,B,JDE Puriscal_ Indv_B_Abs,2026-04-07,Ministerio de Educación Pública,Dirección Regional de Educación de Puris,Puriscal,27,5,Individual,Clásico,https://chess-results.com/tnr1388460.aspx?lan=2
1388461,2026,Regional,A,JDE Puriscal_ Indv_A_Femenino,2026-04-07,Ministerio de Educación Pública,Dirección Regional de Educación de Puris,Puriscal,7,7,Individual,Clásico,https://chess-results.com/tnr1388461.aspx?lan=2
1388481,2026,Regional,B,JDE Puriscal_ Equipos_B_Abs,2026-04-07,Ministerio de Educación Pública,Dirección Regional de Educación de Puris,Puriscal,0,5,Equipos,Clásico,https://chess-results.com/tnr1388481.aspx?lan=2
1388494,2026,Regional,C,Regional Sarapiqui C Abierto Individual,2026-04-07,FCA - MEP Regional Sarapiqui,"CTP Puerto Viejo, Sarapiqui",Sarapiquí,5,5,Individual,Clásico,https://chess-results.com/tnr1388494.aspx?lan=2
1388508,2026,Regional,D,Regional Sarapiqui D Abierto Individual,2026-04-07,FCA - MEP Regional Sarapiqui,"CTP Puerto Viejo, Sarapiqui",Sarapiquí,12,5,Individual,Clásico,https://chess-results.com/tnr1388508.aspx?lan=2
1388597,2026,Regional,B,♔JDE Regional San Jose Norte - Categoria B Abierto,2026-04-07,Ministerio de Educacion Publica MEP,Colegio Saint Francis,San José Norte,20,5,Individual,Clásico,https://chess-results.com/tnr1388597.aspx?lan=2
1389067,2026,Regional,D,JDE Puriscal_ Indv_D_Abs,2026-04-07,Ministerio de Educación Pública,Dirección Regional de Educación de Puris,Puriscal,9,5,Individual,Clásico,https://chess-results.com/tnr1389067.aspx?lan=2
1389068,2026,Regional,C,JDE Puriscal_ Indv_C_Abs,2026-04-07,Ministerio de Educación Pública,Dirección Regional de Educación de Puris,Puriscal,7,7,Individual,Clásico,https://chess-results.com/tnr1389068.aspx?lan=2
1389070,2026,Regional,C,JDE Puriscal_ Ind_C_Femenino,2026-04-07,Ministerio de Educación Pública,Dirección Regional de Educación de Puris,Puriscal,3,6,Individual,Clásico,https://chess-results.com/tnr1389070.aspx?lan=2
1389072,2026,Regional,C,JDE Puriscal_ Equipos_C_Abs,2026-04-07,Ministerio de Educación Pública,Dirección Regional de Educación de Puris,Puriscal,0,3,Equipos,Clásico,https://chess-results.com/tnr1389072.aspx?lan=2
1389073,2026,Regional,D,JDE Puriscal_ Equipos_D_Abs,2026-04-07,Ministerio de Educación Pública,Dirección Regional de Educación de Puris,Puriscal,0,3,Equipos,Clásico,https://chess-results.com/tnr1389073.aspx?lan=2
1388635,2026,Regional,C,JDE ELIMINATORIA REGION COTO - C FEMENINO,2026-04-08,DRE COTO,CTP DE SABALITO,Coto,13,5,Individual,Clásico,https://chess-results.com/tnr1388635.aspx?lan=2
1388637,2026,Regional,C,JDE ELIMINATORIA REGION COTO - C ABIERTO,2026-04-08,DRE COTO,CTP DE SABALITO,Coto,36,5,Individual,Clásico,https://chess-results.com/tnr1388637.aspx?lan=2
1388652,2026,Regional,D,JDE ELIMINATORIA REGION COTO - D ABIERTO,2026-04-08,DRE COTO,CTP DE SABALITO,Coto,38,5,Individual,Clásico,https://chess-results.com/tnr1388652.aspx?lan=2
1388654,2026,Regional,D,JDE ELIMINATORIA REGION COTO - D FEMENINO,2026-04-08,DRE COTO,CTP DE SABALITO,Coto,13,5,Individual,Clásico,https://chess-results.com/tnr1388654.aspx?lan=2
1388655,2026,Regional,E,JDE ELIMINATORIA REGION COTO - E ABIERTO,2026-04-08,DRE COTO,CTP DE SABALITO,Coto,10,5,Individual,Clásico,https://chess-results.com/tnr1388655.aspx?lan=2
1389065,2026,Regional,A,Regional Limon A Abierto Individual,2026-04-08,FCA - MEP Regional Limon,Limon,Limón,7,5,Individual,Clásico,https://chess-results.com/tnr1389065.aspx?lan=2
1389071,2026,Regional,E,JDE Puriscal_ Indv_E_Abs,2026-04-08,Ministerio de Educación Pública,Dirección Regional de Educación de Puris,Puriscal,3,3,Individual,Clásico,https://chess-results.com/tnr1389071.aspx?lan=2
1389074,2026,Regional,A,Regional Limon A Femenino Individual,2026-04-08,FCA - MEP Regional Limon,Limon,Limón,2,2,Individual,Clásico,https://chess-results.com/tnr1389074.aspx?lan=2
1389147,2026,Regional,B,Regional Limon B Abierto Individual,2026-04-08,FCA - MEP Regional Limon,Limon,Limón,13,5,Individual,Clásico,https://chess-results.com/tnr1389147.aspx?lan=2
1389154,2026,Regional,B,Regional Limon B Abierto Por Equipos,2026-04-08,FCA - MEP Regional Limon,Limon,Limón,0,3,Equipos,Clásico,https://chess-results.com/tnr1389154.aspx?lan=2
1389157,2026,Regional,B,Regional Limon B Femenino Individual,2026-04-08,FCA - MEP Regional Limon,Limon,Limón,6,5,Individual,Clásico,https://chess-results.com/tnr1389157.aspx?lan=2
1389768,2026,Regional,D,Regional Limon D Abierto Por Equipos,2026-04-08,FCA - MEP Regional Limon,Limon,Limón,11,3,Equipos,Clásico,https://chess-results.com/tnr1389768.aspx?lan=2
1388687,2026,Regional,A,JDE Regional Alajuela - Categoria Individual A Abi,2026-04-09,MEP y Alajuela,Saint John,Alajuela,9,4,Individual,Clásico,https://chess-results.com/tnr1388687.aspx?lan=2
1388688,2026,Regional,B,JDE Regional Alajuela - Categoria Individual B Abi,2026-04-09,MEP y Alajuela,Saint John,Alajuela,19,5,Individual,Clásico,https://chess-results.com/tnr1388688.aspx?lan=2
1388689,2026,Regional,B,JDE Regional Alajuela - Categoria Individual B Fem,2026-04-09,MEP y Alajuela,Saint John,Alajuela,10,4,Individual,Clásico,https://chess-results.com/tnr1388689.aspx?lan=2
1388693,2026,Regional,C,JDE Regional Alajuela - Categoria Individual C Abi,2026-04-09,MEP y Alajuela,Saint John,Alajuela,14,5,Individual,Clásico,https://chess-results.com/tnr1388693.aspx?lan=2
1388696,2026,Regional,C,JDE Regional Alajuela - Categoria Individual C Fem,2026-04-09,MEP y Alajuela,Saint John,Alajuela,5,5,Individual,Clásico,https://chess-results.com/tnr1388696.aspx?lan=2
1388699,2026,Regional,D,JDE Regional Alajuela - Categoria Individual D Abi,2026-04-09,MEP y Alajuela,Saint John,Alajuela,11,5,Individual,Clásico,https://chess-results.com/tnr1388699.aspx?lan=2
1389343,2026,Regional,A,Juegos Deportivos Estudiantiles  Regional Sula A i,2026-04-09,FCA,Bribri,Grande de Térraba,5,5,Individual,Clásico,https://chess-results.com/tnr1389343.aspx?lan=2
1389344,2026,Regional,A,Juegos Deportivos Estudiantiles  Regional Sula A i,2026-04-09,FCA,Bribri,Grande de Térraba,4,3,Individual,Clásico,https://chess-results.com/tnr1389344.aspx?lan=2
1389354,2026,Regional,B,Juegos Deportivos Estudiantiles  Regional Sula B i,2026-04-09,FCA,Bribri,Grande de Térraba,23,5,Individual,Clásico,https://chess-results.com/tnr1389354.aspx?lan=2
1389355,2026,Regional,B,Juegos Deportivos Estudiantiles  Regional Sula B i,2026-04-09,FCA,Bribri,Grande de Térraba,11,5,Individual,Clásico,https://chess-results.com/tnr1389355.aspx?lan=2
1389707,2026,Regional,C,Regional Limon C Abierto Individual,2026-04-09,FCA - MEP Regional Limon,Limon,Limón,13,5,Individual,Clásico,https://chess-results.com/tnr1389707.aspx?lan=2
1389708,2026,Regional,D,Regional Limon D Abierto Individual,2026-04-09,FCA - MEP Regional Limon,Limon,Limón,11,5,Individual,Clásico,https://chess-results.com/tnr1389708.aspx?lan=2
1389709,2026,Regional,E,Regional Limon E Abierto Individual,2026-04-09,FCA - MEP Regional Limon,Limon,Limón,3,3,Individual,Clásico,https://chess-results.com/tnr1389709.aspx?lan=2
1389710,2026,Regional,D,Regional Limon D Femenino Individual,2026-04-09,FCA - MEP Regional Limon,Limon,Limón,5,5,Individual,Clásico,https://chess-results.com/tnr1389710.aspx?lan=2
1387898,2026,Regional,C,JDE Regional PZ Categoría♔ Individual C Abierto ♖,2026-04-10,Regional Pérez Zeledon,Liceo Fernando Volio Jimenez,Pérez Zeledón,13,5,Individual,Clásico,https://chess-results.com/tnr1387898.aspx?lan=2
1387900,2026,Regional,C,JDE Regional PZ Categoría♕ Individual C Femenino ♖,2026-04-10,Regional Pérez Zeledon,Liceo Fernando Volio Jimenez,Pérez Zeledón,7,7,Individual,Clásico,https://chess-results.com/tnr1387900.aspx?lan=2
1387917,2026,Regional,C,JDE Regional PZ Categoría♚ Equipo C Abierto ♜,2026-04-10,Regional Pérez Zeledon,Liceo Fernando Volio Jimenez,Pérez Zeledón,29,7,Equipos,Clásico,https://chess-results.com/tnr1387917.aspx?lan=2
1387919,2026,Regional,C,JDE Regional PZ Categoría♛ Equipo C Femenino ♜,2026-04-10,Regional Pérez Zeledon,Liceo Fernando Volio Jimenez,Pérez Zeledón,14,3,Equipos,Clásico,https://chess-results.com/tnr1387919.aspx?lan=2
1387923,2026,Regional,D,JDE Regional PZ Categoría♔ Individual D Abierto ♖,2026-04-10,Regional Pérez Zeledon,Liceo Fernando Volio Jimenez,Pérez Zeledón,13,5,Individual,Clásico,https://chess-results.com/tnr1387923.aspx?lan=2
1387927,2026,Regional,D,JDE Regional PZ Categoría♕ Individual D Femenino ♖,2026-04-10,Regional Pérez Zeledon,Liceo Fernando Volio Jimenez,Pérez Zeledón,10,5,Individual,Clásico,https://chess-results.com/tnr1387927.aspx?lan=2
1389940,2026,Regional,C,Juegos Deportivos Estudiantiles  Regional Sula Ind,2026-04-10,FCA,Bribri,Grande de Térraba,12,5,Individual,Clásico,https://chess-results.com/tnr1389940.aspx?lan=2
1389942,2026,Regional,C,Juegos Deportivos Estudiantiles  Regional Sula Ind,2026-04-10,FCA,Bribri,Grande de Térraba,6,5,Individual,Clásico,https://chess-results.com/tnr1389942.aspx?lan=2
1389948,2026,Regional,D,Juegos Deportivos Estudiantiles  Regional Sula Ind,2026-04-10,FCA,Bribri,Grande de Térraba,5,5,Individual,Clásico,https://chess-results.com/tnr1389948.aspx?lan=2
1389950,2026,Regional,D,Juegos Deportivos Estudiantiles  Regional Sula Ind,2026-04-10,FCA,Bribri,Grande de Térraba,17,5,Individual,Clásico,https://chess-results.com/tnr1389950.aspx?lan=2
1389953,2026,Regional,C,JDE Regional Alajuela - Categoria Individual C FEM,2026-04-10,MEP y Alajuela,LEB GRECIA,Alajuela,5,0,Individual,Clásico,https://chess-results.com/tnr1389953.aspx?lan=2
1389973,2026,Regional,D,JDE Regional PZ Categoría♚ Equipo D Abierto ♜,2026-04-10,Regional Pérez Zeledon,Liceo Fernando Volio Jimenez,Pérez Zeledón,31,7,Equipos,Clásico,https://chess-results.com/tnr1389973.aspx?lan=2
1389979,2026,Regional,D,JDE Regional PZ Categoría♛ Equipo D Femenino ♜,2026-04-10,Regional Pérez Zeledon,Liceo Fernando Volio Jimenez,Pérez Zeledón,13,3,Equipos,Clásico,https://chess-results.com/tnr1389979.aspx?lan=2
1389980,2026,Regional,E,JDE Regional PZ Categoría♔ Individual E Abierto ♖,2026-04-10,Regional Pérez Zeledon,Liceo Fernando Volio Jimenez,Pérez Zeledón,6,5,Individual,Clásico,https://chess-results.com/tnr1389980.aspx?lan=2
1398504,2026,Interregional,D,JDE Interregional | Esparza | Categoría D Abierto,2026-04-21,FCA y MEP,"Escuela La Riviera, Esparza",Esparza,18,6,Individual,Clásico,https://chess-results.com/tnr1398504.aspx?lan=2
1398510,2026,Interregional,D,JDE Interregional | Esparza | Categoría D Abierto,2026-04-21,FCA y MEP,"Escuela La Riviera, Esparza",Esparza,5,5,Individual,Clásico,https://chess-results.com/tnr1398510.aspx?lan=2
1398514,2026,Interregional,D,JDE Interregional | Esparza | Categoría D Femenino,2026-04-21,FCA y MEP,"Escuela La Riviera, Esparza",Esparza,6,5,Individual,Clásico,https://chess-results.com/tnr1398514.aspx?lan=2
1398520,2026,Interregional,B,JDE Interregional | Esparza | Categoría B Abierto,2026-04-21,FCA y MEP,"Escuela La Riviera, Esparza",Esparza,10,2,Individual,Clásico,https://chess-results.com/tnr1398520.aspx?lan=2
1398521,2026,Interregional,B,JDE Interregional | Esparza | Categoría B Abierto,2026-04-21,FCA y MEP,"Escuela La Riviera, Esparza",Esparza,6,5,Individual,Clásico,https://chess-results.com/tnr1398521.aspx?lan=2
1398524,2026,Interregional,B,JDE Interregional | Esparza | Categoría B Femenino,2026-04-21,FCA y MEP,"Escuela La Riviera, Esparza",Esparza,4,6,Individual,Clásico,https://chess-results.com/tnr1398524.aspx?lan=2
1398939,2026,Interregional,D,Torneo D Abierto Individual JDE fase Interregional,2026-04-21,MEP,,,4,3,Individual,Clásico,https://chess-results.com/tnr1398939.aspx?lan=2
1398940,2026,Regional,B,Torneo B Femenino Individual JDE fase Interregiona,2026-04-21,MEP,,,5,5,Individual,Clásico,https://chess-results.com/tnr1398940.aspx?lan=2
1398941,2026,Interregional,B,Torneo B Abierto Individual JDE fase Interregional,2026-04-21,MEP,,,6,5,Individual,Clásico,https://chess-results.com/tnr1398941.aspx?lan=2
1398654,2026,Interregional,B,JDE Interregional Cartago B Abierto,2026-04-22,,Cartago,Cartago,6,5,Individual,Clásico,https://chess-results.com/tnr1398654.aspx?lan=2
1398655,2026,Interregional,B,JDE Interregional Cartago B Femenino,2026-04-22,,Cartago,Cartago,5,5,Individual,Clásico,https://chess-results.com/tnr1398655.aspx?lan=2
1398657,2026,Interregional,D,JDE Interregional Cartago D Abierto,2026-04-22,,Cartago,Cartago,6,5,Individual,Clásico,https://chess-results.com/tnr1398657.aspx?lan=2
1398658,2026,Interregional,D,JDE Interregional Cartago D Femenino,2026-04-22,,Cartago,Cartago,5,5,Individual,Clásico,https://chess-results.com/tnr1398658.aspx?lan=2
1398660,2026,Interregional,B,JDE Interregional Cartago por Equipos B Femenino,2026-04-22,,"Ciudad de los Niños, Cartago",Cartago,13,3,Equipos,Clásico,https://chess-results.com/tnr1398660.aspx?lan=2
1398661,2026,Interregional,B,JDE Interregional Cartago por Equipos B Abierto,2026-04-22,,"Ciudad de los Niños, Cartago",Cartago,25,5,Equipos,Clásico,https://chess-results.com/tnr1398661.aspx?lan=2
1398663,2026,Interregional,D,JDE Interregional Cartago por Equipos D Abierto,2026-04-22,,"Ciudad de los Niños, Cartago",Cartago,27,5,Equipos,Clásico,https://chess-results.com/tnr1398663.aspx?lan=2
1398664,2026,Interregional,D,JDE Interregional Cartago por Equipos D Femenino,2026-04-22,,"Ciudad de los Niños, Cartago",Cartago,12,3,Equipos,Clásico,https://chess-results.com/tnr1398664.aspx?lan=2
1404077,2026,Interregional,D,JDE INTERREGIONAL LIBERIA - D INDIVIDUAL ABIERTO,2026-04-27,MEP - FCACR,Liceo Laboratorio de Liberia,Liberia,5,5,Individual,Clásico,https://chess-results.com/tnr1404077.aspx?lan=2
1404082,2026,Interregional,D,JDE INTERREGIONAL LIBERIA - D INDIVIDUAL MUJERES,2026-04-27,MEP - FCACR,Liceo Laboratorio de Liberia,Liberia,3,3,Individual,Clásico,https://chess-results.com/tnr1404082.aspx?lan=2
1404085,2026,Interregional,D,JDE INTERREGIONAL LIBERIA - D EQUIPO ABIERTO,2026-04-28,MEP - FCACR,Liceo Laboratorio de Liberia,Liberia,16,3,Equipos,Clásico,https://chess-results.com/tnr1404085.aspx?lan=2
1404088,2026,Interregional,D,JDE INTERREGIONAL LIBERIA - D EQUIPO MUJERES,2026-04-28,MEP -  FCACR,Liceo Laboratorio de Liberia,Liberia,7,2,Equipos,Clásico,https://chess-results.com/tnr1404088.aspx?lan=2
1404607,2026,Interregional,B,JDE INTERREGIONAL LIBERIA - B INDIVIDUAL MUJERES,2026-04-28,MEP - FCACR,Escuela Isabel Brown Brown,Liberia,5,5,Individual,Clásico,https://chess-results.com/tnr1404607.aspx?lan=2
1404608,2026,Interregional,B,JDE INTERREGIONAL LIBERIA - B INDIVIDUAL ABIERTO,2026-04-28,MEP - FCACR,Escuela Isabel Brown Brown,Liberia,6,5,Individual,Clásico,https://chess-results.com/tnr1404608.aspx?lan=2
1404615,2026,Interregional,B,JDE INTERREGIONAL LIBERIA - B EQUIPO ABIERTO,2026-04-28,MEP - FCACR,Escuela Isabe Brown Brown,Liberia,15,3,Equipos,Clásico,https://chess-results.com/tnr1404615.aspx?lan=2
1404618,2026,Interregional,B,JDE INTERREGIONAL LIBERIA - B EQUIPO MUJERES,2026-04-28,MEP - FCACR,Escuela Isabel Brown Brown,Liberia,11,3,Equipos,Clásico,https://chess-results.com/tnr1404618.aspx?lan=2
1405291,2026,Interregional,B,Juegos Deportivos Estudiantiles Interregional Sula,2026-04-30,FCA Y MEP,Talamanca,Grande de Térraba,6,0,Individual,Clásico,https://chess-results.com/tnr1405291.aspx?lan=2
1405295,2026,Interregional,D,Juegos Deportivos Estudiantiles Interregional Sula,2026-04-30,FCA Y MEP,Talamanca,Grande de Térraba,3,0,Individual,Clásico,https://chess-results.com/tnr1405295.aspx?lan=2
1407188,2026,Otro estudiantil,,Torneo Rapid Estudiantil San José 2026Escolar,2026-05-02,,Escuela Ricardo Jimenez,,13,7,Individual,Blitz o rápido,https://chess-results.com/tnr1407188.aspx?lan=2
1407190,2026,Otro estudiantil,,Torneo Rapid Estudiantil San José 2026Colegial,2026-05-02,,Escuela Ricardo Jimenez,,40,7,Individual,Blitz o rápido,https://chess-results.com/tnr1407190.aspx?lan=2
1397234,2026,Interregional,B,JDE- Etapa Interregional- B Individual Abierto,2026-05-05,"ARAJA, CBSR, Dirección Regional de Occidente",CBSR,Occidente,6,5,Individual,Clásico,https://chess-results.com/tnr1397234.aspx?lan=2
1397236,2026,Interregional,B,JDE- Etapa Interregional- B Individual Femenino,2026-05-05,"ARAJA, CBSR, Dirección Regional de Occidente",CBSR,Occidente,6,5,Individual,Clásico,https://chess-results.com/tnr1397236.aspx?lan=2
1397241,2026,Interregional,B,JDE- Etapa Interregional- B Equipos Abierto,2026-05-05,"ARAJA, CBSR, Dirección Regional de Occidente",CBSR,Occidente,26,5,Equipos,Clásico,https://chess-results.com/tnr1397241.aspx?lan=2
1397247,2026,Interregional,B,JDE- Etapa Interregional- B Equipos Femenino,2026-05-05,"ARAJA, CBSR, Dirección Regional de Occidente",CBSR,Occidente,25,5,Equipos,Clásico,https://chess-results.com/tnr1397247.aspx?lan=2
1397249,2026,Interregional,D,JDE- Etapa Interregional- D Individual Abierto,2026-05-05,"ARAJA, CBSR, Dirección Regional de Occidente",CBSR,Occidente,6,5,Individual,Clásico,https://chess-results.com/tnr1397249.aspx?lan=2
1397252,2026,Interregional,D,JDE- Etapa Interregional- D Individual Femenino,2026-05-05,"ARAJA, CBSR, Dirección Regional de Occidente",CBSR,Occidente,6,5,Individual,Clásico,https://chess-results.com/tnr1397252.aspx?lan=2
1397262,2026,Interregional,D,JDE- Etapa Interregional- D Equipos Abierto,2026-05-05,"ARAJA, CBSR, Dirección Regional de Occidente",CBSR,Occidente,28,5,Equipos,Clásico,https://chess-results.com/tnr1397262.aspx?lan=2
1408605,2026,Interregional,D,JDE Interregional SJ Central - SJ Norte - Heredia♔,2026-05-06,Regional SJ Central,,Heredia,6,5,Individual,Clásico,https://chess-results.com/tnr1408605.aspx?lan=2
1408607,2026,Interregional,B,JDE Interregional SJ Central - SJ Norte - Heredia♔,2026-05-06,Regional SJ Central,Eduficio Tauro: 150 metros al oeste de l,Heredia,5,5,Individual,Clásico,https://chess-results.com/tnr1408607.aspx?lan=2
1408610,2026,Interregional,B,JDE Interregional SJ Central - SJ Norte - Heredia♔,2026-05-06,Regional SJ Central,,Heredia,4,3,Individual,Clásico,https://chess-results.com/tnr1408610.aspx?lan=2
1408611,2026,Interregional,B,JDE Interregional SJ Central - SJ Norte - Heredia♔,2026-05-06,Regional SJ Central,,Heredia,19,3,Individual,Clásico,https://chess-results.com/tnr1408611.aspx?lan=2
1408619,2026,Interregional,D,JDE Interregional SJ Central - SJ Norte - Heredia♔,2026-05-06,Regional SJ Central,Eduficio Tauro: 150 metros al oeste de l,Heredia,5,5,Individual,Clásico,https://chess-results.com/tnr1408619.aspx?lan=2
1408621,2026,Interregional,D,JDE Interregional SJ Central - SJ Norte - Heredia♔,2026-05-06,Regional SJ Central,Eduficio Tauro: 150 metros al oeste de l,Heredia,17,3,Individual,Clásico,https://chess-results.com/tnr1408621.aspx?lan=2
1408623,2026,Interregional,D,JDE Interregional SJ Central - SJ Norte - Heredia♔,2026-05-06,Regional SJ Central,Eduficio Tauro: 150 metros al oeste de l,Heredia,0,0,Individual,Clásico,https://chess-results.com/tnr1408623.aspx?lan=2
1400297,2026,Interregional,D,JDE Interregional Pérez Zeledón - Grande de Terrab,2026-05-07,Interregional Pérez Zeledon,Liceo Unesco Perez Zeledon,Pérez Zeledón,6,5,Individual,Clásico,https://chess-results.com/tnr1400297.aspx?lan=2
1400298,2026,Interregional,D,JDE Interregional Pérez Zeledón - Grande de Terrab,2026-05-07,Interregional Pérez Zeledon,Liceo Unesco Perez Zeledon,Pérez Zeledón,6,5,Individual,Clásico,https://chess-results.com/tnr1400298.aspx?lan=2
1400301,2026,Interregional,D,JDE Interregional Pérez Zeledón - Grande de Terrab,2026-05-07,Interregional Pérez Zeledon,Liceo Unesco Perez Zeledon,Pérez Zeledón,27,5,Individual,Clásico,https://chess-results.com/tnr1400301.aspx?lan=2
1400304,2026,Interregional,D,JDE Interregional Pérez Zeledón - Grande de Terrab,2026-05-07,Interregional Pérez Zeledon,Liceo Unesco Perez Zeledon,Pérez Zeledón,12,3,Individual,Clásico,https://chess-results.com/tnr1400304.aspx?lan=2
1400363,2026,Interregional,B,JDE Interregional Pérez Zeledón - Grande de Terrab,2026-05-07,Interregional Pérez Zeledon,Liceo Unesco Perez Zeledon,Pérez Zeledón,6,5,Individual,Clásico,https://chess-results.com/tnr1400363.aspx?lan=2
1400368,2026,Interregional,B,JDE Interregional Pérez Zeledón - Grande de Terrab,2026-05-07,Interregional Pérez Zeledon,Liceo Unesco Perez Zeledon,Pérez Zeledón,5,5,Individual,Clásico,https://chess-results.com/tnr1400368.aspx?lan=2
1400376,2026,Interregional,B,JDE Interregional Pérez Zeledón - Grande de Terrab,2026-05-07,Interregional Pérez Zeledon,Liceo Unesco Perez Zeledon,Pérez Zeledón,18,3,Individual,Clásico,https://chess-results.com/tnr1400376.aspx?lan=2
1400378,2026,Interregional,B,JDE Interregional Pérez Zeledón - Grande de Terrab,2026-05-07,Interregional Pérez Zeledon,Liceo Unesco Perez Zeledon,Pérez Zeledón,17,3,Individual,Clásico,https://chess-results.com/tnr1400378.aspx?lan=2
1423856,2026,Nacional,D,Etapa Nacional Juegos Estudiantiles D Individual A,2026-05-27,Junta CTP Talamanca,CTP Talamanca,,11,5,Individual,Clásico,https://chess-results.com/tnr1423856.aspx?lan=2
1423857,2026,Nacional,D,Etapa Nacional Juegos Estudiantiles D Individual F,2026-05-27,Junta CTP Talamanca,CTP Talamanca,,8,5,Individual,Clásico,https://chess-results.com/tnr1423857.aspx?lan=2
1423870,2026,Nacional,D,Etapa Nacional Juegos Estudiantiles D Equipos Abso,2026-05-27,Junta CTP Talamanca,CTP Talamanca,,53,5,Equipos,Clásico,https://chess-results.com/tnr1423870.aspx?lan=2
1423871,2026,Nacional,D,Etapa Nacional Juegos Estudiantiles D Equipos Feme,2026-05-27,Junta CTP Talamanca,CTP Talamanca,,30,7,Equipos,Clásico,https://chess-results.com/tnr1423871.aspx?lan=2
1426113,2026,Nacional,D,Etapa Nacional Juegos Estudiantiles D Individual A,2026-05-29,Junta CTP Talamanca,CTP Talamanca,,11,5,Individual,Clásico,https://chess-results.com/tnr1426113.aspx?lan=2
1426115,2026,Nacional,D,Etapa Nacional Juegos Estudiantiles D Individual F,2026-05-29,Junta CTP Talamanca,CTP Talamanca,,8,5,Individual,Clásico,https://chess-results.com/tnr1426115.aspx?lan=2
1426183,2026,Nacional,D,Etapa Nacional Juegos Estudiantiles D Equipos Abso,2026-05-29,Junta CTP Talamanca,CTP Talamanca,,53,5,Equipos,Clásico,https://chess-results.com/tnr1426183.aspx?lan=2
1426189,2026,Nacional,D,Etapa Nacional Juegos Estudiantiles D Equipos Feme,2026-05-29,Junta CTP Talamanca,CTP Talamanca,,30,7,Equipos,Clásico,https://chess-results.com/tnr1426189.aspx?lan=2
1425561,2026,Nacional,B,Etapa Nacional Juegos Estudiantiles B Individual A,2026-06-03,MEP,Escuela Isabel Brown Brown,,12,5,Individual,Clásico,https://chess-results.com/tnr1425561.aspx?lan=2
1425570,2026,Nacional,B,Etapa Nacional Juegos Estudiantiles B Equipos Feme,2026-06-03,MEP,Isabel Brown Brown,,49,5,Equipos,Clásico,https://chess-results.com/tnr1425570.aspx?lan=2
1425573,2026,Nacional,B,Etapa Nacional Juegos Estudiantiles B Equipos Abie,2026-06-03,MEP,Escuela Isabel Brown Brown,,54,5,Equipos,Clásico,https://chess-results.com/tnr1425573.aspx?lan=2
1425624,2026,Nacional,B,Etapa Nacional Juegos Estudiantiles B Individual F,2026-06-03,MEP,Escuela Isabel Brown Brown,,12,5,Individual,Clásico,https://chess-results.com/tnr1425624.aspx?lan=2
1431089,2026,Nacional,B,Etapa Nacional Juegos Estudiantiles B Individual F,2026-06-04,MEP,Escuela Isabel Brown Brown,,12,5,Individual,Clásico,https://chess-results.com/tnr1431089.aspx?lan=2
1431104,2026,Nacional,B,Etapa Nacional Juegos Estudiantiles B Equipos Abie,2026-06-04,MEP,Escuela Isabel Brown Brown,,54,5,Equipos,Clásico,https://chess-results.com/tnr1431104.aspx?lan=2
1431125,2026,Nacional,B,Etapa Nacional Juegos Estudiantiles B Equipos Feme,2026-06-04,MEP,Isabel Brown Brown,,49,5,Equipos,Clásico,https://chess-results.com/tnr1431125.aspx?lan=2
1431091,2026,Nacional,B,Etapa Nacional Juegos Estudiantiles B Individual A,2026-06-05,MEP,Escuela Isabel Brown Brown,,12,5,Individual,Clásico,https://chess-results.com/tnr1431091.aspx?lan=2
