clave,puesto,nombre,institucion,elo,puntos
49302,1,Blanco Rojas Benjamín,Liceo de Alfaro Ruiz,1600,
49302,1,García Solano Angel,Liceo de Alfaro Ruiz,1600,
49302,1,Lobo Pérez José Pablo,Liceo de Alfaro Ruiz,1600,
49302,1,Soza García Manfred Antonio,Liceo de Alfaro Ruiz,1600,
49302,1,Zamora Rodríguez Elbert Eduardo,Liceo de Alfaro Ruiz,1600,
49302,2,Artavia Aguilar Ronny,CTP Parrita,1600,
49302,2,Chavarría Segura Walter,CTP Parrita,1600,
49302,2,Mena Campos Christofer,CTP Parrita,1600,
49302,2,Rubi Agüero Brayant,CTP Parrita,1600,
49302,3,Bejarano Mora Antonio,Liceo Rural COOPESILENCIO,1600,
49302,3,León Bejarano Henry Gabriel,Liceo Rural COOPESILENCIO,1600,
49302,3,Ruiz Porras Diego Alonso,Liceo Rural COOPESILENCIO,1600,
49302,3,Salazar Barboza Dereck Josué,Liceo Rural COOPESILENCIO,1600,
49303,1,Chaves Chaves José,CTP Parrita,1600,
49303,1,Fernández Qurós Josué,CTP Parrita,1600,
49303,1,Marín Mora Marco,CTP Parrita,1600,
49303,1,Mena Campos Jairo,CTP Parrita,1600,
49303,1,Solano Piedra Max,CTP Parrita,1600,
49303,2,Morera Campos Heizel María,CTP Piedades Sur,1612,
49303,2,Rodríguez Arias Javier,CTP Piedades Sur,1600,
49303,2,Vásquez Jiménez María Sinaí,CTP Piedades Sur,1600,
49303,2,Zamora Hidalgo Marcos,CTP Piedades Sur,1600,
49303,3,Araya Espinoza Jocser Fabián,Liceo Rural COOPESILENCIO,1600,
49303,3,Campos Castillo Félix,Liceo Rural COOPESILENCIO,1600,
49303,3,Espinoza López Bryan Josué,Liceo Rural COOPESILENCIO,1600,
49303,3,Montiel Lara César David,Liceo Rural COOPESILENCIO,1600,
49304,1,Castro Guido Elyn Francisco,,1600,5
49304,2,Chacón Quesada Andy Vinicio,,1600,4
49304,3,López Mora José Daniel,,1600,2.5
49304,5,Arias Araya Mario Alberto,,1600,1
49304,6,Marín Rodríguez Bryan Alfonso,,1701,0
49305,1,Lobo Zúñiga Wilberth Gerardo,,1718,3
49305,2,Solís Prieto Javier,,1604,2
49305,3,Solano Piedra Byron,,1600,0.5
54200,1,Campos Arguedas Adrian,Saint Beneditt,,
54200,1,Cardozo Perez Armando,Saint Beneditt,,
54200,1,Garnier Cerdas Jose Pablo,Saint Beneditt,,
54200,1,Mora Salas Jose Pablo,Saint Beneditt,,
54200,2,Arguello Hess Luca,GOLDEN VALLEY,,
54200,2,Céspedes Chaves Albert,GOLDEN VALLEY,,
54200,2,Gutiérrez Rosabal Roberto,GOLDEN VALLEY,,
54200,2,Salazar Strelschenko Julio,GOLDEN VALLEY,,
54200,2,Wright Dilán,GOLDEN VALLEY,,
54201,1,Murillo González Carlos,Liceo Bilingüe Belén,,3
54201,2,Buitrago Mosquera Antonio,Colegio Metodista,,2
54201,3,Cheves Benavides Diego,Colegio La Palma,,1
54201,4,Chavarría Alvarado Juan Carlos,Colegio Valle del Sol,,0
54202,1,Salas Torres Pamela,San Francisco de Asís,,1.5
54202,2,Castro Ileana,Liceo San Antonio,,1
54202,3,Chiong Zhu Angélica,Claretiano,,0.5
54203,1,Fernandez Badilla Jocelyn,Liceo Finca Naranjo,,
54203,1,Madrigal Álvarez Karolay,Liceo Finca Naranjo,,
54203,1,Merino Zapata María,Liceo Finca Naranjo,,
54203,1,Ruiz Villegas Xinia,Liceo Finca Naranjo,,
54203,1,Salazar Moya Pamela,Liceo Finca Naranjo,,
54203,2,Aguikar Valeria,GOLDEN VALLEY,,
54203,2,Moreira Rodríguez Lucía,GOLDEN VALLEY,,
54203,2,Retana Jara Catalina,GOLDEN VALLEY,,
54203,2,Solano Steller Priscilla,GOLDEN VALLEY,,
54203,2,Villalobos Villalobos Mary Paz,GOLDEN VALLEY,,
54204,1,Blanco Rojas Benjamin,Liceo Alfaro Ruiz,,
54204,1,Lobo Perez Jose Pablo,Liceo Alfaro Ruiz,,
54204,1,Sosa Garcia Manfred,Liceo Alfaro Ruiz,,
54204,1,Zamora Rodriguez Elberth,Liceo Alfaro Ruiz,,
54204,2,Badilla Barboza Kevin,Liceo Fernando Volio,,
54204,2,Calderón Rojas Randall,Liceo Fernando Volio,,
54204,2,Pérez Méndez Víctor,Liceo Fernando Volio,,
54204,2,Quiros Arias Ramón,Liceo Fernando Volio,,
54204,3,Alfaro Romero Rafael Steven,Liceo Turrialba,,
54204,3,Obando Mora Ariel,Liceo Turrialba,,
54204,3,Quirós Velásquez José Carlos,Liceo Turrialba,,
54204,3,Suzuki Arroyo Satoshi,Liceo Turrialba,,
54204,4,Bermudez Rivera Valery,Liceo Pacto del Jocote,,
54204,4,Bolanos Pereira Jeffrey,Liceo Pacto del Jocote,,
54204,4,Davila Vega Carlos Daniel,Liceo Pacto del Jocote,,
54204,4,Parajedes Villegas Nicolas,Liceo Pacto del Jocote,,
54204,4,Porras Chavarria Steve,Liceo Pacto del Jocote,,
54204,5,Gupp Andre,Humboldt,,
54204,5,Leiva Elias,Humboldt,,
54204,5,Rechsterney Andres,Humboldt,,
54204,5,Solis Isaac,Humboldt,,
54204,5,Walton Brandon,Humboldt,,
54204,6,Hrohek Rojas James,GOLDEN VALLEY,,
54204,6,Piñeiro Cruz Ernesto,GOLDEN VALLEY,,
54204,6,Rojas Bernini José Daniel,GOLDEN VALLEY,,
54204,6,Solano Araya Jean Carlo,GOLDEN VALLEY,,
54204,6,Vives Castro Esteban,GOLDEN VALLEY,,
54205,1,Ramírez Melissa,María Auxiliadora,,3.5
54205,2,Ramírez González María José,Instituto Julio Acosta,,3
54205,3,Acevedo Méndez Conny,Gregorio José Ramírez,,1.5
54205,4,Gamboa Navarro Andrea,CTP San Isidro,,1
54205,5,Morales Karpinsky María José,Turrialba,,1
54206,1,Durán Vega Andrés,Centro Educativo Semillas,,5.5
54206,2,Jimenez Garcia Emanuel,,,5
54206,3,Lobo Zúñiga Wilberth,Liceo Bilingüe San Ramón,,3.5
54206,4,Solano Cuya Bryan,Gregorio José Ramírez,,2.5
54206,5,Artavia Giovanni,Anglo Americana,,2.5
54206,6,Piedra Chinchilla Pablo,Liceo San Pedro PZ,,2
54206,7,Duarte Perez Olger,Liceo Ciudad Colon,,0
54207,1,Flores Alvarado Raquel,Liceo Fernando Volio,,
54207,1,González Solórzano Darling María,Liceo Fernando Volio,,
54207,1,Quiel Calderón Selena Fabiola,Liceo Fernando Volio,,
54207,1,Valverde Méndez Andrea,Liceo Fernando Volio,,
54207,2,Molina Shvidchenc Josefina,Liceo Experimental Turrialba,,
54207,2,Quesada Carballo Patsy,Liceo Experimental Turrialba,,
54207,2,Reyes Umaña Yuliana,Liceo Experimental Turrialba,,
54207,2,Ríos Diaz Delicia,Liceo Experimental Turrialba,,
54208,1,Castro Adrian,Colegio Humboldt,,
54208,1,Ho Kuo Jason,Colegio Humboldt,,
54208,1,Loria Giovanni,Colegio Humboldt,,
54208,1,Quiros Jose Pablo,Colegio Humboldt,,
54208,1,Walton Kevin,Colegio Humboldt,,
54208,2,Alfaro López Yocsan,CTP Fernando Volio,,
54208,2,González Hidalgo Steven Alberto,CTP Fernando Volio,,
54208,2,Leitón Jiménez Jason,CTP Fernando Volio,,
54208,2,Quesada Quesada Anthony,CTP Fernando Volio,,
54208,2,Sánchez Cerdas Brian Rolando,CTP Fernando Volio,,
54208,3,Chaves Cheves José,CTP de Parrita,,
54208,3,Fernández Quirós Josué,CTP de Parrita,,
54208,3,Marín Mora Marco,CTP de Parrita,,
54208,3,Mena Campos Jairo,CTP de Parrita,,
54208,3,Solano Piedra Max,CTP de Parrita,,
54208,4,Beita Montenegro Geiner,CTP Corredores,,
54208,4,Mitre Morales Joseph,CTP Corredores,,
54208,4,Rojas Gutierrez Olman,CTP Corredores,,
54208,4,Sanchez Funez Elvis,CTP Corredores,,
54208,4,Solano Serrano Juan Daniel,CTP Corredores,,
54208,5,Barrantes Gómez Leandro,CTP Nandayure,,
54208,5,Bolaños Ferreto Darried David,CTP Nandayure,,
54208,5,Rodriguez Murillo Josue David,CTP Nandayure,,
54208,5,Varela Mora Bernardo,CTP Nandayure,,
54208,5,Villegas Carranza Alex Daniel,CTP Nandayure,,
54208,6,Hronek Rojas Max,GOLDEN VALLEY,,
54208,6,Mc Queary Jordan,GOLDEN VALLEY,,
54208,6,Mijares Alvarado Alejandro,GOLDEN VALLEY,,
54208,6,Solano Steller Ricardo,GOLDEN VALLEY,,
54208,6,Vindas Prado Esteban,GOLDEN VALLEY,,
54209,1,Vargas Brenes Jenifer,CTP de la Suiza,,2
54209,2,Ramírez Morales Keilly Magaly,Colegio Humanístico,,2
54209,4,Vargas Cruz Daniela,Instituto Julio Acosta,,0
54210,1,Bonilla Mora Luis Daniel,Liceo San Pedro P.Z,,4
54210,2,Acevedo Mendez Oscar,Gregorio José Ramírez,,3
54210,3,Flores Rojas Federico,María Inmaculada,,2
54210,4,Navarro Aguilar Julio,CTP de La Suiza,,1
54210,5,Castro Guido Elyin Francisco,CTP de Jaco,,0
59297,1,Acevedo Méndez Jennifer,,,2
59297,2,Valverde Meredith,Escuela Las Lagunas,,1
59297,3,Calvo Vega Nicole,Escuela Cecilio Lindo,,0
59298,1,Castro Richards Ixel,Escuela Bribrí,,4
59298,2,Vargas Jazmín,Escuela Estados Unidos,,3
59298,3,Quesada Alison,Escuela Ricardo Jiménez,,2
59298,4,Chavarría Hillary,Escuela Luis Shapiro,,1
59298,5,Ramírez Keren,Escuela Las Lagunas,,0
59299,1,Quesada Jordi,Escuela Ricardo Jiménez,,4
59299,2,Rubí López Bryan,Escuela Juan Rafael Meoño,,2
59299,3,Villalobos Justin,Escuela Luis Shapiro,,2
59299,4,Orozco Brayner,Escuela Bribrí,,2
59299,5,Zúñiga Roy,Escuela Rafael Calderón,,0
59300,1,Valdés torres Néstor Josué,Escuela EEUU,,5
59300,2,Salas Eduardo,Escuela Las Américas,,4
59300,3,Jirón Brainer,Escuela Santa Elena,,3
59300,4,López Andrés,Escuela Bribrí,,2
59300,5,Rojas Jeick,Escuela Luis Shapiro,,1
59300,6,Picado Gerald,Escuela tomás Guardia,,0
59301,1,Alfaro Esquivel María Fernanda,Escuela Pacto del Jocote,,
59301,1,Guzmán Ortega Diala Milena,Escuela Pacto del Jocote,,
59301,1,Jiménez Solórzano Edthmilye,Escuela Pacto del Jocote,,
59301,1,Porras Chavarría Pamela María,Escuela Pacto del Jocote,,
59301,1,Ramírez Monge Casandra,Escuela Pacto del Jocote,,
59301,2,Abarca Calderón María José,Escuela Las Lagunas,,
59301,2,Barela Solís Lauryn,Escuela Las Lagunas,,
59301,2,Castro Flores María,Escuela Las Lagunas,,
59301,2,Mendoza Fonseca Noelvi Lucía,Escuela Las Lagunas,,
59301,2,Ramírez Sánchez Katty Masiel,Escuela Las Lagunas,,
59301,3,Garro Vilma,Escuela José Cubero,,
59301,3,GarroSierra Garcia Katherine,Escuela José Cubero,,
59301,3,Zúñiga Gámez Anneth,Escuela José Cubero,,
59301,3,Zúñiga Gámez Nayerith,Escuela José Cubero,,
59301,3,Zúñiga Gámez Verónica,Escuela José Cubero,,
59302,1,Altamirano Mora Paola,Escuela Las Lagunas,,
59302,1,Campos Quintanilla Karen,Escuela Las Lagunas,,
59302,1,Chinchilla Núñez Kimberly,Escuela Las Lagunas,,
59302,1,Flores Alvarado Viviana Rebeca,Escuela Las Lagunas,,
59302,1,Godínez Alvarado Angélica,Escuela Las Lagunas,,
59302,2,Cruz Guzmán Hilary,Escuela José Cubero,,
59302,2,Cruz Guzmán Kendy,Escuela José Cubero,,
59302,2,Mora Guevara Melissa,Escuela José Cubero,,
59302,2,Mora Guevara Sofía,Escuela José Cubero,,
59302,3,Arguedas Masis María José,Escuela Mariano Cortez,,
59302,3,Núñez Fonseca Alina,Escuela Mariano Cortez,,
59302,3,Salazar Gould Melanie,Escuela Mariano Cortez,,
59302,3,Sánchez Vargas Nicole,Escuela Mariano Cortez,,
59303,1,Arroliga Martínez José Gabriel,Escuela Pacto del Jocote,,
59303,1,Jiménez Campos Aarón,Escuela Pacto del Jocote,,
59303,1,Miranda Arias José Andrés,Escuela Pacto del Jocote,,
59303,1,Porras Chavarría Michael,Escuela Pacto del Jocote,,
59303,1,Rivera González José Alexis,Escuela Pacto del Jocote,,
59303,2,Alfaro Romero Brandon,Nuestra Señora de Sión,,
59303,2,Alfaro Romero Gabriel,Nuestra Señora de Sión,,
59303,2,Cabezas Solano David,Nuestra Señora de Sión,,
59303,2,Chacón Marín Raúl,Nuestra Señora de Sión,,
59303,2,Marín Chacón Marcelo,Nuestra Señora de Sión,,
59303,3,Badilla Quesada Dennis,Escuela Las Lagunas,,
59303,3,Cardenas Esquivel Luis Martin,Escuela Las Lagunas,,
59303,3,Godínez Hidalgo Javier,Escuela Las Lagunas,,
59303,3,Ureña Bonilla Jordi Efraín,Escuela Las Lagunas,,
59303,3,Valverde Aguilar Rubén,Escuela Las Lagunas,,
59303,4,Castro Richard Gabriel,Escuela Líder Bribrí,,
59303,4,Mendoza Aguirre Alan Andrés,Escuela Líder Bribrí,,
59303,4,Morera Cortez Luis Arturo,Escuela Líder Bribrí,,
59303,4,Sevilla Arias Erick Ibrahim,Escuela Líder Bribrí,,
59304,1,Cascante Días Juan Diego,Escuela Pacto del Jocote,,
59304,1,Chacón Agüero Andrés,Escuela Pacto del Jocote,,
59304,1,Gutiérrez Chacón Wilberth José,Escuela Pacto del Jocote,,
59304,1,Miranda Arias Javier,Escuela Pacto del Jocote,,
59304,1,Narváez González Bernal,Escuela Pacto del Jocote,,
59304,2,Arroyo Murillo Johel,Escuela José Cubero,,
59304,2,Gazo Gómez Fabián,Escuela José Cubero,,
59304,2,Hernández Villalobos Luis,Escuela José Cubero,,
59304,2,Zúñiga Camacho Jorge,Escuela José Cubero,,
59304,2,Zúñiga Camacho Marco,Escuela José Cubero,,
59304,3,Abarca Calderón José Fábian,Escuela Las Lagunas,,
59304,3,Badilla Barboza Jeremy,Escuela Las Lagunas,,
59304,3,Cordero Mena Cristofer Antonio,Escuela Las Lagunas,,
59304,3,Ramírez Sánchez Dixon,Escuela Las Lagunas,,
59304,4,Alvarado Álvarez Carlos Vinicio,Escuela Luis Shapiro,,
59304,4,Durán Salgado Russel Andrey,Escuela Luis Shapiro,,
59304,4,González Gutiérrez Eladio,Escuela Luis Shapiro,,
59304,4,Rodríguez Hernández Máinor Gabriel,Escuela Luis Shapiro,,
59304,4,Zúñiga Rodríguez Adrián,Escuela Luis Shapiro,,
59304,5,Hernández Morales David,Escuela Líder Bribrí,,
59304,5,Loria Vargas Kevin Rivaldo,Escuela Líder Bribrí,,
59304,5,Orozco Tablada Joshua,Escuela Líder Bribrí,,
59304,5,Ruiz Vargas Jarod,Escuela Líder Bribrí,,
59304,6,Garita Vargas Geiner Alberto,Escuela Manuel de Jesús Jiménez,,
59304,6,Gómez Gómez Carlos Eduardo,Escuela Manuel de Jesús Jiménez,,
59304,6,Granado Brenes Ronald Josué,Escuela Manuel de Jesús Jiménez,,
59304,6,torres Víquez Luis Alejandro,Escuela Manuel de Jesús Jiménez,,
59304,6,Víquez Zúñiga Wilberh Josué,Escuela Manuel de Jesús Jiménez,,
85725,1,Adsien Méndez Gómez,Escuela Las Lagunas,,
85725,1,Angélica Godínez Alvarado,Escuela Las Lagunas,,
85725,1,Karen Campos Quintanilla,Escuela Las Lagunas,,
85725,1,Kimberly Chinchilla Núñez,Escuela Las Lagunas,,
85725,1,Viviana Flores Alvarado,Escuela Las Lagunas,,
85725,2,Génesis Sibaja Sibaja,Escuela Pacto del Jocote,,
85725,2,Kristel Jiménez Salas,Escuela Pacto del Jocote,,
85725,2,María José Trujillo Salas,Escuela Pacto del Jocote,,
85725,2,Melissa Centeno Orozco,Escuela Pacto del Jocote,,
85725,2,Pamela Porras Chavarría,Escuela Pacto del Jocote,,
85725,3,Dora Luz Varela Manzanares,Escuela Ermida Blanco,,
85725,3,Jazmín Ovares Castrillo,Escuela Ermida Blanco,,
85725,3,Kembly Vega Gutiérrez,Escuela Ermida Blanco,,
85725,3,Kimberly Monge Peña,Escuela Ermida Blanco,,
85725,3,Michelle Cid Chavarría,Escuela Ermida Blanco,,
85725,4,María Isabel Céspedes Cruz,Escuela Dr. Luis Shapiro,,
85725,4,Meylin Azofeifa Romero,Escuela Dr. Luis Shapiro,,
85725,4,Nayelli Castillo Abrahams,Escuela Dr. Luis Shapiro,,
85725,4,Sinthya Jiménez Jiménez,Escuela Dr. Luis Shapiro,,
85725,5,Franciny Roveda Sánchez,Escuela Manuel Jesús Jiménez,,
85725,5,María Sánchez Castillo,Escuela Manuel Jesús Jiménez,,
85725,5,Marilyn Gómez Gómez,Escuela Manuel Jesús Jiménez,,
85725,5,Tatiana Gómez Granados,Escuela Manuel Jesús Jiménez,,
85725,5,Yoselin Brenes Granados,Escuela Manuel Jesús Jiménez,,
85725,6,Abigail Anchía Granados,Escuela José Cubero,,
85725,6,Annette Zúñiga Gamez,Escuela José Cubero,,
85725,6,Katherine Sierra García,Escuela José Cubero,,
85725,6,Reichel Morales Sanchéz,Escuela José Cubero,,
85725,6,Verónica Zúñiga Gamez,Escuela José Cubero,,
85728,1,Alejandro Pacheco Calderón,Escuela Pacto del Jocote,,
85728,1,Brandon Esquivel Pérez,Escuela Pacto del Jocote,,
85728,1,José Alexis Rivera González,Escuela Pacto del Jocote,,
85728,1,José Gabriel Arróliga Martínez,Escuela Pacto del Jocote,,
85728,1,Michael Porras Chavarría,Escuela Pacto del Jocote,,
85728,2,Dennis Badilla Zeledón,Escuela Las Lagunas,,
85728,2,Dixon Ramírez Sánchez,Escuela Las Lagunas,,
85728,2,Fabián Abarca Calderón,Escuela Las Lagunas,,
85728,2,Javier Godínez Hidalgo,Escuela Las Lagunas,,
85728,2,Luis Martin Cárdenas Esquivel,Escuela Las Lagunas,,
85728,3,Andrew Mora Dejuk,Escuela José Cubero,,
85728,3,Erick Solano Abarca,Escuela José Cubero,,
85728,3,Jose Fabián Gazo Gómez,Escuela José Cubero,,
85728,3,Marco Zuñiga Camacho,Escuela José Cubero,,
85728,3,Sergio Gómez Oreas,Escuela José Cubero,,
85728,4,Eladio González Gutiérrez,Escuela Dr. Luis Shapiro,,
85728,4,Jonathan Angulo Alcócer,Escuela Dr. Luis Shapiro,,
85728,4,Kevin Herrera Arias,Escuela Dr. Luis Shapiro,,
85728,4,Minor Rodríguez Hernández,Escuela Dr. Luis Shapiro,,
85728,4,Russel Durán Salgado,Escuela Dr. Luis Shapiro,,
85728,5,Brayan Alfaro Arroyo,Escuela Ermida Blanco,,
85728,5,Greivin García Alfaro,Escuela Ermida Blanco,,
85728,5,Joseph Vindas Zúñiga,Escuela Ermida Blanco,,
85728,5,Marco Gutiérrez Segura,Escuela Ermida Blanco,,
85728,6,Anthony David Fuentes Calvo,Rafael Fuentes Piedra,,
85728,6,Jonathan David Fuentes Calvo,Rafael Fuentes Piedra,,
85728,6,Juan Pablo Nájera Alvarado,Rafael Fuentes Piedra,,
85728,6,Ronny Quirós Moya,Rafael Fuentes Piedra,,
85741,1,Ashley Rodríguez Díaz,Escuela Pacto del Jocote,,
85741,1,Carolayne Quesada Calderón,Escuela Pacto del Jocote,,
85741,1,Emmaury Méndez Valerín,Escuela Pacto del Jocote,,
85741,1,María Luisa Delgado Gómez,Escuela Pacto del Jocote,,
85741,1,Nicole Pérez González,Escuela Pacto del Jocote,,
85741,2,Hazel Pérez Agüero,Escuela Ermida Blanco,,
85741,2,Hillary Rodríguez Narváez,Escuela Ermida Blanco,,
85741,2,Jessica Ugalde Chaves,Escuela Ermida Blanco,,
85741,2,Kimberly Alemán Hernández,Escuela Ermida Blanco,,
85741,2,Paola Arroyo Carvajal,Escuela Ermida Blanco,,
85741,3,Dayana Padilla Guzmán,Escuela Las Lagunas,,
85741,3,Glendoriee Elizondo Elizondo,Escuela Las Lagunas,,
85741,3,Hilary Méndez Gómez,Escuela Las Lagunas,,
85741,3,Keren Ramírez Sánchez,Escuela Las Lagunas,,
85741,3,Yariela Badilla Quesada,Escuela Las Lagunas,,
85741,4,Alison Quesada Campos,Ricardo Jiménez Oreamuno,,
85741,4,Camila Torres Cadena,Ricardo Jiménez Oreamuno,,
85741,4,Naomy Rivera Pérez,Ricardo Jiménez Oreamuno,,
85741,4,Natalia Quesada Brenes,Ricardo Jiménez Oreamuno,,
85741,5,Camila Baltodano Mendoza,Escuela Chase,,
85741,5,Maria Celeste Baltonado Mendoza,Escuela Chase,,
85741,5,Maria Jose Barrios Vaz,Escuela Chase,,
85741,5,Natalia Baltodano Garcia,Escuela Chase,,
85742,1,Aarón Fernández Ortiz,Escuela Eugenio Corrales,,
85742,1,David Barquero Meza,Escuela Eugenio Corrales,,
85742,1,Diego Bonilla Quirós,Escuela Eugenio Corrales,,
85742,1,Glen Luxtle Soto,Escuela Eugenio Corrales,,
85742,2,Byron Herrera Membreño,Escuela Ermida Blanco,,
85742,2,Christopher Quirós Guzmán,Escuela Ermida Blanco,,
85742,2,Cristian Soto Solís,Escuela Ermida Blanco,,
85742,2,Mykel Cid Chavarría,Escuela Ermida Blanco,,
85742,2,Oscar Quirós Sequeira,Escuela Ermida Blanco,,
85742,3,Brian Zeledón Esquivel,Escuela Las Lagunas,,
85742,3,Herald Barrantes Campos,Escuela Las Lagunas,,
85742,3,Jack Cahuas Arguedas,Escuela Las Lagunas,,
85742,3,Jeremy Ureña León,Escuela Las Lagunas,,
85742,3,Juan Antonio Castro Flores,Escuela Las Lagunas,,
85742,4,Alfredo Castillo Soto,Escuela Pacto del Jocote,,
85742,4,Gean Franco Trigueros Chacón,Escuela Pacto del Jocote,,
85742,4,Kevin Arevalo Salas,Escuela Pacto del Jocote,,
85742,4,Leonardo Solís Mejias,Escuela Pacto del Jocote,,
85742,4,Roy Loría Oconitrillo,Escuela Pacto del Jocote,,
85742,5,Andrés Mora,Saint Jude,,
85742,5,Antonio Antounian Díaz,Saint Jude,,
85742,5,Cristian Achong Abreu,Saint Jude,,
85742,5,Omar Zúñiga Campos,Saint Jude,,
85742,5,Ricardo Sáenz Mora,Saint Jude,,
85742,6,Adrián Zúñiga Rodríguez,Escuela Dr. Luis Shapiro,,
85742,6,Carlos Solera Sánchez,Escuela Dr. Luis Shapiro,,
85742,6,Jonathan Quirós Arias,Escuela Dr. Luis Shapiro,,
85742,6,José Andrés Obando Guzmán,Escuela Dr. Luis Shapiro,,
85743,1,Valerie Marín León,Escuela Benjamín Herrera,,4.5
85743,2,Ixel Castro Richard,Escuela Líder Bribri,,4
85743,3,María José Abarca Calderón,Escuela Las Lagunas,,3
85743,4,Jazmín Vanesa Vargas Araya,Escuela Estados Unidos,,2
85743,5,Nicole Calvo Vega,Escuela Cecilio Lindo,,1.5
85743,6,Ericka Vásquez Víquez,Escuela Ermida Blanco,,0
85744,1,Melanie Salazar Gould,Escuela Mariano Cortes,,6
85744,2,Mercedes León Vargas,Escuela Benjamín Herrera,,5
85744,3,Sharline Arguedas Bolaños,Escuela Barrio Los Angeles,,4
85744,4,Fiorella Montenegro Madrigal,Escuela 12 De Marzo,,3
85744,5,Diana Arias Azofeifa,Escuela Estados Unidos,,2
85744,6,María Jesús Herrera Oviedo,Escuela Ermida Blanco,,1
85744,7,Silvia Álvarez Sosa,Escuela Montaña Grande,,0
85745,1,Néstor Josué Valdez Torres,Escuela Estados Unidos,,6
85745,2,Eduardo Salas Jiménez,Escuela Las Américas,,5
85745,3,Víctor Marín Calderón,Escuela Dr. Luis Shapiro,,4
85745,4,Esteban González Valverde,Escuela Central De Palmar Sur,,3
85745,5,Gustavo Rodríguez Narvaez,Escuela Ermida Blanco,,2
85745,6,José Agustín Venegas Vega,Escuela Arturo Torres,,0
85746,1,David Cabezas Solano,Escuela Nuestra Señora De Sión,,5
85746,2,Luis Alfredo Price (III lugar),Escuela Suretka,,3
85746,5,Aarón Jiménez Campos,Escuela Pacto Del Jocote,,1
85746,6,Brayan Suarez Alemán,Escuela Ermida Blanco,,0
103971,1,Castro Ulloa Rolando,Colegio Claretiano,1829,
103971,1,Moreno Montero Jesus Alonso,Colegio Claretiano,1781,
103971,1,Fallas Saborio Alejandro,Colegio Claretiano,1741,
103971,1,Gomez Arroyo Alexander,Colegio Claretiano,1600,
103971,1,Miranda Arroyo Jose Pablo,Colegio Claretiano,1600,
103971,2,Cespedes Jimenez Luis,CTP Orosi,1600,
103971,2,Montenegro Granados Anthony,CTP Orosi,1600,
103971,2,Ramirez Valerin Lorenzo,CTP Orosi,1600,
103971,2,Thames Fernandez Kendal,CTP Orosi,1600,
103971,3,Rivera Gonzalez Jose Alexis,Liceo Pacto del Jocote,1801,
103971,3,Carvajal Jimenez Jose Pablo,Liceo Pacto del Jocote,1600,
103971,3,Pacheco Calderon Alejandro,Liceo Pacto del Jocote,1600,
103971,3,Vargas Bolanos Jose Ivan,Liceo Pacto del Jocote,1600,
103971,4,Barboza Hernandez Carlos,CTP La Suiza,1600,
103971,4,Porras Aguilar Celimo,CTP La Suiza,1600,
103971,4,Sanchez Herrera Jurbbyn,CTP La Suiza,1600,
103971,4,Vargas Fonseca Fabian,CTP La Suiza,1600,
103971,5,Gonzalez Kenner,Colegio Academico Finca Naranjo,1600,
103971,5,Jimenez Albert,Colegio Academico Finca Naranjo,1600,
103971,5,Morgan Russell,Colegio Academico Finca Naranjo,1600,
103971,5,Sanchez Moises,Colegio Academico Finca Naranjo,1600,
103971,6,Blanco Rojas Alejandro,LEB Los Angeles San Carlos,1600,
103971,6,Morales Quiros Yervin,LEB Los Angeles San Carlos,1600,
103971,6,Salazar Ramos Nataniel,LEB Los Angeles San Carlos,1600,
103971,6,Sanchez Castro Josue Daniel,LEB Los Angeles San Carlos,1600,
103972,1,Quesada Salcedo Jacobo,Colegio Humboldt,1726,
103972,1,Solis Isaac,Colegio Humboldt,1645,
103972,1,Brenes Manuel,Colegio Humboldt,1600,
103972,1,Bujan Jean Paul,Colegio Humboldt,1600,
103972,1,Gouppe Andre,Colegio Humboldt,1600,
103972,2,Gomez Salazar Bryan Andres,CTP San Isidro,1628,
103972,2,Castillo Acuna Johan Mario,CTP San Isidro,1612,
103972,2,Aguilar Acuna Juan,CTP San Isidro,1600,
103972,2,Godinez Garro Jeremy,CTP San Isidro,1600,
103972,3,Salas Salas Armando,Liceo Alfaro Ruiz,1625,
103972,3,Garcia Solano Angel Vilmar,Liceo Alfaro Ruiz,1600,
103972,3,Lopez Calderon Gerardo,Liceo Alfaro Ruiz,1600,
103972,3,Soza Garcia Manfred Antonio,Liceo Alfaro Ruiz,1600,
103972,3,Zamora Rodriguez Elberth Eduardo,Liceo Alfaro Ruiz,1600,
103972,4,Brenes Vega Gabriel,CTP La Suiza,1600,
103972,4,Calvo Alvarez Royer,CTP La Suiza,1600,
103972,4,Echavarria Fonseca Kennet,CTP La Suiza,1600,
103972,4,Rivera Hernandez Victor Hugo,CTP La Suiza,1600,
103972,4,Zeledon Gomez Daniel,CTP La Suiza,1600,
103972,5,Berrocal Solano Greivin,CTP Orosi,1600,
103972,5,Chavez Chavez Juan de Dios,CTP Orosi,1600,
103972,5,Granados Araya Jafet,CTP Orosi,1600,
103972,5,Solano Coto Andres,CTP Orosi,1600,
103972,6,Gonzalez Serrano Hermes,LEB Rio Jimenez,1600,
103972,6,Mora Castro Ronald,LEB Rio Jimenez,1600,
103972,6,Murillo Cespedes Brandon,LEB Rio Jimenez,1600,
103972,6,Sanchez Gutierrez Issact,LEB Rio Jimenez,1600,
103972,7,Aguero Ramirez Elias,Liceo Rural Islas del Chirripo,1600,
103972,7,Gutierrez Cordero Ulises,Liceo Rural Islas del Chirripo,1600,
103972,7,Guzman Salgado Jose Andres,Liceo Rural Islas del Chirripo,1600,
103972,7,Rios Fernandez Jesus,Liceo Rural Islas del Chirripo,1600,
103972,8,Araya Montoya David Francisco,Colegio Jose M Gutierrez,1600,
103972,8,Badilla Cortes Cristopher,Colegio Jose M Gutierrez,1600,
103972,8,Flores Cordero Christian,Colegio Jose M Gutierrez,1600,
103972,8,Villareal Alvarado Isaac Alfredo,Colegio Jose M Gutierrez,1600,
103972,8,Villegas Vargas Isaac,Colegio Jose M Gutierrez,1600,
103973,1,Castro Flores Maria Fernanda,Liceo Fernando Volio Jimenez PZ,1656,
103973,1,Godinez Alvarado Angelica,Liceo Fernando Volio Jimenez PZ,1642,
103973,1,Chinchilla Nunez Kimberly,Liceo Fernando Volio Jimenez PZ,1635,
103973,1,Flores Alvarado Viviana,Liceo Fernando Volio Jimenez PZ,1600,
103973,1,Mendez Gomez Adslen,Liceo Fernando Volio Jimenez PZ,1600,
103973,2,Gonzalez Rojas Maria de los Angeles,Liceo San Jose de Alajuela,1600,
103973,2,Guzman Ortega Diala Milena,Liceo San Jose de Alajuela,1600,
103973,2,Jimenez Solorzano Edthmilye,Liceo San Jose de Alajuela,1600,
103973,2,Morales Alvarado Allison,Liceo San Jose de Alajuela,1600,
103973,2,Obando Fonseca Daney,Liceo San Jose de Alajuela,1600,
103973,,Castro Arias Valeria,Golden Valley School,1600,
103973,,Guerrero Montero Mariana,Golden Valley School,1600,
103973,,Rodriguez Picado Mariel,Golden Valley School,1600,
103973,,Solano Araya Sofia,Golden Valley School,1600,
103973,,Umana Segura Valeria,Golden Valley School,1600,
103974,1,Quiel Calderon Selena,Liceo Fernando Volio Jimenez PZ,1638,
103974,1,Flores Alvarado Raquel,Liceo Fernando Volio Jimenez PZ,1628,
103974,1,Herrera Solis Maria Jose,Liceo Fernando Volio Jimenez PZ,1600,
103974,1,Ramirez Sanchez Katty Masiel,Liceo Fernando Volio Jimenez PZ,1600,
103974,1,Ramirez Sanchez Maria Alexand,Liceo Fernando Volio Jimenez PZ,1600,
103974,2,Calvo Navarrete Karolay,Liceo Teodoro Picado,1600,
103974,2,Jarquin Suarez Jacqueline,Liceo Teodoro Picado,1600,
103974,2,Perez Portillo Kristhel,Liceo Teodoro Picado,1600,
103974,2,Roman Alvarado Mercy,Liceo Teodoro Picado,1600,
103974,2,Umana Arroyo Alba,Liceo Teodoro Picado,1600,
103974,3,Ramirez Gonzalez Maria Jose,Liceo Julio Acosta Garcia,1896,
103974,3,Gonzalez Cano Isabel,Liceo Julio Acosta Garcia,1600,
103974,3,Montero Arroyo Francini,Liceo Julio Acosta Garcia,1600,
103974,3,Morera Lobo Natalia,Liceo Julio Acosta Garcia,1600,
103975,1,Quesada Campos Jordi Alessand,LEB Jose Figueres Ferrer,2016,6.5
103975,2,Valdes Torres Nestor Josue,Regional de Flores,1958,6
103975,3,Alvarado Cascante Isaac,CTP La Suiza,1600,5
103975,4,Chaves Williams Jose Andres,Colegio Guaycara,1726,3.5
103975,5,Marin Calderon Victor,Liceo Duacari de Guapiles,1600,3
103975,6,Orozco Rodriguez Yarod,Liceo Rural Concho de Pocosol,1600,3
103975,7,Duque Araya Cristopher,Liceo Nuestra Senora de los Angeles,1600,1
103975,8,Toruno Alvarez Antonio,Liceo de Nicoya,1600,0
103976,1,Jimenez Garcia Emmanuel,LEB Pococi,2226,6.5
103976,2,Solano Cuya Bryan,Liceo Gregorio Jose Ramirez,2179,6
103976,3,Vaglio Mattey Emanuel,Colegio El Rosario,2142,5.5
103976,4,Montero Moya Keylan,CTPR San Carlos,1730,4
103976,5,Cedeno Sanchez Luis Andrey,CTP La Suiza,1600,2
103976,7,Arce Mendez Elias,CTP Dulce Nombre,1728,2
103976,8,Mitre Morales Fabriel,CTP Corredores,1600,0
103977,1,Acevedo Mendez Jennifer Tatia,Liceo Gregorio Jose Ramirez,1889,5
103977,2,Castillo Morales Thais,Nuestra Senora de Lourdes,1809,4
103977,3,Castro Richard Ixel,CTP Limon,1734,3
103977,4,Elizondo Elizondo Abigail,Liceo Fernando Volio Jimenez PZ,1600,2
103977,5,Calvo Vega Nicol,Liceo Hernan Vargas Ramirez,1600,1
103977,6,Morera Martinez Marley,Liceo Rural Islas del Chirripo,1600,0
103978,1,Salas Torres Pamela,Bilingue San Francisco de Asis,1899,4.5
103978,3,Castro Garcia Ileana,Liceo San Antonio de Desamparados,1820,3
103978,4,Acevedo Mendez Conny Daniela,Liceo Gregorio Jose Ramirez,1818,2
103978,5,Salazar Moya Alondra,Colegio Academico Finca Naranjo,1600,1
103978,6,Zuniga Ardon Alejandra,Liceo Rural Islas de Chirripo,1600,0
130307,1,Rojas Mora Juan Gerardo,,,3
130307,2,Benavides Sandoval Matías,,,2
130307,3,Rojas Mora José Elías,,,1
130307,4,Campos Vega Bayron Daniel,,,0
130308,1,Campos Vega Bryan Enrique,,,3
130308,2,Cordero Solís Nelson Rubén,,,2
130308,3,Porras García Jorshua,,,1
130308,4,Vega Araya Andrés,,,0
130314,1,Muñoz Ramírez Kyara,,,3
130314,2,Rojas Mora Ana Claret,,,2
130314,3,Rivas Quesada Nahira,,,1
130314,4,Campos Otarola Sofía,,,0
138197,1,Guzman Porras Sara,Las Lagunas,1400,
138197,1,Molina Valverde Leslie,Las Lagunas,1400,
138197,1,Rodriguez Quesada Tamara,Las Lagunas,1400,
138197,1,Rodriguez Valverde Hilary,Las Lagunas,1400,
138197,1,Zeledon Alvarado Alexandra,Las Lagunas,1400,
138197,2,Araya Hernandez M. Daniela,Mariano Cortés Turrialba,1400,
138197,2,Araya Hernandez Maria Jose,Mariano Cortés Turrialba,1400,
138197,2,Gonzalez Ramirez Genesis,Mariano Cortés Turrialba,1400,
138197,3,Rojas Campos Julissa,Ermida Blanco,1400,
138197,3,Segura Martinez Melissa,Ermida Blanco,1400,
138197,3,Segura Vallejos Yacsurri,Ermida Blanco,1400,
138197,3,Vega Gutierrez Hillary,Ermida Blanco,1400,
138197,4,Castro Hernandez M. Celeste,Lepanto,1400,
138197,4,Fuentes Araya Brisa,Lepanto,1400,
138197,4,Martinez Zuniga Sharyd,Lepanto,1400,
138197,4,Mena Hidalgo Yembly,Lepanto,1400,
138197,4,Obando Obando Ana Isabel,Lepanto,1400,
138197,5,Carrillo Guerrero Nathali,Dr. Luis Shapiro Guápiles,1400,
138197,5,Chavarria Alvarado Daniela M,Dr. Luis Shapiro Guápiles,1400,
138197,5,Juarez Villalobos Blanca M,Dr. Luis Shapiro Guápiles,1400,
138197,5,Llorente Lopez Sara Estefani,Dr. Luis Shapiro Guápiles,1400,
138197,6,Castillo Miranda Gabriela,Carolina Dent,1400,
138197,6,Morales Espinoza Dayana,Carolina Dent,1400,
138197,6,Ramirez Madrigal Merillen A.,Carolina Dent,1400,
138197,6,Rivera Chinchilla Jimena P.,Carolina Dent,1400,
138197,6,Valle Pastora Jessica A.,Carolina Dent,1400,
138202,1,Cahuas Arguedas Jack,Las Lagunas,1400,
138202,1,Castro Alfaro Leander,Las Lagunas,1400,
138202,1,Meza Mena Jose David,Las Lagunas,1400,
138202,1,Meza Mena Roney,Las Lagunas,1400,
138202,2,Botero Diaz Santiago,Saint Jude,1636,
138202,2,Zuniga Campos Omar,Saint Jude,1620,
138202,2,Guzman Hidalgo Camila,Saint Jude,1561,
138202,2,Villegas Fernandez Luis Ignacio,Saint Jude,1400,
138202,3,Brenes Sosa Axel,Lepanto,1400,
138202,3,Escobar Rodriguez Keilor,Lepanto,1400,
138202,3,Jimenez Parra Jean Carlos,Lepanto,1400,
138202,3,Martinez Zuniga Obed,Lepanto,1400,
138202,3,Perez Quiros Angel,Lepanto,1400,
138202,4,Box Espinoza James Edley,Dr. Luis Shapiro,1400,
138202,4,Guzman Aguero Sebastian D,Dr. Luis Shapiro,1400,
138202,4,Herrera Brenes Yeudy Daniel,Dr. Luis Shapiro,1400,
138202,4,Mora Campos Luis Diego,Dr. Luis Shapiro,1400,
138202,4,Obando Guzman Jose Daniel,Dr. Luis Shapiro,1400,
138202,5,Correa Jimenez Emanuel,Mariano Cortes C,1400,
138202,5,Diaz Portuguez Mario Andres,Mariano Cortes C,1400,
138202,5,Mora Badilla Isaac,Mariano Cortes C,1400,
138202,5,Nunez Fonseca William,Mariano Cortes C,1400,
138202,6,Alfaro Gonzalez Jafeth,Jorge Washington,1400,
138202,6,Esquivel Jimenez Douglas,Jorge Washington,1400,
138202,6,Hernandez Jimenez Gabriel,Jorge Washington,1400,
138205,1,Mendez Valerin Emmaury,Pacto del Jocote,1622,
138205,1,Quesada Calderon Carolayne,Pacto del Jocote,1600,
138205,1,Cubero Moreno Nayeli,Pacto del Jocote,1400,
138205,1,Montoya Garcia Yancy,Pacto del Jocote,1400,
138205,1,Rodriguez Diaz Ashley,Pacto del Jocote,1400,
138205,2,Badilla Quesada Jeimy Yariela,Las Lagunas,1600,
138205,2,Padilla Guzman Dayana Pamela,Las Lagunas,1600,
138205,2,Chacon Valverde Paulina,Las Lagunas,1400,
138205,2,Mendez Gomez Hilary,Las Lagunas,1400,
138205,2,Valverde Salazar Meissel,Las Lagunas,1400,
138205,3,Murillo Badilla Brenda,Pbro Jose Daniel Carmona Briceno,1400,
138205,3,Nunez Alpizar Lincey Naomy,Pbro Jose Daniel Carmona Briceno,1400,
138205,3,Soto Esquivel Esmeralda,Pbro Jose Daniel Carmona Briceno,1400,
138205,3,Vidaurre Alpizar M. Celeste,Pbro Jose Daniel Carmona Briceno,1400,
138205,4,Cordero Fernandez Angeli,Cecilio Lindo Morales,1400,
138205,4,Fernandez Jimenez Alondra,Cecilio Lindo Morales,1400,
138205,4,Marrero Quesada Valerie,Cecilio Lindo Morales,1400,
138205,4,Padilla Hernandez Estefania,Cecilio Lindo Morales,1400,
138205,5,Campos Hernandez Beibelyn,Dr. Luis Shapiro,1400,
138205,5,Espinoza Esquivel Karol,Dr. Luis Shapiro,1400,
138205,5,Hidalgo Arias Veronica M,Dr. Luis Shapiro,1400,
138205,5,Mora Duran Meybelin,Dr. Luis Shapiro,1400,
138205,6,Miralles Cespedes Melany Nicole,Santa Marta,1400,
138205,6,Rodriguez Alvarado Valeria,Santa Marta,1400,
138205,6,Rojas Castro Nadia,Santa Marta,1400,
138208,1,Bonilla Quiros Diego Alonso,Eugenio Corrales Bianchini,1608,
138208,1,Barquero Meza David,Eugenio Corrales Bianchini,1600,
138208,1,Fernandez Ortiz Aaron,Eugenio Corrales Bianchini,1600,
138208,1,Coto Soto Ian,Eugenio Corrales Bianchini,1400,
138208,1,Picado Navarro Alejandro,Eugenio Corrales Bianchini,1400,
138208,2,Abarca Calderon Fabian,Las Lagunas,1400,
138208,2,Barrantes Campos Herald,Las Lagunas,1400,
138208,2,Cardenas Esquivel Luis,Las Lagunas,1400,
138208,2,Meza Mena Andres,Las Lagunas,1400,
138208,2,Urena Leon Jeremy,Las Lagunas,1400,
138208,3,Medina Mayorga David Josue,Pacto del Jocote,1614,
138208,3,Alvarado Arias Fabian,Pacto del Jocote,1400,
138208,3,Elizondo Montero Juan Luis,Pacto del Jocote,1400,
138208,3,Leon Cubero Brandon,Pacto del Jocote,1400,
138208,3,Sandi Quiros Andrey,Pacto del Jocote,1400,
138208,4,Duarte Lopez Alberto,Lepanto,1400,
138208,4,Erler Pelzer Ian,Lepanto,1400,
138208,4,Estrada Rodriguez Melvin,Lepanto,1400,
138208,4,Orozco Sosa Eduar,Lepanto,1400,
138208,4,Parra Romero Jefferson,Lepanto,1400,
138208,5,Alvarado Mora Junior,Dr. Luis Shapiro,1400,
138208,5,Guzman Sevilla Kenneth Josue,Dr. Luis Shapiro,1400,
138208,5,Quiros Arias Jonathan,Dr. Luis Shapiro,1400,
138208,5,Rojas Ugalde Jeik Isaias,Dr. Luis Shapiro,1400,
138208,5,Zuniga Rodriguez Adrian Josue,Dr. Luis Shapiro,1400,
138220,1,Cabezas Solano David Alejandr,Senora de Sion,1898,6
138220,2,Munoz Cisneros Adrian,Westland,1741,5
138220,3,Lopez Bustos David,Alajuela,1628,4
138220,4,Abarca Matarrita Juan Pablo,Central Guapiles,1400,3
138220,5,Mena Jimenez Luis Gabriel,Lepanto,1400,2
138220,6,Bermudez Barrantes Edrick,EAOE Canas,1400,1
138220,7,Padilla Castro Diego,Pueblo Nuevo,1400,0
138224,1,Ramirez Madrid Gerardo,New Hope,1723,4.5
138224,2,Garcia Mendez Ruben Ernesto,Pbro. Jose Daniel Carmona,1400,3.5
138224,3,Ballestero Araya Humberto,El Valle,1400,3
138224,4,Porras Chavarria Michael,Pacto del Jocote,1678,3
138224,5,Manzanares Mayorga Joseph,Suretka,1400,1
138224,6,Barboza Alban Dylan,La Margoth,1400,0
138228,1,Salazar Gould Melanie,Mariano Cortes,1895,5
138228,2,Leon Vargas Mercedes Lucia,Benjamin Herrera,1827,3
138228,3,Arguedas Bolanos Sharline,Barrio Los Angeles,1688,3
138228,4,Ramirez Sanchez Keren Beatriz,Las Lagunas,1600,2
138228,5,Munoz Ramirez Kyara Vanessa,Bilingue San Ramon,1600,2
138228,6,Garcia Brenes M Belen,Montana Grande,1400,0
138229,1,Solano Saltachin Ruth,Porfirio Brenes,1600,5
138229,2,Erler Pelzer Jenny Laura,Lepanto,1400,3
138229,3,Madrigal Leon Maria Rosa,San Ramon,1400,3
138229,4,Mendoza Baltodano Camila,Chase,1400,2
138229,5,Salas Cheves Alexa Victoria,Miguel Obregon,1400,1.5
138229,6,Fallas Fonseca Kembly,Las Lagunas,1400,0.5
138846,1,Godinez Alvarado Milagro Angelica,Colegio Fernando Volio Perez Zeledò,1677,2
138846,2,Castro Richard Ixel,C.T.P Limón,1771,2
138846,3,Marin Leon Valeria,Colegio Nuestra Señora del Pilar,1824,1
138846,4,Jimenez Salas Kristel Mariana,Colegio Bilingüe Palmares,1606,1
138849,1,Salas Torres Pamela,Colegio Bilingüe San Fco Asís,1934,5.5
138849,2,Bustamante Grijalba Ariadna,Colegio de Cedros,1827,5
138849,3,Morera Campos Heizel Maria,CTP Piedades Sur,1905,4.5
138849,4,Gamboa Navarro Andrea Maria,C.T.P San Isidro,1823,3
138849,5,Ramírez Vargas Keilin,Liceo de Cot Cartago,1400,2
138849,6,Hidalgo Castillo María José,LEB Pococí,1400,1
138849,7,Elizondo Ruiz Paula,Colegio José María Gutiérrez,1400,0
175118,1,Cedeno Caceres Stif,Colegio Francisca Carrasco,1757,2
175118,2,Salas Jimenez Eduardo,Catie,1600,1
175118,3,Soto Nunez Dereck,CTP San Juan Sur,1400,0
175119,1,Bonilla Quiros Diego Alonso,Liceo Paraiso,1608,
175119,1,Madriz Villalobos Erickson,Liceo Paraiso,1600,
175119,1,Chavarria Marino Dilan,Liceo Paraiso,1400,
175119,1,Fonseca Perez Yeilan,Liceo Paraiso,1400,
175119,1,Meza Alvarado Erick,Liceo Paraiso,1400,
175119,,Alfaro Romero Brandon,Colegio Omar Salazar Obando,1400,
175119,,Alvarez Aguilar Eduardo,Colegio Omar Salazar Obando,1400,
175119,,Barrios Valverde Jose,CTP San Juan Sur,1400,
175119,,Fallas Jimenez Leandro,CTP San Juan Sur,1400,
175119,,Loria Fallas Joel,CTP San Juan Sur,1400,
175119,,Perez Martinez Andrei,Colegio Omar Salazar Obando,1400,
175119,,Quiros Moya Ronny,Colegio Omar Salazar Obando,1400,
175119,,Valverde Padilla Emmanuel,CTP San Juan Sur,1400,
175119,,Vega Campos Manfred,Colegio Omar Salazar Obando,1400,
175120,1,Alvarez Robles Guillermo,CTP La Suiza,1400,
175120,1,Artavia Palma Andres,CTP La Suiza,1400,
175120,1,Porras Aguilar Celimo,CTP La Suiza,1400,
175120,1,Solano Lopez Yenner,CTP La Suiza,1400,
175120,1,Vargas Fonseca Fabian,CTP La Suiza,1400,
175120,2,Solano Cordero Dennis Martin,Liceo Paraiso,1629,
175120,2,Ortega Arguedas Isaac,Liceo Paraiso,1600,
175120,2,Arce Munguia Daniel,Liceo Paraiso,1400,
175120,2,Monge Solano Jean Carlo,Liceo Paraiso,1400,
175120,2,Perez Gonzalez Bryan,Liceo Paraiso,1400,
175120,3,Arana Matarrita William,Liceo Aserri,1400,
175120,3,Delgado Rojas Luis,Liceo Aserri,1400,
175120,3,Granados Mora Jose,Liceo Aserri,1400,
175121,1,Carillo Marin Daniela,LEB Jose Figueres,1400,
175121,1,Fernandez Mendez Kimberly,LEB Jose Figueres,1400,
175121,1,Leiva Alvarado Jazmin,LEB Jose Figueres,1400,
175121,1,Martinez Garcia Jennifer,LEB Jose Figueres,1400,
175121,,Rodriguez Gutierrez Johana,CTP La Suiza,1400,
175121,,Rodriguez Gutierrez Kimberly,CTP La Suiza,1400,
175121,,Schuler Chacon Ximena,CTP La Suiza,1400,
175121,,Urena Campos Hilary,CTP La Suiza,1400,
175124,1,Quesada Campos Jordi Alessand,LEB Jose Figueres,2010,3
175124,2,Alvarado Cascante Mainor Isaac,CTP La Suiza,1628,2
175124,3,Fallas Romero Douglas,CTP San Juan Sur,1400,1
175124,4,Castillo Segura Minor,Liceo San Andres,1400,0
175125,1,Campos Chacon Sophia,CTP Dulce Nombre,1600,2
175125,2,Arias Mora Hazel Fabiola,Liceo San Andres,1400,1
175125,3,Ubilla Salas Claudia,Catie,1400,0
176158,1,Melendez Gonzalez Amy,Las Lagunas A,,
176158,1,Rivera Ramirez Nazareth,Las Lagunas A,,
176158,1,Rodriguez Quesada Tamara,Las Lagunas A,,
176158,1,Rodriguez Valverde Hilary,Las Lagunas A,,
176158,1,Zeledon Alvarado Alexandra,Las Lagunas A,,
176158,2,Colt Quesada Ashley,Santa Martha,,
176158,2,Mata Mondragon Valeska,Santa Martha,,
176158,2,Rodriguez Vasco Valery,Santa Martha,,
176158,2,Solorzano Rodriguez Diana,Santa Martha,,
176158,3,Espinoza Gonzalez Daniela,Pacto del Jocote,,
176158,3,Morales Duran Mary Paz,Pacto del Jocote,,
176158,3,Oses Castro Victoria,Pacto del Jocote,,
176158,3,Sanchez Contreras Victoria,Pacto del Jocote,,
176158,4,Brenes Martinez Alice,Lepanto,,
176158,4,Castro Hernandez Ma Celeste,Lepanto,,
176158,4,Mena Hidalgo Yembly,Lepanto,,
176158,4,Obando Obando Ana Isabel,Lepanto,,
176158,5,Alvarez Quesada Kiara,Cecilio,,
176158,5,Cordero Fernandez Gimena,Cecilio,,
176158,5,Esquivel Ulloa Jimena,Cecilio,,
176158,5,Rivera Villalobos Larissa,Cecilio,,
176158,6,Carrillo Guerrero Natalia,Luis Shapiro,,
176158,6,Gamboa Hernandez Flory,Luis Shapiro,,
176158,6,Juarez Villalobos Bianca,Luis Shapiro,,
176158,6,Lorente Lopez Emily,Luis Shapiro,,
176158,6,Serrano Espinoza,Luis Shapiro,,
176159,1,Angulo Hernandez Ma Jesus,Pacto del Jocote,,
176159,1,Brenes Benavides Delianny,Pacto del Jocote,,
176159,1,Delgado Jimenez Jimena,Pacto del Jocote,,
176159,1,Jimenez Corella Jimena,Pacto del Jocote,,
176159,1,Lobo Meneses Natalia,Pacto del Jocote,,
176159,2,Badilla Quesada Yariela,Las Lagunas 1,,
176159,2,Chacon Valverde Paulina,Las Lagunas 1,,
176159,2,Guzman Porras Sara,Las Lagunas 1,,
176159,2,Molina Valverde Lesly,Las Lagunas 1,,
176159,2,Valverde Salazar Meisel,Las Lagunas 1,,
176159,3,Nunez Alpizar Lincey,Carmona,,
176159,3,Soto Esquivel Esmeralda,Carmona,,
176159,3,Venegas Vega Ma Nazareth,Carmona,,
176159,3,Vidaurre Alpizar Ma Celeste,Carmona,,
176159,4,Alvarado Acuna Michelle,Las Lagunas 2,,
176159,4,Jimenez Gamboa Allison,Las Lagunas 2,,
176159,4,Mendez Gomez Hillary,Las Lagunas 2,,
176159,4,Murillo Acuna Pamela,Las Lagunas 2,,
176159,4,Padilla Guzman Dayanna,Las Lagunas 2,,
176159,5,Araya Hernandez Ma Daniela,Mariano Cortes,,
176159,5,Araya Hernandez Ma Jose,Mariano Cortes,,
176159,5,Gonzales Ramirez Genesis,Mariano Cortes,,
176159,5,Salazar Gould Cristy,Mariano Cortes,,
176159,5,Sanchez Vargas Nicole,Mariano Cortes,,
176159,6,Espinoza Esquivel Karol,Luis Shapiro,,
176159,6,Gomez Contreras Stacy,Luis Shapiro,,
176159,6,Hidalgo Arias Veronica,Luis Shapiro,,
176159,6,Lorente Lopez Sara,Luis Shapiro,,
176159,7,Chevez del Castillo Katherine,Santa Matha,,
176159,7,Molina Porras Alfonsina,Santa Matha,,
176159,7,Mora Cespedes Yulaidi,Santa Matha,,
176159,7,Salmeron Parrilla Shirlem,Santa Matha,,
176161,1,Aguilar Castro Josue,Pacto del Jocote,,
176161,1,Delgado Jimenez Andrey,Pacto del Jocote,,
176161,1,Leon Cubero Anthony,Pacto del Jocote,,
176161,1,Lobo Meneses Alejandra,Pacto del Jocote,,
176161,1,Sandi Quiros Deboah,Pacto del Jocote,,
176161,2,Madrid Rodriguez Diego,New Hope,,
176161,2,Ramirez Madrid Daniel,New Hope,,
176161,2,Segura Cordero Ariel,New Hope,,
176161,2,Semana Ramirez Jerian,New Hope,,
176161,2,Vargas Abadia Alejandro,New Hope,,
176161,3,Cahuas Arguedas Jack,Las Lagunas A,,
176161,3,Castillo Mejias Breiner,Las Lagunas A,,
176161,3,Meza Mena Jose David,Las Lagunas A,,
176161,3,Vargas Naranjo Saidt,Las Lagunas A,,
176161,3,Vindas Mora Diego,Las Lagunas A,,
176161,4,Correa Jimenez Emanuel,Mariano Cortes,,
176161,4,Morales Fernandez Sebastian,Mariano Cortes,,
176161,4,Nunez Fonseca William,Mariano Cortes,,
176161,4,Perez Ramos Marco,Mariano Cortes,,
176161,5,Arias Obando Luis David,Lepanto,,
176161,5,Hidalgo Villalobos Emerson,Lepanto,,
176161,5,Obando Obando Aldo,Lepanto,,
176161,5,Obando Obando Andrey,Lepanto,,
176161,6,Aguilar Trana Andres,Jesus Jimenez,,
176161,6,Franco Alvarado Yanier,Jesus Jimenez,,
176161,6,Garcia Alvarez Jorshan,Jesus Jimenez,,
176161,6,Rojas Alvarez Justin,Jesus Jimenez,,
176161,6,Villalobos Barahona Donoban,Jesus Jimenez,,
176162,1,Alvarado Arias Cristian,Pacto del Jocote,,
176162,1,Alvarado Arias Fabian,Pacto del Jocote,,
176162,1,Leon Cubero Brandon,Pacto del Jocote,,
176162,1,Medina Mayorga David,Pacto del Jocote,,
176162,1,Sandi Quiros Andrey,Pacto del Jocote,,
176162,2,Barquero Meza David,Eugenio Corrales,,
176162,2,Coto Soto Ian,Eugenio Corrales,,
176162,2,Fernandez Ortiz Sebastian,Eugenio Corrales,,
176162,2,Mata Alvarado Kevin,Eugenio Corrales,,
176162,2,Picado Navarro Alejandro,Eugenio Corrales,,
176162,3,Barrantes Campos Herald,Las Lagunas 2,,
176162,3,Castro Flores Juan Antonio,Las Lagunas 2,,
176162,3,Murillo Acuna Anthony,Las Lagunas 2,,
176162,3,Urena Leon Jeremy,Las Lagunas 2,,
176162,4,Castro Alfaro Leander,Las Lagunas 1,,
176162,4,Guzman Porras Emanuel,Las Lagunas 1,,
176162,4,Meza Arauz Roney,Las Lagunas 1,,
176162,4,Meza Mena Andrey,Las Lagunas 1,,
176162,4,Navarro Gutierrez Dilan,Las Lagunas 1,,
176162,5,Carmona Esquivel Adrian,Luis Shapiro,,
176162,5,Gonzalez Hernandez Yeikel,Luis Shapiro,,
176162,5,Quiros Arias Jonathan,Luis Shapiro,,
176162,5,Rojas Ugalde Jeick,Luis Shapiro,,
176162,5,Solera Sanchez Carlos,Luis Shapiro,,
176162,6,Achong David,Saint Jude,,
176162,6,Antonian Antonio,Saint Jude,,
176162,6,Garcia David,Saint Jude,,
176162,6,Zuniga,Saint Jude,,
176162,7,Alvarez Sosa Diego,Lepanto,,
176162,7,Brenes Martinez Enzo,Lepanto,,
176162,7,Brenes Sosa Axel,Lepanto,,
176162,7,Mena Jimenez Luis Gabriel,Lepanto,,
176162,7,Obando Obando Justin,Lepanto,,
176163,1,Solano Saltachin Ruth,Porfirio Brenes,,5
176163,4,Rojas Mora Maria,Federico Salas,,3
176163,5,Chavarria Alvarado Daniela,Luis Shapiro,,2
176163,6,Garro Picado Jolette,Lagunas,,1
176163,7,Molina Valverde Weshly,Lagunas,,0
176164,1,Shih Gould Annie,Country Day,,4
176164,2,Salazar Gould Melanie,Mariano Cortes,,3
176164,3,Diaz Charpentier Kristel,Los Angeles,,1
176165,1,Shih Gould Danny,Country Day,,7
176165,2,Jimenez Navarro Diego,Sonny,,6
176165,3,Herrera Brenes Yeudy,Luis Shapiro,,5
176165,4,Salas Miranda Dharrell,Julio Pena,,4
176165,5,Greenwood Lopez Patrick,Santa Rosa,,2.5
176165,7,Gomez Vasquez Janer,Lepanto,,1
176165,8,Ruiz Barboza Cristopher,Lagunas,,0
176166,1,Coto Bonilla Darian,Los Angeles,,5.5
176166,3,Lopez Bustos David,Miguel Obregon,,4
176166,4,Garcia Mendez Ruben,Carmona,,2.5
176166,5,Jimenez Mendez,Arco Iris,,2
176166,6,Abarca Matarrita Juan Pablo,Central Guapiles,,1.5
176166,7,Greenwood Lopez Raymond,Santa Rosa,,0
177677,1,Quesada Campos Jordi Alessand,José Figueres F.,2010,6.5
177677,3,Calvo Gutierrez Luis Guillerm,Luis Dobles Segreda,1999,5
177677,4,Aviles Rizo Leonel Alexander,Liceo Río Frío,1400,4
177677,5,Quesada Solano Keylor,La Lucha,1400,2
177677,6,Villalobos Espinoza Justin,Duacarí,1400,2
177677,7,Herrera Castro David,CEB Palmares,1400,1
177677,8,Murillo Badilla Allan Francisco,Nicoya,1400,1
177678,1,Arguedas Bolanos Sharline,LEB Pococí,1678,4.5
177678,2,Leon Vargas Mercedes Lucia,Escazu,1735,4
177678,3,Jimenez Salas Kristel,Codea,1713,3
177678,4,Murillo Badilla Brenda Sofía,Nicoya,1400,2
177678,5,Wright Jessica,Quebrada Ganado,1400,1.5
177678,6,Fernandez Jimenez Alondra,Hernán Vargas,1400,0
177679,1,Salas Torres Pamela,San Fco. Asís,1919,6.5
177679,2,Wiesner Paula,CEB Palmares,1970,5.5
177679,3,Acevedo Mendez Jennifer,Gregorio J. Ramirez,1903,5
177679,4,Castillo Morales Thais,Ccdr San Jose,1889,5
177679,5,Flores Alvarado Viviana,Fernando Volio,1600,2
177679,6,Campos Chacon Sophia,CTP Dulce Nombre,1600,2
177679,7,Reyes Gutierrez Enna Fabiola,Jose Ma. Gutierrez,1400,1
177679,8,Tenorio Rodriguez Kristyn Raquel,San Carlos,1400,0
178064,1,Abarca Calderon Fabian,Liceo Fernando Volio Jiménez,1400,
178064,1,Godinez Hidalgo Javier,Liceo Fernando Volio Jiménez,1400,
178064,1,Leon Fallas Sebastian,Liceo Fernando Volio Jiménez,1400,
178064,1,Meza Arauz Walner,Liceo Fernando Volio Jiménez,1400,
178064,1,Quesada Arauz Jean Carlo,Liceo Fernando Volio Jiménez,1400,
178064,2,Bonilla Morales Bryan,Liceo Teodoro Picado,1814,
178064,2,Zeledon Perez Edgar,Liceo Teodoro Picado,1498,
178064,2,Abarca Flores Kendall,Liceo Teodoro Picado,1400,
178064,2,Gutierrez Arbaiza Jordan,Liceo Teodoro Picado,1400,
178064,2,Mora Castro Hausen Juseef,Liceo Teodoro Picado,1400,
178064,3,Bonilla Quiros Diego Alonso,Liceo Paraíso,1608,
178064,3,Madriz Villalobos Erickson,Liceo Paraíso,1600,
178064,3,Chavarria Marino Dilan,Liceo Paraíso,1400,
178064,3,Fonseca Perez Yeilan,Liceo Paraíso,1400,
178064,3,Meza Alvarado Erick,Liceo Paraíso,1400,
178064,4,Duarte Lopez Alberto,Colegio Academico Lepanto,1400,
178064,4,Erier Pelzer Ian Kevin,Colegio Academico Lepanto,1400,
178064,4,Estrada Rodriguez Melvin,Colegio Academico Lepanto,1400,
178064,4,Parra Romero Jefferson,Colegio Academico Lepanto,1400,
178064,5,Cheever Salas Gerald Alexander,Redentorista,1400,
178064,5,Induni Ocampo Fabricio,Redentorista,1400,
178064,5,Morales Oviedo Cristopher,Redentorista,1400,
178064,5,Wagemans Alvarado Brayan,Redentorista,1400,
178064,6,Carrillo Jimenez Nils Adrian,Colegio Bilingüe de Palmares,1400,
178064,6,Davila Salas Farith Jose,Colegio Bilingüe de Palmares,1400,
178064,6,Garreta Ramirez Kevin Ignacio,Colegio Bilingüe de Palmares,1400,
178064,6,Morera Vasquez Kendall,Colegio Bilingüe de Palmares,1400,
178064,6,Ruiz Varela Julio,Colegio Bilingüe de Palmares,1400,
178064,7,Cano Abarca Oneydi,CTP Puerto Viejo Sarapiquí,1400,
178064,7,Castillo Perez Merelyn,CTP Puerto Viejo Sarapiquí,1400,
178064,7,Guillen Sánchez Yerick Fabián,CTP Puerto Viejo Sarapiquí,1400,
178064,7,Palacios Moran Diana,CTP Puerto Viejo Sarapiquí,1400,
178064,8,Fletes Amador Anthony,Liceo de Duacarí,1400,
178064,8,Madrigal Mora Randy,Liceo de Duacarí,1400,
178064,8,Sanchez Zuniga Andy,Liceo de Duacarí,1400,
178064,8,Zuniga Rodriguez Adrian,Liceo de Duacarí,1400,
178065,1,Orozco Centeno Melissa,Pacto del Jocote,1685,
178065,1,Quesada Calderon Carolayne,Pacto del Jocote,1604,
178065,1,Cespedes Hernandez Jimena,Pacto del Jocote,1556,
178065,1,Cubero Moreno Nayeli,Pacto del Jocote,1448,
178065,1,Rodriguez Diaz Ashley,Pacto del Jocote,1420,
178065,2,Abarca Guadamuz Ivannia Maria,Liceo Fernando Volio Jiménez,1600,
178065,2,Campos Morales Ayrlin,Liceo Fernando Volio Jiménez,1400,
178065,2,Elizondo Agaar Glendoriee,Liceo Fernando Volio Jiménez,1400,
178065,2,Sanchez Alvarado Meylin,Liceo Fernando Volio Jiménez,1400,
178065,3,Aguero Montoya Getsy,Clodomiro Picado,1400,
178065,3,Hudson Vargas Daniela,Clodomiro Picado,1400,
178065,3,Perez Granados Marian,Clodomiro Picado,1400,
178065,3,Seas Guzman Diana,Clodomiro Picado,1400,
178065,4,Abarca Gamboa Nazareth,Colegio Bilingüe de Palmares,1400,
178065,4,Ledezma Rojas Natalia,Colegio Bilingüe de Palmares,1400,
178065,4,Navarro Ramirez Isabella,Colegio Bilingüe de Palmares,1400,
178065,4,Ureña Lizano Fiorela,Colegio Bilingüe de Palmares,1400,
178065,5,Avendano Bogantes Tamara,Colegio San José de la Montaña,1400,
178065,5,Brenes Rodriguez Noelia,Colegio San José de la Montaña,1400,
178065,5,Hurley Alvarado Nicole,Colegio San José de la Montaña,1400,
178065,5,Morera Gonzalez Kiara,Colegio San José de la Montaña,1400,
178066,1,Rivera Gonzalez Jose Alexis,Pacto del Jocote,1882,
178066,1,Porras Chavarria Steve,Pacto del Jocote,1858,
178066,1,Porras Chavarria Michael,Pacto del Jocote,1696,
178066,1,Porras Chavarria Pamela Maria,Pacto del Jocote,1608,
178066,1,Carvajal Jimenez Jose Pablo,Pacto del Jocote,1600,
178066,2,Castro Ulloa Rolando,Colegio Claretiano,1868,
178066,2,Fallas Saborio Alejandro,Colegio Claretiano,1840,
178066,2,Miranda Arroyo Jose Pablo,Colegio Claretiano,1694,
178066,2,Gomez Arroyo Alexander Jose,Colegio Claretiano,1400,
178066,2,Gonzalez Solis David,Colegio Claretiano,1400,
178066,3,Castillo Rivera Erick Alberto,Liceo Rural El Concho,1400,
178066,3,Gamboa Galeano Jose Pablo,Liceo Rural El Concho,1400,
178066,3,Orozco Rodriguez Yarod Gerardo,Liceo Rural El Concho,1400,
178066,3,Pineda Torres Robin Geovanny,Liceo Rural El Concho,1400,
178066,4,Alvarado Acosta Joshua,Liceo UNESCO,1400,
178066,4,Fallas Samudio Cristofer,Liceo UNESCO,1400,
178066,4,Lopez Hidalgo Sebastian,Liceo UNESCO,1400,
178066,4,Monge Marin Andrey,Liceo UNESCO,1400,
178066,4,Montero Altamirano Andrey,Liceo UNESCO,1400,
178066,5,Araya Montoya David,Colegio José María Gutiérrez,1400,
178066,5,Badilla Cortes Cristofer,Colegio José María Gutiérrez,1400,
178066,5,Baltodano Madrigal Leandro,Colegio José María Gutiérrez,1400,
178066,5,Ortega Bolanos Jose Rodolfo,Colegio José María Gutiérrez,1400,
178066,5,Villegas Vargas Isaac,Colegio José María Gutiérrez,1400,
178066,6,Castillo Montano Keylor,LEB Río Jiménez,1400,
178066,6,Dias Abrahams Yeidrel,LEB Río Jiménez,1400,
178066,6,Jimenez Lange Alejandro,LEB Río Jiménez,1400,
178066,6,Mora Castro Ronald,LEB Río Jiménez,1400,
178066,6,Munoz Brenes Jordany,LEB Río Jiménez,1400,
178066,7,Alvarez Robles Guillermo,CTP La Suiza,1400,
178066,7,Artavia Palma Andres,CTP La Suiza,1400,
178066,7,Porras Aguilar Celimo,CTP La Suiza,1400,
178066,7,Solano Lopez Yenner,CTP La Suiza,1400,
178066,7,Vargas Fonseca Fabian,CTP La Suiza,1400,
178066,8,Barrantes Vargas Keneth,Colegio Bilingüe de Palmares,1400,
178066,8,Mora Zamora Jose David,Colegio Bilingüe de Palmares,1400,
178066,8,Peraza Solorzano Pablo,Colegio Bilingüe de Palmares,1400,
178066,8,Rivera Rivas Sebastian,Colegio Bilingüe de Palmares,1400,
178066,8,Solano Nunez Emanuel,Colegio Bilingüe de Palmares,1400,
178072,1,Campos Quintanilla Karen,Liceo Fernando Volio Jiménez,1742,
178072,1,Castro Flores Maria Fernanda,Liceo Fernando Volio Jiménez,1736,
178072,1,Herrera Solis Maria Jose,Liceo Fernando Volio Jiménez,1692,
178072,1,Godinez Alvarado Angelica,Liceo Fernando Volio Jiménez,1677,
178072,1,Ramirez Sanchez Masiel,Liceo Fernando Volio Jiménez,1400,
178072,2,Bonilla Morales Allison,Liceo Teodoro Picado,1600,
178072,2,Calvo Navarrete Karolay,Liceo Teodoro Picado,1599,
178072,2,Perez Portillo Kristel,Liceo Teodoro Picado,1566,
178072,2,Abarca Orozco Ivonne,Liceo Teodoro Picado,1557,
178072,2,Roman Alvarado Mercy,Liceo Teodoro Picado,1533,
178072,3,Carillo Marin Daniela,José Figueres Ferrer,1400,
178072,3,Fernandez Mendez Kimberly,José Figueres Ferrer,1400,
178072,3,Leiva Alvarado Jazmin,José Figueres Ferrer,1400,
178072,3,Martinez Garcia Jennifer,José Figueres Ferrer,1400,
178072,4,Briceno Brenes Fabiola,Liceo Nicoya,1400,
178072,4,Esquivel Venegas Monica,Liceo Nicoya,1400,
178072,4,Fajardo Vargas Vivian Alejandra,Liceo Nicoya,1400,
178072,4,Gomez Medina Zoyd,Liceo Nicoya,1400,
178072,4,Pineda Cabrera Stacy Noelia,Liceo Nicoya,1400,
178072,5,Arias Rios Michel,LEB Rio Jimenez,1400,
178072,5,Chavarria Meza Hillary,LEB Rio Jimenez,1400,
178072,5,Fernandez Galeano Jennifer,LEB Rio Jimenez,1400,
178072,5,Rodriguez Munoz Neferti,LEB Rio Jimenez,1400,
178072,5,Vindas Solano Raquel,LEB Rio Jimenez,1400,
178072,6,Abarca Perez Daniela,Colegio Bilingüe de Palmares,1400,
178072,6,Alfaro Rojas Diana,Colegio Bilingüe de Palmares,1400,
178072,6,Castrillo Castro Tamara,Colegio Bilingüe de Palmares,1400,
178072,6,Vargas Pacheco Veronica,Colegio Bilingüe de Palmares,1400,
178072,6,Vasquez Carvajal Valeria,Colegio Bilingüe de Palmares,1400,
178080,1,Solano Saltachin Carlos Andre,Saint Francis,1862,7
178080,2,Rosales Gonzalez Erick Josue,LEB San Ramon,1748,6
178080,3,Cedeno Caceres Stif,Francisca Carrasco,1757,5
178080,4,Araya Gamboa Saeet,La Alegría,1400,4
178080,5,Vargas Solis Juan Paulo,LEB Agua Buena,1400,3
178080,6,Lobo Rodriguez Leonardo,Liberia,1400,2
178080,7,Segura Carranza Alfredo,CEB Palmares,1400,1
178080,8,Bye,,1400,0
178086,1,Murillo Badilla Brenda Sofía,Nicoya,1400,0
178088,1,Quesada Campos Jordi Alessand,José Figueres F.,2010,0
178089,1,Tenorio Rodriguez Kristyn Raquel,,1400,0
199982,1,Castellanos Miguel Carlos Axe,,,7.5
199982,2,Salazar Rojas Marcelo,,1488,7
199982,3,Quezada Pauker Kathleen Gabriela,,,6.5
199982,4,Murillo Coloma Sergio,Coleg Americano Gye,1310,6
199982,5,Ramirez Madrid Daniel Alberto,Codea,1549,6
199982,6,Sifuentes Alcantara Jhony Seb,,1024,6
199982,7,Segura Cordero Ariel,CCDR ESCAZU,1551,5.5
199982,8,Miranda Villalta Jose Pablo,CCDR ESCAZU,1402,5.5
199982,9,Araya Tropper Ariel,Goico,,5.5
199982,10,Clarke Kishan,,1395,5.5
199982,11,Guzman Hidalgo Camila,CCDR ESCAZU,1471,5
199982,12,Quiros Acuna Sebastian,Ccdr Curridabat,,5
199982,13,Rampersad Rayden,,1429,5
199982,14,Vargas Abadia Alejandro,Goico,,5
199982,15,Semana Ramirez Jerian,Goico,,4.5
199982,16,Lobo Meneses Alejandra,CODEA,1400,4
199982,17,Murillo Picado Ricardo,,,4
199982,18,Sandi Barrantes Alejandro,Heredia,,4
199982,19,Hernandez Jimenez Caleb,Cartago,,4
199982,20,Nunez Okubo Emi,Goico,,4
199982,21,Corrales Morales Fabian,Cartago,,4
199982,22,Alvarez Argueta Sebastian,Curridabat,,3.5
199982,23,Arce Berroteran Ashly,Ccdr San Jose,1400,3.5
199982,24,Calderon Brenes Tiffany,Cartago,1400,3.5
199982,25,Le Roy Caceres Alessandra,Curridabat,,3.5
199982,26,Guevara Cornejo Marina,Goico,,3
199982,27,Cespedes Vargas Mauricio Albe,Ccdr Curridabat,,2.5
199982,28,Morales Cascante Luis Diego,Cartago,,2
199982,29,Vindas Navarro David,CCDR ESCAZU,1400,1
199983,1,Navarro Ariza Justin Jeshua,,,9
199983,2,Nunez Okudo Isao,Goico,1340,7
199983,3,Wong Velis Francisco,,,6.5
199983,4,Cabezas Solano David Alejandr,,,6
199983,5,Guevara Cornejo Gabriel,Goico,1293,6
199983,6,Flores Sanchez Carlo,,1458,6
199983,7,Reyes Corral Jesus,,1254,5.5
199983,8,Lopez Bustos David,Codea,,5.5
199983,9,Barquero Alfaro Alejandro,CODEA,,5.5
199983,10,Coto Calderon Juan Diego,Cartago,,5.5
199983,11,Munoz Cisneros Adrian,Heredia,1161,5
199983,12,Sandi Quiros Deborah,Codea,,5
199983,13,Sanchez Castro Isabella Glori,Ccdr Curridabat,,5
199983,14,Rosenstock Gelber Samuel,Goico,,5
199983,15,Sandi Barrantes Victoria,Heredia,,5
199983,16,Hernandez Maria Jesus,Codea,,5
199983,17,Solano Saltachin Ruth,Goico,,5
199983,18,Sierra Berrocal Auriel,Curridabat,,4.5
199983,19,Anchia Martinez Raul,Goico,,4
199983,20,Navarrete Tutiven Javier Fidel,Coleg Americano Gye,,4
199983,21,Morales Nunez Jean Carlos,Ccdr Curridabat,,4
199983,22,Alvarado Arias Cristian,CODEA,,4
199983,23,Leon Cubero Anthony,CODEA,,4
199983,24,Chavez Tagle Eduardo Andrei,CCDR ESCAZU,,4
199983,25,Calderon Brenes Brandon,Cartago,,4
199983,26,Benavides Ordones Melany,CODEA,,4
199983,27,Jimenez Navarro Diego,Cartago,,4
199983,28,Aleman Nunez Johanna Valeria,Ccdr Curridabat,,3.5
199983,29,Rojas Pacheco Camila,Cartago,,3.5
199983,30,Madrid Rodriguez Diego Alfonso,Goico,,3.5
199983,31,Le Roy Caceres Viviana,Curridabat,,3
199983,32,Frater Gonzalez Gabriel,CCDR ESCAZU,,3
199983,33,Morales Ugalde Mary Paz,CODEA,,3
199983,34,Villalta Leiton Nicole Tamara,Ccdr Curridabat,,3
199983,35,Calderon Zuniga Juan Pablo,Curri,,1
199983,36,Arias Walker Alexa Nicole,CCDR Escazu,,0.5
199985,1,Melara Moises,,1773,7.5
199985,2,Nieto Rodriguez Alejandro,,2077,6.5
199985,3,Yearwood Shannon,,1679,6.5
199985,4,Ruiz Mishell,,1736,6.5
199985,5,Marin Masis Jose Esteban,Goico,1726,6
199985,6,Herrera Marjorie,,1652,5.5
199985,7,Sequeira Guadamuz Jhoel,,1702,5.5
199985,8,Martinez Smirnov Timur Ri,,1821,5.5
199985,9,Peng Janet,,1581,5.5
199985,10,Solano Saltachin Carlos Andre,Goico,1682,5.5
199985,11,Rivera Gonzalez Jose Alexis,CODEA,1758,5.5
199985,12,Mendez Moreno Kevin Alberto,CODEA,1411,5
199985,13,Zeledon Perez Edgar,Ccdr Curridabat,1422,5
199985,14,Marin Leon Valeria,San Jose,1478,5
199985,15,Rosales Gonzalez Erick Josue,,1443,5
199985,16,Cedeno Caceres Stif,Cartago,,4.5
199985,17,Alvarado Villalobos Juan Pabl,Cartago,,4.5
199985,18,Gonzalez Cascante Roy,Goico,,4.5
199985,19,Castillo Valle Adam,Goico,1375,4.5
199985,20,Murillo Gonzalez David,CODEA,1425,4.5
199985,21,Jimenez Salas Kristel,CODEA,1222,4.5
199985,22,Wagemans Alvarado Bryan,CCDR ESCAZU,1673,4
199985,23,Brenes Morales Manuel,Goico,,4
199985,24,Orozco Centeno Melissa,CODEA,,4
199985,25,Ruiz Coronado Maykel,CODEA,1356,4
199985,26,Torres Romero Cristhian,San Jose,1534,4
199985,27,Alfaro Leon Allison,CCDR ESCAZU,,3.5
199985,28,Gutierrez Arbaiza Ronny,Curridabat,,3.5
199985,29,Bonilla Quiros Diego Alonso,Paraiso,,3
199985,30,Gutierrez Arbaiza Jordan,Curridabat,,3
199985,31,Porras Chavarria Pamela Maria,CODEA,,3
199985,32,Badilla Flores Indigo,Heredia,,2.5
199985,33,Elizondo Montero Juan Luis,CODEA,,2.5
199985,34,Hernandez Castro Esteban,,,2
199985,35,Herrera Berrocal Priscilla,Ccdr Curridabat,,2
199985,36,Lobo Jimenez Mariela,CCDR ESCAZU,,2
199987,1,Fuentes Adrian,,2150,7.5
199987,2,Cofre Archibold Nestor,,2185,7.5
199987,3,Quesada Campos Jordi Alessand,Goico,1837,6.5
199987,4,Valenzuela Martinez Hermes,,1923,6.5
199987,5,Calvo Gutierrez Luis Guillerm,San Jose,1828,6
199987,6,Acevedo Mendez Jennifer,CODEA,1732,5.5
199987,7,Rojas Cisneros Kevin,Heredia,1680,5.5
199987,8,Fallas Saborio Alejandro,Heredia,1657,5.5
199987,9,Castillo Morales Thais,San Jose,1793,5.5
199987,10,Murillo Gonzalez Carlos E,CODEA,1901,5.5
199987,11,Martinez Paz Jonathan,Santa Ana,1423,5
199987,12,Carvajal Pena Daniel,Goico,1804,5
199987,13,Cespedes Perez Ruben,San Jose,1714,5
199987,14,Castro Garcia Ileana,Goico,1487,5
199987,15,Palacios Celina,,1609,5
199987,16,Porras Chavarria Steve,CODEA,1794,5
199987,17,Quiros Avendano Luis Alejandr,CCDR ESCAZU,1678,5
199987,18,Solis Gatgens Isaac,Goico,1576,5
199987,19,Castro Ulloa Rolando,Heredia,1721,5
199987,20,Chaves Williams Jose Andres,CODEA,1630,4.5
199987,21,Arce Mendez Elias,Cartago,1738,4.5
199987,22,Salas Torres Pamela,,1863,4.5
199987,23,Morales Chacon Mauricio,CCDR ESCAZU,1637,4.5
199987,24,Duque Araya Cristopher,San Ramon,1658,4
199987,25,Chaves Alfaro Victor,San Jose,,4
199987,26,Guzman Benavidez Steven,Santa Ana,1396,4
199987,27,Chaves Alfaro Beatriz,San Jose,1335,4
199987,28,Sibaja Tellez Josue,Santa Ana,1290,4
199987,29,Tapia Alvarez Alejandro,CCDR ESCAZU,1468,4
199987,30,Alvarado Castro Jeaustin,,1471,3.5
199987,31,Granados Wing Brian Saul,,,3.5
199987,32,Perez Portillo Kristel,Curridabat,,3.5
199987,33,Moreno Montero Jesus Alonso,Heredia,1727,3.5
199987,34,Sandi Castro Allan,CCDR ESCAZU,1398,3
199987,35,Calvo Navarrete Karolay,Curridabat,,3
199987,36,Bustamante Grijalba Ariadna,,1506,2.5
199987,37,Badilla Flores Luciano,Heredia,,2.5
199987,38,Sanchez Corrales Carlos Julia,Santa Ana,1587,2.5
199987,39,Roman Alvarado Mercy,Curridabat,,2.5
199987,40,Abarca Orozco Ivonne,Curridabat,,1.5
216609,1,Araya Araya Raquel,EMQQ,1400,0
216609,2,Diaz Cardoza Fabiola,EMQQ,1400,0
216609,3,Arroyo Mata Raquel,Ccdr San Ramon,1400,0
216610,0,Alfaro Gonzalez Jafeth,E.Jorge Washington,1415,
216610,0,Arias Solis Kenneth,E. Alberto Manuel Brenes,1400,
216610,0,Cordero Noguero Hardmon Fernando,E. Alberto Manuel Brenes,1400,
216610,0,Esquivel Jimenez Douglas Dani,E.Jorge Washington,1400,
216610,0,Hernandez Jimenez Gabriel,E.Jorge Washington,1400,
216610,0,Mejia Chaves Jerry Moises,E. Alberto Manuel Brenes,1400,
216610,0,Ruiz Artavia Emmanuel,E. Alberto Manuel Brenes,1400,
216610,0,Ulloa Cabezas Osvaldo,E. Alberto Manuel Brenes,1400,
216611,1,Umana Juarez Aaron,Los Robles,1400,0
216611,2,Salinas Ramos Dilan,EAMB,1400,0
216612,1,Rojas Mora Juan Gerardo,Federico Salas,1599,5
216612,2,Rojas Mora Jose Elias,Federico Salas,1515,4
216612,3,Morera Rodriguez Carlos Luis,E. Laboratorio,1400,3
216612,4,Morera Rodriguez Jose David,E.Laboratorio,1400,2.5
216612,5,Amores Quesada Luis Alejandro,E. Laboratorio,1400,2
216612,6,Aguilera Fuente Mattew,Los Robles,1400,2
216612,7,Gomez Sanchez Frank,E.J.V.L.,1400,1.5
216613,1,Rojas Mora Maria,,1401,3
216613,2,Monge Ramirez Abigail Nazareth,E.M.C.H.S.,1400,2
216613,3,Rojas Mora Ana Lucia,,1400,1
216613,4,Angulo Duarte Génesis Steicy,EAMB,1400,0
216614,1,Arroyo Mata Raquel,Ccdr San Ramon,1400,0
216618,1,Araya Araya Raquel,E. Mercedes Quesada Quesada,1400,
216618,1,Diaz Cardoza Fabiola,E. Mercedes Quesada Quesada,1400,
216618,1,Quiros Mendez Ana Paula,E. Mercedes Quesada Quesada,1400,
216618,1,Vargas Moya Marcela,E. Mercedes Quesada Quesada,1400,
219150,1,Davila Salas Farit Jose,,1400,4
219150,2,Alvarez Alvarez Johanel,,1400,4
219150,3,Porras Castro Fabian,,1400,3
219150,4,Bueso Gutierrez Diego Andres,LEB SR,1400,3
219150,5,Narvaez Badilla Jose Andres,CTP Rosario,1400,2.5
219150,6,Villalobos Azofeifa Erick Alberto,,1400,2
219150,7,Salazar Rodriguez Daniel,,1400,1.5
219151,1,Rojas Mora Ana Claret,,1565,3
219151,2,Munoz Ramirez Kyara Vanessa,Ccdr San Ramon,1488,2
219151,3,Boza Ulate Eimy,,1537,1
219151,4,Moya Bolanos Stacy,,1400,0
219155,1,Salazar Nunez Basilio,LEB Naranjo,1677,
219155,1,Salazar Nunez Ismael,LEB Naranjo,1508,
219155,1,Castro Duarte Cristian,LEB Naranjo,1400,
219155,1,Munoz Solis Steven,LEB Naranjo,1400,
219155,1,Valerio Fernandez Josue,LEB Naranjo,1400,
219155,,Pineda Emmanuel,LEB San Ramon,1589,
219155,,Campos Vega Bryan Enrique,LEB San Ramon,1511,
219155,,Rosales Gonzalez Jessica,LEB San Ramon,1455,
219155,,Carrillo Jimenez Nils,CEB Palmares,1400,
219155,,Herrera Castro David,CEB Palmares,1400,
219155,,Jimenez Elizondo Gabriel,LEB San Ramon,1400,
219155,,Mora Garcia Francisco,CEB Palmares,1400,
219155,,Solano Nunez Emanuel,CEB Palmares,1400,
219155,,Zuniga Vargas Joel,CEB Palmares,1400,
219156,1,Rosales Gonzalez Erick Josue,Ccdr San Ramon,1774,4.5
219156,2,Duque Araya Cristopher,Ccdr San Ramon,1743,4.5
219156,3,Vindas Reyes Jose Daniel,LAR,1400,3
219156,4,Peraza Solorzano Pablo,,1400,3
219156,5,Martinez Villalobos Alonso,,1564,3
219156,6,Streichsber Felix,CTP Rosario,1400,2.5
219156,7,Miranda Zuniga Roger Josue,LAR,1400,2
219156,8,Lopez Calderon Gerardo Jesus,LAR,1400,2
219156,9,Jimenez Esquivel Leonardo,,1400,2
219156,10,Barrantes Vargas Keneth,,1400,2
219156,11,Segura Duran Froylan,,1400,1.5
219156,12,Araya Suarez Agustín,,1400,0
219157,1,Ramirez Alfaro Katalina,,1400,0
219161,1,Barboza Viquez Martin Eduardo,,1497,6
219161,2,Lazzaro Hernandez Patrick,,1400,5.5
219161,3,Vargas Arguedas Caleb Efrain,,1400,4
219161,4,Vargas Valverde Dorian,,1400,4
219161,5,Diaz Abarca Sebastian,,1400,4
219161,6,Umana Juarez Aaron,,1400,2.5
219161,7,Mejias Gerald,,1400,2
219161,8,Salinas Ramos Dilan,,1400,0
219164,2,Chaves Hidalgo Guillermo,Santa Sofia,1400,
219164,2,Gonzalez Villalobos Aaron,Santa Sofia,1400,
219164,2,Lazzaro Hernandez Nathan,Santa Sofia,1400,
219164,2,Ugalde Meza Mauro,Santa Sofia,1400,
219164,2,Valle Huezo Caleb,Santa Sofia,1400,
219166,1,Barquero Alfaro Alejandro,Codea,1552,5
219166,2,Rojas Mora Jose Elias,,1495,3.5
219166,3,Rojas Mora Juan Gerardo,,1616,3
219166,4,Fajardo Solorzano Mailon Manuel,,1400,2.5
219166,5,Corea Herandez Luis Fernando,,1400,1
219166,6,Espinoza Aguero Allan Andres,Santa Sofia,1400,0
219167,1,Adanis Mora Naomy,Codea,1407,4
219167,2,Mayorga Kiara,,1400,2.5
219167,3,Arroyo Mata Raquel,Ccdr San Ramon,1400,2
219167,4,Navarro Morales Shauny,,1400,1
219167,5,Lopez Vargas Kristen Sofia,Santa Sofia,1400,0.5
219954,1,Carrillo Jimenez Nils,CEB Palmares,1400,
219954,1,Herrera Castro David,CEB Palmares,1400,
219954,1,Mora Garcia Francisco,CEB Palmares,1400,
219954,1,Solano Nunez Emanuel,CEB Palmares,1400,
219954,1,Zuniga Vargas Joel,CEB Palmares,1400,
219954,2,Pineda Emmanuel,LEB San Ramon,1589,
219954,2,Campos Vega Bryan Enrique,LEB San Ramon,1511,
219954,2,Rosales Gonzalez Jessica,LEB San Ramon,1455,
219954,2,Jimenez Elizondo Gabriel,LEB San Ramon,1400,
219954,3,Salazar Nunez Basilio,LEB Naranjo,1677,
219954,3,Salazar Nunez Ismael,LEB Naranjo,1508,
219954,3,Castro Duarte Cristian,LEB Naranjo,1400,
219954,3,Munoz Solis Steven,LEB Naranjo,1400,
219954,3,Valerio Fernandez Josue,LEB Naranjo,1400,
221285,1,Medina Mayorga David Josue,Codea,1631,5
221285,2,Montiel Miranda Antonio Jose,Sta Sofia,1400,3.5
221285,3,Dávila Salas Farit José,Ricardo Moreno,1400,3
221285,4,Álvarez Álvarez Johanel,Candelaria,1400,2
221285,5,Salas Ledezma Gabriel Steven,LEOM,1400,1.5
221285,6,Guerrero Arad,Redentorista,1400,0
221286,1,Rojas Mora Ana Claret,,1565,3
221286,2,Munoz Ramirez Kyara Vanessa,Ccdr San Ramon,1488,2
221286,3,Arevalo Andrea,,1400,1
221286,4,Li Gutiérrez Talin,Sta Sofia,1400,0
223758,1,Shih Gould Danny,Country Day School,,7
223758,2,Murillo Picado Ricardo,Escuela Sinai,,5
223758,3,Barboza Viquez Martin Eduardo,Santa Teresa,,4.5
223758,4,Alvarez Ugalde Isaac,Escuela Los Diamantes,,4.5
223758,5,Rojas Vargas Cesar,Escuela Nuesta Senora del Sion,,4
223758,6,Paniagua Chavarria Santiago,Esc. Presbitero Jose D. Carmona,,2
223758,7,Salazar Artavia Keylor,Escuela Claudio Lara,,1
223758,8,Cespedes Gonzalez Malcom,Pacto del Jocote,,0
223759,1,Semana Ramirez Brenda,New Hope,,6
223759,2,Rojas Mora Maria Salvadora,Escuela Federico Salas,,6
223759,3,Madrigal Leon Maria Rosa,Mariano Cortes,,6
223759,4,Rocha Molina Angelica,Escuela Surelka,,4
223759,5,Hidalgo Villalobos Kiara,Escuela Lepanto,,3
223759,6,Castro Prado Kimberly,Escuela Pueblo Nuevo,,2
223759,7,Acuna Blandon Olga,Escuela Pacto del Jocote,,1
223759,8,Morales Alvares Fiorella,Escuela Buenos Aires,,0
223761,1,Ramirez Madrid Daniel Alberto,New Hope,1632,
223761,1,Vargas Abadia Alejandro,New Hope,1584,
223761,1,Segura Cordero Ariel,New Hope,1557,
223761,1,Semana Ramirez Jerian,New Hope,1533,
223761,2,Correa Jimenez Emanuel,Escuela Mariano Cortez,1400,
223761,2,Jamieson Mora Aalya,Escuela Mariano Cortez,1400,
223761,2,Jamieson Mora Wanda,Escuela Mariano Cortez,1400,
223761,2,Morales Fernandez Sebastian,Escuela Mariano Cortez,1400,
223761,2,Perez Ramos Marco,Escuela Mariano Cortez,1400,
223761,3,Arias Obando Luis David,Escuela Lepanto,1400,
223761,3,Castillo Araya Anderson,Escuela Lepanto,1400,
223761,3,Cubero Zuniga Luis,Escuela Lepanto,1400,
223761,3,Guiterrez Rojas Brayron,Escuela Lepanto,1400,
223761,4,Aguilar Trana Andres,Escuela Jesus Jimenez,1400,
223761,4,Arias Montoya Elian,Escuela Jesus Jimenez,1400,
223761,4,Franco Alvarado Yanyer,Escuela Jesus Jimenez,1400,
223761,4,Quiros Guido Santiago,Escuela Jesus Jimenez,1400,
223761,4,Villalobos Barahona Donoban,Escuela Jesus Jimenez,1400,
223761,5,Alvarado Arias Filiph,Pacto Del Jocote A,1400,
223761,5,Lobo Castro Isaac,Pacto Del Jocote A,1400,
223761,5,Loria Vaglio Javier,Pacto Del Jocote A,1400,
223761,5,Ocampo Nunez Jose Fabian,Pacto Del Jocote A,1400,
223761,6,Gutierrez Rodriguez Bryan,Pacto Del Jocote B,1400,
223761,6,Hernandez Rodriguez Abraham,Pacto Del Jocote B,1400,
223761,6,Sandi Quiros Carlos,Pacto Del Jocote B,1400,
223761,6,Solis Delgado Adrian,Pacto Del Jocote B,1400,
223761,7,Badilla Alpizar Deivid Yahir,Escuela las Lagunas,1400,
223761,7,Romero Zuniga Dilan,Escuela las Lagunas,1400,
223761,7,Solano Marin Dilan,Escuela las Lagunas,1400,
223762,1,Barrantes Jimenez Keisy,Escuela las Lagunas,,
223762,1,Castro Alfaro Kiany,Escuela las Lagunas,,
223762,1,Molina Valverde Weshly,Escuela las Lagunas,,
223762,1,Rodriguez Quesada Tamara,Escuela las Lagunas,,
223762,1,Zeledon Alvarado Alexandra Paola,Escuela las Lagunas,,
223762,2,Cordero Fernandez Gimena,Escuela Cecilio Lindo,,
223762,2,Fallas Calvo Alana,Escuela Cecilio Lindo,,
223762,2,Nunez Vargas Medelyn,Escuela Cecilio Lindo,,
223762,2,Rivera Villalobos Larissa,Escuela Cecilio Lindo,,
223762,3,Aragones Montero Jazira,Pacto del Jocote A,,
223762,3,Castro bolanos Fabiola,Pacto del Jocote A,,
223762,3,Fonseca Vargas Jimena,Pacto del Jocote A,,
223762,3,Lobo Meneses Andrea Alejandra,Pacto del Jocote A,,
223762,3,Millape Chaves Naomy,Pacto del Jocote A,,
223762,4,Angulo Valladares Kiara,San Francisco de Asis,,
223762,4,Fernandez Munoz Maria Paula,San Francisco de Asis,,
223762,4,Martinez Juarez Sofia,San Francisco de Asis,,
223762,4,Rodriguez Retana Sofia,San Francisco de Asis,,
223762,5,Cardenas Johannihg Juliana,Humbolt,,
223762,5,Gallardo Meza Paz,Humbolt,,
223762,5,Inglin Chavarria Karina,Humbolt,,
223762,5,Prado Alvarado Larissa,Humbolt,,
223762,6,Gamboa Gonzalez Kristen Daniela,Pacto del Jocote B,,
223762,6,Godinez Jimenez Maria Paula,Pacto del Jocote B,,
223762,6,Medina Mayorga Raquel,Pacto del Jocote B,,
223762,6,Moreno Mairena Rosa,Pacto del Jocote B,,
223762,6,Vargas Arroyo Monica,Pacto del Jocote B,,
223762,7,Aguilar Castro Valentina,Escuela Lepanto,,
223762,7,Aguilar Duarte Maria Alexa,Escuela Lepanto,,
223762,7,Duarte Obando Rihanna,Escuela Lepanto,,
223763,1,Cabezas Solano David Alejandr,Nuestra Señora de Sión,1869,6
223763,2,Barquero Alfaro Alejandro,Escuela Tambor,1552,5
223763,3,Meza Arauz Roney Alexander,Escuela Hernandez Rodriguez,1400,3
223763,6,Matarrita Mora Randy,Escuela Linda Vista,1400,1
223763,7,Aguilar Castro Josue David,Pacto del Jocote,1529,0
223764,1,Diaz Charpentier Kristel Meli,Escuela Barrio los Angeles,1580,7
223764,2,Shih Gould Annie,Country Day School,1866,6
223764,3,Rojas Pacheco Camila,Escuela San Blas,1449,5
223764,4,Huaman Bengoa Valeska,Escuela Santa Ana,1400,4
223764,5,Adanis Mora Naomy,Pacto del Jocote,1407,2.5
223764,6,Rojas Darcia Priscila,Pacto del Jocote,1400,2
223764,7,Garro Picado Jollette Alondra,Escuela las Lagunas,1400,1.5
223764,8,Salas Guzman Valeria,Escuela Finca 6,1400,0
223765,1,Castro Alfaro Leander Adrian,Escuela las Lagunas,1420,
223765,1,Cahuas Arguedas Jack Josue,Escuela las Lagunas,1400,
223765,1,Castro Flores Juan Antonio,Escuela las Lagunas,1400,
223765,1,Murillo Acuna Anthony,Escuela las Lagunas,1400,
223765,1,Venegas Jimenez Marco Antonio,Escuela las Lagunas,1400,
223765,2,Alvarado Arias Cristian,Pacto del Jocote,1451,
223765,2,Delgado Jimenez Andrey,Pacto del Jocote,1403,
223765,2,Rodriguez Nunez Diana,Pacto del Jocote,1401,
223765,2,Leon Cubero Anthony,Pacto del Jocote,1400,
223765,2,Oses Castro Victoria,Pacto del Jocote,1400,
223765,3,Quiros Acuna Sebastian,Escuela Juan Santamaria,1487,
223765,3,Morales Nunez Jean Carlos,Escuela Juan Santamaria,1459,
223765,3,Calderon Zuniga Juan Pablo,Escuela Juan Santamaria,1421,
223765,3,Cespedes Vargas Mauricio Albe,Escuela Juan Santamaria,1400,
223765,3,Mena Gomez Sebastian,Escuela Juan Santamaria,1400,
223765,4,Gutierrez Mendones Johannes,Escuela Padre Peralta,1400,
223765,4,Meza Vega Jose Antonio,Escuela Padre Peralta,1400,
223765,4,Rojas Salas Isaac,Escuela Padre Peralta,1400,
223765,4,Valladares Vega Josue,Escuela Padre Peralta,1400,
223765,5,Alfaro Zambrano Darien,Escuela Luis Shapiro,1400,
223765,5,Box Espinoza James,Escuela Luis Shapiro,1400,
223765,5,Guzman Sevilla Kenneth,Escuela Luis Shapiro,1400,
223765,5,Herrera Brenes Yeudy,Escuela Luis Shapiro,1400,
223765,5,Mora Campos Luis Diego,Escuela Luis Shapiro,1400,
223765,6,Brenes Martinez Enzo,Escuela Lepanto,1400,
223765,6,Hidalgo Villalobos Emerson,Escuela Lepanto,1400,
223765,6,Martinez Zuniga Obed,Escuela Lepanto,1400,
223765,6,Mena Jimenez Luis Gabriel,Escuela Lepanto,1400,
223765,7,Esquivel Jimenez Douglas Dani,Jorge Washington,1451,
223765,7,Alfaro Gonzalez Jafeth,Jorge Washington,1415,
223765,7,Hernandez Jimenez Gabriel,Jorge Washington,1402,
223766,1,Angulo Hernandez Maria Jesus,Pacto del Jocote,1623,
223766,1,Sandi Quiros Deborah,Pacto del Jocote,1527,
223766,1,Orozco Centeno Mariana,Pacto del Jocote,1481,
223766,1,Benavides Ordonez Melany,Pacto del Jocote,1434,
223766,1,Morales Duran Mary Paz,Pacto del Jocote,1400,
223766,2,Molina Valverde Lesly Vanessa,Escuela las Lagunas,1448,
223766,2,Guzman Porras Sara,Escuela las Lagunas,1438,
223766,2,Jimenez Gamboa Alisson,Escuela las Lagunas,1400,
223766,2,Melendez Gonzalez Ammy,Escuela las Lagunas,1400,
223766,2,Rodriguez Valverde Hillary Pamela,Escuela las Lagunas,1400,
223766,3,Salazar Gould Kristy,Escuela Mariano Cortez,1530,
223766,3,Araya Hernandez Maria Jose,Escuela Mariano Cortez,1410,
223766,3,Araya Hernandez Maria Daniela,Escuela Mariano Cortez,1402,
223766,3,Arias Aguilar Sofia,Escuela Mariano Cortez,1400,
223766,3,Gonzalez Ramirez Genesis,Escuela Mariano Cortez,1400,
223766,4,Blanco Jara Eva,Escuela Santa Marta,1400,
223766,4,Colt Quesada Ashley,Escuela Santa Marta,1400,
223766,4,Mata Mondragon Valeska,Escuela Santa Marta,1400,
223766,4,Rodriguez Vasco Valery,Escuela Santa Marta,1400,
223766,4,Solorzano Rodriguez Diana,Escuela Santa Marta,1400,
223766,5,Castro Hernandez Maria Celeste,Escuela Lepanto,1400,
223766,5,Erler Pelzer Jenny Laura,Escuela Lepanto,1400,
223766,5,Mena Hidalgo Yembly,Escuela Lepanto,1400,
223766,5,Sanchez Hernandez Andrea,Escuela Lepanto,1400,
223766,6,Alvarez Rojas Jerelyn,Escuela Jesus Jimenez,1400,
223766,6,Brenes Montoya Keelyn,Escuela Jesus Jimenez,1400,
223766,6,Garcia Emily,Escuela Jesus Jimenez,1400,
223766,6,Grijalba Jimenez Sharon,Escuela Jesus Jimenez,1400,
223766,6,Sanchez Segura Naomi,Escuela Jesus Jimenez,1400,
223766,7,Araya Araya Raquel,Escuela Mercedes Quesada,1400,
223766,7,Diaz Cardoza Fabiola,Escuela Mercedes Quesada,1400,
223766,7,Vargas Moya Marcela,Escuela Mercedes Quesada,1400,
228973,1,Castro Flores Maria Fernanda,Liceo Fernando Volio - Perez Zeledon,1740,
228973,1,Rojas Vargas Maria Fernanda,Liceo Fernando Volio - Perez Zeledon,1600,
228973,1,Chacon Valverde Paulina,Liceo Fernando Volio - Perez Zeledon,1400,
228973,1,Flores Alvarado Viviana,Liceo Fernando Volio - Perez Zeledon,1400,
228973,1,Godínez Alvarado Milagro,Liceo Fernando Volio - Perez Zeledon,1400,
228973,2,Murillo Badilla Brenda,Liceo Nicoya - Nicoya,1418,
228973,2,Castro Vargas Amanda,Liceo Nicoya - Nicoya,1400,
228973,2,Esquivel Venegas Mónica del Carmen,Liceo Nicoya - Nicoya,1400,
228973,2,Fajardo Vargas Vivian Alejandra,Liceo Nicoya - Nicoya,1400,
228973,2,Gómez Medina Zoyd Peniel,Liceo Nicoya - Nicoya,1400,
228973,3,Carrillo Marín Daniela,LEB Cartago - Cartago,1400,
228973,3,Fernández Méndez Kimberly,LEB Cartago - Cartago,1400,
228973,3,González Mata María Gabriela,LEB Cartago - Cartago,1400,
228973,3,Leiva Alvarado Jazmín,LEB Cartago - Cartago,1400,
228973,4,Hernández Hernández Kimberly Tatiana,CTP Sabanilla - Alajuela,1400,
228973,4,Pérez Agüero Hazel Nikol,CTP Sabanilla - Alajuela,1400,
228973,4,Rodríguez Narváez Hillary Dayana,CTP Sabanilla - Alajuela,1400,
228973,4,Ugalde Chaves Jessica Maria,CTP Sabanilla - Alajuela,1400,
228973,5,Arias Ríos Michel,LEB de Río Jiménez - Guapiles,1400,
228973,5,Fernández Galeano Jennifer,LEB de Río Jiménez - Guapiles,1400,
228973,5,Matarrita Castillo Valeria,LEB de Río Jiménez - Guapiles,1400,
228973,5,Rodríguez Muñoz Neferti,LEB de Río Jiménez - Guapiles,1400,
228973,5,Vindas Solano Raquel,LEB de Río Jiménez - Guapiles,1400,
228973,6,Perez Portillo Kristel,Teodoro Picado - San Jose Central,1489,
228973,6,Alvarado López Angie,Teodoro Picado - San Jose Central,1400,
228973,6,Díaz Amador Juvelky,Teodoro Picado - San Jose Central,1400,
228973,6,Gutiérrez Gómez Tatiana,Teodoro Picado - San Jose Central,1400,
228973,6,Vargas Corrales Alison,Teodoro Picado - San Jose Central,1400,
228974,1,Quesada Calderon Carolayne,Liceo Pacto del Jocote - Alajuela,1674,
228974,1,Brenes Benavides Delianny,Liceo Pacto del Jocote - Alajuela,1563,
228974,1,Sandi Quiros Andrey,Liceo Pacto del Jocote - Alajuela,1544,
228974,1,Cubero Moreno Nayeli,Liceo Pacto del Jocote - Alajuela,1481,
228974,2,Barquero Meza David,Liceo de Paraíso - Cartago,1591,
228974,2,Chavarria Marino Dylan,Liceo de Paraíso - Cartago,1418,
228974,2,Mata Alvarado Kevin,Liceo de Paraíso - Cartago,1403,
228974,2,Astua Castillo Victor,Liceo de Paraíso - Cartago,1400,
228974,2,Meza Alvarado Erick,Liceo de Paraíso - Cartago,1400,
228974,3,Dengo Soto Andres Gabriel,Colegio Claretiano - Heredia,1611,
228974,3,Arce Zúñiga Axel,Colegio Claretiano - Heredia,1400,
228974,3,Murillo Lizano Jose Daniel,Colegio Claretiano - Heredia,1400,
228974,3,Redondo Acuña Sebastián,Colegio Claretiano - Heredia,1400,
228974,4,Abarca Calderon Jose Fabian,Liceo Fernando Volio - Perez Zeledon,1400,
228974,4,Barrantes Campos Herald Alons,Liceo Fernando Volio - Perez Zeledon,1400,
228974,4,Meza Arauz Walner Alexandro,Liceo Fernando Volio - Perez Zeledon,1400,
228974,4,Navarro Gutierrez Dylan Josue,Liceo Fernando Volio - Perez Zeledon,1400,
228974,4,Urena Leon Jeremy,Liceo Fernando Volio - Perez Zeledon,1400,
228974,5,Garcia Mendez Ruben Ernesto,CTP Nandayure - Nicoya,1502,
228974,5,Bolanos Ferreto Branco,CTP Nandayure - Nicoya,1400,
228974,5,Soto Esquivel Esmeralda,CTP Nandayure - Nicoya,1400,
228974,5,Vidaure Alpízar María Celeste,CTP Nandayure - Nicoya,1400,
228974,6,Abarca Pérez Erick,CTP Talamanca - Sula,1400,
228974,6,Bolívar Alfaro Fredman,CTP Talamanca - Sula,1400,
228974,6,López Murillo Andrés,CTP Talamanca - Sula,1400,
228974,6,Morera Cortés Arturo,CTP Talamanca - Sula,1400,
228974,6,Steller Fernández Angel Eduardo,CTP Talamanca - Sula,1400,
228974,7,Arguedas Carrillo Minor Jose,Liceo Colonia Puntarenas - Zona Norte No,1400,
228974,7,Campos Grijalba Joswa Alexander,Liceo Colonia Puntarenas - Zona Norte No,1400,
228974,7,Espinoza Rivera Steven Daniel,Liceo Colonia Puntarenas - Zona Norte No,1400,
228974,7,Ulate Araya Edward Jose,Liceo Colonia Puntarenas - Zona Norte No,1400,
228975,1,Coto Bonilla Darian *,Colegio Los Ángeles,1765,6
228975,2,Medina Mayorga David Josue,Redentorista San Alfonso - Alajuela,1631,5
228975,3,Price Escalante Luis Alfredo,Colegio Sulayom - Sula,1609,4
228975,4,Cárdenas Esquivel Luis Martin,Liceo Las Esperanzas - Perez Zeledo,1400,2
228975,5,Corrales Duarte Esteban,Instituto Educativo Yory - Sarapiqu,1400,2
228975,6,Orozco Sosa Edward,CTP Jicaral - Peninsular,1400,1
228975,7,Brenes Reyes Fernando Daniel,LEB Turrialba -Turrialba,1400,1
228976,1,Salazar Gould Melanie,Clodomiro Picado - Turrialba,1879,5
228976,2,Leon Vargas Mercedes Lucia,Liceo Escazú - San Jose O,1714,4
228976,3,Rojas Mora Ana Claret,LEB San Ramón - Occidente,1565,3
228976,4,Chaves Almergor Inés,CTP Talamanca - Sula,1400,1
228977,1,Quesada Campos Jordi Alessand,LEB Cartago - Cartago,2016,5.5
228977,2,Marin Masis Jose Esteban *,Colegio Los Ángeles - *,1987,5
228977,3,Duque Araya Cristopher,Colegio Los Ángeles - Occidente,1743,4.5
228977,4,Morales Solórzano José Stewart,Liceo Unesco - Perez Zeledon,1400,2.5
228977,5,Granados Wing Brian Saul,LEB Pococi - Pococi,1456,1.5
228977,6,Liang Du Víctor Hao Pen,Instituto Educativo Yory - Sarapiqu,1400,1
228977,7,Murillo Badilla Allan Francisco,Científico Sede Guanacaste - Liberi,1400,1
228978,1,Acevedo Mendez Jennifer Tatiana,Gregorio José Ramírez - Alajuela,1902,6
228978,2,Marin Leon Valeria,Nuestra Señora del Pilar - San Jose,1796,5
228978,3,Campos Quintanilla Karen Dayanna,Liceo Nocturno Palmares - Perez Zel,1756,4
228978,4,Arguedas Bolanos Sharline Stephanie,LEB Pococí - Pococi,1675,3
228978,5,Angulo Morales Sheirys Fabiana,IPEC - Liberia,1400,2
228978,6,Nunez Fonseca Alina,LEB Turrialba - Turrialba,1423,1
228978,7,Morera Martínez Marley,Liceo Rural Islas de Chirripó - Sar,1400,0
228980,1,Rivera Gonzalez Jose Alexis,Liceo Pacto del Jocote - Alajuela,1854,
228980,1,Porras Chavarria Michael,Liceo Pacto del Jocote - Alajuela,1723,
228980,1,Orozco Centeno Melissa,Liceo Pacto del Jocote - Alajuela,1686,
228980,1,Porras Chavarria Pamela Maria,Liceo Pacto del Jocote - Alajuela,1636,
228980,2,Zeledon Perez Edgar,Teodoro Picado - San Jose,1836,
228980,2,Bonilla Morales Bryan,Teodoro Picado - San Jose,1821,
228980,2,Arias Becerra Michael,Teodoro Picado - San Jose,1600,
228980,2,Gutierrez Arbaiza Ronny,Teodoro Picado - San Jose,1507,
228980,2,Gutierrez Arbaiza Jordan,Teodoro Picado - San Jose,1489,
228980,3,Ramirez Sanchez Dixon Josue,Liceo Fernando Volio - Perez Zeledon,1592,
228980,3,Leon Fallas Sebastian,Liceo Fernando Volio - Perez Zeledon,1456,
228980,3,Godinez Hidalgo Javier,Liceo Fernando Volio - Perez Zeledon,1436,
228980,3,Quesada Arauz Jean Carlo,Liceo Fernando Volio - Perez Zeledon,1400,
228980,4,Alvarado Cascante Mainor Isac,CTP La Suiza - Turrialba,1628,
228980,4,Artavia Palma Andrés,CTP La Suiza - Turrialba,1400,
228980,4,Porras Aguilar Celimo,CTP La Suiza - Turrialba,1400,
228980,4,Solano López Yenner,CTP La Suiza - Turrialba,1400,
228980,4,Vargas Fonseca Fabián,CTP La Suiza - Turrialba,1400,
228980,5,Gamboa Galeano José Pablo,Liceo Rural El Concho - San Carlos,1400,
228980,5,Orozco Rodríguez Jarod Gerardo,Liceo Rural El Concho - San Carlos,1400,
228980,5,Pineda Torres Robin Geovanni,Liceo Rural El Concho - San Carlos,1400,
228980,5,Soto Soto Leonardo David,Liceo Rural El Concho - San Carlos,1400,
228980,6,Alpízar López Jean Daniel,LEB Pococí - Guapiles,1400,
228980,6,Díaz Araya Elías David,LEB Pococí - Guapiles,1400,
228980,6,Jiménez Navarro Anthony,LEB Pococí - Guapiles,1400,
228980,6,Sanabria Serrano Santiago,LEB Pococí - Guapiles,1400,
228980,6,Sibaja Granados James,LEB Pococí - Guapiles,1400,
228980,7,Baltodano Madrigal Leandro,José María Gutiérrez - Liberia,1400,
228980,7,Lobo Rodríguez Leonardo Alexander,José María Gutiérrez - Liberia,1400,
228980,7,Marín Alvarado Minor Andrés,José María Gutiérrez - Liberia,1400,
228980,7,Ortega Bolaños José Rodolfo,José María Gutiérrez - Liberia,1400,
228980,7,Torrentes López Joseph Mauricio,José María Gutiérrez - Liberia,1400,
266806,1,Erler Pelzer Jenny Laura,Lepanto,1421,8
266806,2,Mena Hidalgo Yembly,Lepanto,1400,7
266806,3,Castro Hernandez Maria Celest,Lepanto,1400,6
266806,4,Hidalgo Villalobos Kiara,Lepanto,1400,5
266806,5,Alpizar Guido Hillary,Lepanto,1400,3
266806,6,Molina Jimenez Rachel,Lepanto,1400,3
266806,7,Oporto Zuñiga Yuliana Sofia,Lepanto,1400,1.5
266806,8,Brenes Martinez Alice,Lepanto,1400,1.5
266806,9,Martinez Zuñiga Sharyd,Lepanto,1400,1
269862,1,Lopez Bustos David,Escuela Miguel Obregon,1661,6.5
269862,2,Lopez Mejia Mario,Escuela Santa Rita,1450,6
269862,3,Rojas Arias Sebastian,Escuela Eulogia Ruiz,1430,5
269862,6,Cano Murillo Luis Mario,Ccdr Escuela Francisco Alfaro,1400,4.5
269862,7,Barrantes Campos Byron,Escuela Santa Elena,1400,4
269862,14,Campos Vasquez Esteban,Escuela Alice Moya,1400,3.5
269862,16,Chacon Trana Jean Marco,Escuela Tobias Guzman,1400,3
269862,21,Madrigal Arias Sebastian,Escuela Santa Teresa,1400,2
269862,23,Castillo Lobo Abdiel,Escuela San Antonio,1400,1
269862,25,Bogantes Cespedes Juan Manuel,Escuela Jacinto Paniagua,1400,0
271925,1,Barboza Viquez Martin,Escuela Santa Teresa,,7
271925,2,Sanchez Sebastian,Escuela Nuevo Milenio,,5
271925,3,Salas Miranda Darrel,Escuela Julio Pena,,5
271925,4,Aguero Montero Luis Fernando,Escuela Bernardo Soto,,4
271925,8,Lopez Mejia Engels,Escuela Santa Rita,,3
271925,11,Sanchez Rodriguez Matias,Escuela Miguel Obregon,,1
271925,12,Rodriguez Orozco Brandon,Escuela San Miguel Arriba,,0
271927,1,Hernandez Loria Jimena,Saint John,1400,6
271927,2,Fonseca Vargas Jimena,Escuela Pacto del Jocote,1400,5.5
271927,3,Hernandez Loria Valeria,Saint John,1400,5
271927,4,Jimenez Villalobos Emily,Escuela Eulogia Ruiz,1400,5
271927,6,Jimenez Jimenez Allison,Escuela Bernardo Soto,1400,3.5
271927,7,Salas Cheever Alexa,Escuela Miguel Obregon,1400,2.5
271927,8,Nunez Murillo Alejandra,Escuela Juan Arrieta,1400,2
271927,9,Madrigal Alfaro karla,Escuela Alice Moya,1400,1.5
271927,10,Suarez Rodriguez Samantha,Escuela Nuevo Milenio,1400,1
271927,11,Alfaro Dana,Escuela Nuevo Milenio,1400,0
271929,1,Mayorga Araya Sofia,Escuela Pacto Del Jocote,1432,3
271929,2,Medina Mayorga Raquel,Escuela Pacto Del Jocote,1400,2
271929,3,Vargas Arroyo Monica,Escuela Pacto Del Jocote,1400,1
271929,4,Lopez Bustos Daniela,Escuela Miguel Obregon,1400,0
271931,1,Anthony,Escuela Pacto del Jocote,,
271931,1,Cristian,Escuela Pacto del Jocote,,
271931,1,Debora,Escuela Pacto del Jocote,,
271931,1,Kyara,Escuela Pacto del Jocote,,
271931,2,Alejandro,Escuela Santa Rita A,,
271931,2,Eros,Escuela Santa Rita A,,
271931,2,Gerald,Escuela Santa Rita A,,
271931,2,Yordy,Escuela Santa Rita A,,
271931,3,Gerald,Escuela Santa Rita B,,
271931,3,Jordan,Escuela Santa Rita B,,
271931,3,Sebastian,Escuela Santa Rita B,,
271931,3,Wilmer,Escuela Santa Rita B,,
271931,4,Aaron,Escuela Juan Arrieta,,
271931,4,Alezander,Escuela Juan Arrieta,,
271931,4,Bahiron,Escuela Juan Arrieta,,
271931,4,Mauricio,Escuela Juan Arrieta,,
271931,5,Gabriel,Escuela Miguel Obregon,,
271931,5,Jean Carlo,Escuela Miguel Obregon,,
271931,5,Saira,Escuela Miguel Obregon,,
271931,5,Segen,Escuela Miguel Obregon,,
271931,6,Andres,Adolfo Jimenez de la Guardia,,
271931,6,Fiorella,Adolfo Jimenez de la Guardia,,
271931,6,Manuel,Adolfo Jimenez de la Guardia,,
271931,6,Tatiana,Adolfo Jimenez de la Guardia,,
272119,1,Alejandro,COLEGIO GREGORIO JOSÉ RAMIREZ,,
272119,1,Brandon,COLEGIO GREGORIO JOSÉ RAMIREZ,,
272119,1,Kevin,COLEGIO GREGORIO JOSÉ RAMIREZ,,
272119,1,Luis Fernando,COLEGIO GREGORIO JOSÉ RAMIREZ,,
272119,1,Maykel,COLEGIO GREGORIO JOSÉ RAMIREZ,,
272119,2,Alexis,LICEO PACTO DEL JOCOTE,,
272119,2,Carolayne,LICEO PACTO DEL JOCOTE,,
272119,2,Juan Luis,LICEO PACTO DEL JOCOTE,,
272119,2,Michael,LICEO PACTO DEL JOCOTE,,
272119,2,Pamela,LICEO PACTO DEL JOCOTE,,
272119,3,Adrey,COLEGIO REDENTORISTA B,,
272119,3,Cristofer,COLEGIO REDENTORISTA B,,
272119,3,Emiliano,COLEGIO REDENTORISTA B,,
272119,3,Luis Felipe,COLEGIO REDENTORISTA B,,
272119,3,Miguel,COLEGIO REDENTORISTA B,,
272119,5,Daniel,COLEGIO REDENTORISTA A,,
272119,5,Dylan,COLEGIO REDENTORISTA A,,
272119,5,Jeshua,COLEGIO REDENTORISTA A,,
272119,6,Johan,CTP ATENAS,,
272119,6,Orlando,CTP ATENAS,,
272119,6,Sebastián,CTP ATENAS,,
272119,6,Tenzin,CTP ATENAS,,
272119,,Gabriel,INSTITUTO DE ALAJUELA,,
272119,,Genesis,INSTITUTO DE ALAJUELA,,
272119,,Samantha,INSTITUTO DE ALAJUELA,,
272119,,Sebastián,INSTITUTO DE ALAJUELA,,
272120,1,Diana,Colegio Gregorio José Ramirez,,
272120,1,Jimena,Colegio Gregorio José Ramirez,,
272120,1,Jimena,Colegio Gregorio José Ramirez,,
272120,1,Melissa,Colegio Gregorio José Ramirez,,
272120,1,Natalia,Colegio Gregorio José Ramirez,,
272120,2,Hillary,CTP SABANILLA,,
272120,2,Jessica,CTP SABANILLA,,
272120,2,Kimberly,CTP SABANILLA,,
272120,2,Nicol,CTP SABANILLA,,
272122,1,Jeremy,LICEO LEÓN CORTÉS,,
272122,1,JF,LICEO LEÓN CORTÉS,,
272122,1,Mallin,LICEO LEÓN CORTÉS,,
272122,1,Sigifredo,LICEO LEÓN CORTÉS,,
272122,2,Luis A,COLEGIO REDENTORISTA,,
272122,2,Mauricio,COLEGIO REDENTORISTA,,
272122,2,Patricio,COLEGIO REDENTORISTA,,
272122,2,Rómulo,COLEGIO REDENTORISTA,,
272123,1,Delianny,LICEO PACTO DEL JOCOTE,,
272123,1,Mariana,LICEO PACTO DEL JOCOTE,,
272123,1,Melany,LICEO PACTO DEL JOCOTE,,
272123,1,Naomy,LICEO PACTO DEL JOCOTE,,
272124,1,Romero Perez Samantha,Instituto de Alajuela,,0
272124,2,Hidalgo Cerdas Gabriela,CTP Bolivar,,0
272125,1,González Cascante Roy,Liceo Alejandro Aguilar,,6.5
272125,3,Campos Álvarez Blas,CTP San Rafael Poas,,5
272125,4,Cid Chavarria Mykel,CTP Sabanilla,,4
272125,7,Chaves Paniagua Aarón,CTP Bolivar,,3
272125,10,Delgado Mora Edras,Liceo Alejandro Aguilar,,1
272125,12,Rodriguez Carrillo Nayid,Nuevo Milenio,,0
272126,1,Cubero Moreno Nayeli,Liceo Pacto del Jocote,,3
272126,2,Arévalo Rojas Andrea,CTP San Rafael Poas,,2
272126,3,Rodriguez Carrillo Nayid,Nuevo Milenio,,1
272126,4,Arbeláez Serna Laura,Colegio Santa Teresa,,0
272127,1,Angulo Hernandez Maria Jesus,Colegio Redentorista,,3
272127,2,Toro Cano Sara,Colegio Redentorista,,2
272127,3,Delgado Alvarado Alexa,Liceo Alejandro Aguilar,,1
272127,4,Camacho Arroyo Juliana,CTP Bolivar,,0
272128,1,Sandi Quiros Junior Andrey,Liceo Pacto del Jocote,,7
272128,2,Medina Mayorga David,Colegio Redentorista,,6
272128,3,Leyton Cubero David,Colegio Santa Teresa,,4
272128,7,Zumbado Solorzano Marco,Colegio Santa Teresa,,3
272128,8,Salas Viquez Esteban,CTP Santa Eulalia,,2
272128,9,Garcia Mora Isaac,Liceo Alejandro Aguilar,,1
272128,10,Delgado Quesada Jefferson,CTP San RAfael de Poas,,0
273962,1,Jimenez Navarro Diego Andres,,,7
273962,2,Hernandez Jimenez Caleb,,,6
273962,3,Hernandez Leandro Fabian,,,5
273962,4,Rosadoro Morales Marcell,,,4
273962,5,Gomez Barahona Jose Enrique,,,2.5
273962,6,Quiros Madriz Malcom,,,2
273962,7,Sanabria Leandro Jose Manuel,,,1.5
273962,8,Aguilar Mena Jose Joaquin,,,0
273963,1,Rojas Pacheco Camila,,,2
273963,2,Perez Rodriguez Camila,,,1
273963,3,Retana Gomez Valeria,,,0
273966,1,Bonilla Moreira Ricardo,,,5
273966,2,Gonzalez Aguero Ignacio,,,4
273966,3,Retana Gomez Matias,,,2.5
273966,5,Ivankovich Umana Juan Jose,,,1
273966,6,Araya Solano Jose Daniel,,,0
273968,1,Calderon Brenes Tiffany,Ccdr Cartago,1594,3
273968,2,Arias Mora Valentina,,,2
273968,3,Godinez Camacho Fernanda,,,1
273968,4,Masis Hernandez Maria Celeste,,,0
276882,1,Rojas Mora Ana Lucia,Federico Salas,1400,1.5
276882,3,Rojas Mora Elena,Federico Salas,1404,0
276884,1,Rojas Mora Elias,Federico Salas,1541,5.5
276884,2,Esquivel Jiménez Douglas Daniel,EJW,1592,5.5
276884,3,Alfaro Gonzalez Jafeth,EJW,1400,4
276884,4,Badilla Mora Cristian Schneider,Simon Bolivar,1400,3.5
276884,5,Morera Rodriguez Jose David,Laboratorio,1400,3
276884,6,Solis Prieto Andres,Republica Cuba,1400,3
276884,7,Arroyo Araya Cristofer Haguen,Santiago Crespo,1400,2.5
276884,8,Campos Vega Byron,Gerardo Badilla,1400,2.5
276884,9,Linkemer Otarola Freddy,JJ Salas P,1400,2.5
276884,10,Rojas Murillo Mathew,Santiago Crespo,1400,2
276884,11,Guerrero Campos Mariano,Laboratorio,1400,1
276884,12,Libre Libre,Santiago Crespo,1400,0
276885,1,Rojas Mora María Salvadoora,Federico Salas,1528,3
276885,2,Araya Elizondo Leidy Tatiana,Santiago Crespo,1400,2
276885,3,Arrieta Vasquez Mariana,Santiago Crespo,1400,1
276885,4,Mesen Rojas Naomi Marcela,Laboratorio,1400,0
276886,1,Rojas Mora Ana Claret,LEBSR,1576,4.5
276886,3,Chen Jiang Wendy,LEBN,1400,3
276886,4,Arroyo Alvarado Deyna Fabiana,LEBN,1400,2
276886,5,Rojas Valenciano Yuliana Gabriel,LEBN,1400,1
276886,6,Libre Libre,CTP Rosario,,0
276887,1,Rojas Mora Juan Gerardo,LEBSR,1579,5
276887,2,Mendez Morales Jonathan,Laguna,1400,4
276887,3,Hernandez Jimenez Gabriel,LEBSR,1400,2.5
276887,5,Ramirez Alfaro Bruno,CTP Rosario,1400,1
276887,6,Salas Barrios Josue Daniel,Chachagua,1400,0
276888,1,Rosales Gonzalez Erick Josue,LEBSR,1844,5
276888,2,Alvarez Alvarez Johanel Steve,Candelaria,1408,4
276888,3,Carrillo Jimenez Nils,CBP,1400,3
276888,4,Campos Vega Bryan Enrique,LEBSR,1512,3
276888,5,Vindas Elizondo Nehemias,Chachagua,1400,3
276888,6,Salazar Nuñez Ismael,LEBN,1508,3
276888,7,Davila Salas Farith Jose,Ricardo Moreno,1417,2
276888,8,Perez Acosta Joseph,Chachagua,1400,2
276888,9,Martinez Villalobos Alonso,CTP Rosario,1510,2
276888,10,Rojas Sancho Oldemar,LEBN,1400,2
276888,11,Mejias Salas Jorge Luis,Chachagua,1400,1
276891,1,Rosales Gonzalez Jessica Maria,LEBSR,1449,1.5
276891,3,Ureña Lizano Fiorella,CBP,1400,0
277743,1,Lopez Bustos David,Miguel Obregon,,7
277743,2,Rojas Mora Jose Elias,Federico Salas,,6
277743,3,Lopez Mejia Mario,Santa Rita,,5
277743,4,Esquivel Jimenez Douglas Dani,Jorge Washington,,4
277743,5,Lazzaro Hernandez Nathan,Colegio Bilingue Santa Sofia,,3
277743,6,Vargas Valverde Dorian,Los Delfines,,2
277743,7,Morera Walker Justin Caleb,La Riviera,,1
277743,8,Castellano Angulo Iker,La Inmaculada,,0
277744,1,Rojas Mora Maria Salvadora,Federico Salas,,3
277744,2,Hernandez Loria Jimena,Saint John,,2
277744,3,Fonseca Vargas Jimena,Pacto del Jocote,,1
277744,4,Araya Elizondo Leidy,Santiago Crespo,,0
277746,1,Barboza Viquez Martin Eduardo,Santa Teresa,1598,7
277746,2,Lazzaro Hernandez Patrick,Colegio Bilingue Santa Sofia,1400,5
277746,3,Sanchez Sebastian,Nuevo Milenio,1400,5
277746,5,Cruz Estrada Keylor,La Inmaculada,1400,2
277746,6,Rojas Murillo Abraham,Santiago Crespo,1400,1.5
277746,7,Mora Cruz Gustavo,Jose Joaquin Salas Perez,1400,1.5
277746,8,Salas Bustos Isaias,Escuela la Riviera,1400,1
277748,1,Monge Ramirez Abigail,Monsenor Clodoveo,,6
277748,2,Mayorga Araya Sofia,Pacto del Jocote,,4
277748,5,Medina Mayorga Raquel,Pacto del Jocote,,2
277748,6,Achio Masis Nahomy Stefany,La Inmaculada,,1
277748,7,Pereira Matamoros Eihny,Los Delfines,,0
277751,1,Barrantes Aaron,La Inmaculada,,
277751,1,Chacon Masis Jared,La Inmaculada,,
277751,1,Delgado Santiago,La Inmaculada,,
277751,1,Gutierrez Vega Lorenzo,La Inmaculada,,
277751,,Alvarado Cristian,Pacto del Jocote,,
277751,,Arrieta Carolina,Escuela Mercedes Quesada,,
277751,,Brabo Alejandro,Escuela Santa Rita A,,
277751,,Bravo Gerald,Escuela Santa Rita A,,
277751,,Diaz Angela,Escuela Mercedes Quesada,,
277751,,Guzman Jordy,Escuela Santa Rita A,,
277751,,Jimenez Sebastian,Escuela Mercedes Quesada,,
277751,,Leon Anthonny,Pacto del Jocote,,
277751,,Marin Eros,Escuela Santa Rita A,,
277751,,Mayorga Kyara,Pacto del Jocote,,
277751,,Quiros Ana Paula,Escuela Mercedes Quesada,,
277751,,Sandi Debora,Pacto del Jocote,,
277751,,Vargas Marcela,Escuela Mercedes Quesada,,
277753,1,Medina Mayorga David Josue,Redentorista,,6.5
277753,2,Sandi Quiros Andrey,Pacto del Jocote,,6
277753,3,Mendez Morales Jonathan,Laguna,,4
277753,4,Rojas Mora Juan Gerardo,LEBSR,,4
277753,5,Cruz Estrada Kendall,CTP Matapalo,,3
277753,6,Lopez Villalobos Luis,CTP Jaco,,2.5
277753,7,Alvarado Fuentes Jeison,CTP Esparza,,1
277753,8,Valle Huezo Caleb,Colegio Bilingue Santa Sofia,,1
277755,1,Angulo Hernandez Maria Jesus,Redentorista,,3
277755,2,Rojas Mora Ana Claret,LEBSR,,2
277755,3,Munoz Ramirez Kyara Vanessa,Colegio Bilingue San Ramon,,1
277755,4,Toro Cano Sara,Redentorista,,0
278575,1,Cabezas Solano David Alejandr,Caotoso,1908,3
278575,2,Coto Calderon Juan Diego,Colegio Miravalle,1690,2
278575,3,Valverde Fernandez Deiby,Liceo Llano Bonito,1400,1
278575,4,Bonilla Rodríguez Aaron,Liceo Monseñor Rubén Odio,1400,0
278576,1,Solano Cordero Jorge,IET,1655,2.5
278576,2,Cedeno Caceres Stif,Colegio Francisca Carrasco,1745,2.5
278576,3,Hernandez Castro Esteban,Liceo San Miguel,1506,1
278576,4,Solis Valverde Fabricio,Liceo Llano Bonito,1400,0
278577,1,Salazar Gould Melanie,IET,1831,2
278577,2,Quesada Campos Alison,San Luis Gonzaga,1497,1
278577,3,Mora Fallas María Laura,Liceo de Frailes,1400,0
278578,1,Perez Granados Marian,IET,1522,1
278578,2,Hernandez Leandro Aliza,Santa Lucía,1530,1
278847,1,Carranza Tony,Colegio Bilingue de Palmares,,
278847,1,Castro Acosta Allan,Colegio Bilingue de Palmares,,
278847,1,Lacayo Hosthyn,Colegio Bilingue de Palmares,,
278847,1,Sancho Sebastian,Colegio Bilingue de Palmares,,
278847,,Alfaro David,CTP Esparza,,
278847,,Alvarado Jeremy,Liceo Leon Cortes,,
278847,,Arias Luis Alfredo,Redentorista San Alfonso,,
278847,,Ballestero Yennier,CTP Esparza,,
278847,,Buezo Diego,Experimental Bilingue de San Ramon,,
278847,,Chacon Sigifredo,Liceo Leon Cortes,,
278847,,Fernandez Eduardo,CTP Esparza,,
278847,,Herra Hallen,CTP Esparza,,
278847,,Lara Esteban,Experimental Bilingue de San Ramon,,
278847,,Morera Carlos,Experimental Bilingue de San Ramon,,
278847,,Porror Angel,CTP Esparza,,
278847,,Rivera Francisco,Liceo Leon Cortes,,
278847,,Rodriguez Abby,Experimental Bilingue de San Ramon,,
278847,,Soto Rodriguez Patricio,Redentorista San Alfonso,,
278847,,Soto Rodriguez Romulo,Redentorista San Alfonso,,
278847,,Urena Cristopher,Experimental Bilingue de San Ramon,,
278847,,Valverde Mauricio,Redentorista San Alfonso,,
278847,,Vasquez Maylin,Liceo Leon Cortes,,
278848,1,Brenes Benavides Delianny,Pacto del Jocote,,
278848,1,Orozco Centeno Mariana,Pacto del Jocote,,
278848,1,Benavides Ordonez Melany,Pacto del Jocote,,
278848,1,Adanis Mora Naomy,Pacto del Jocote,,
278848,,Rojas Allyson Daniela,Bilingue de Palmares,,
278848,,Ruiz Samantha Alison,Bilingue de Palmares,,
278848,,Zuniga Vanessa Karol,Bilingue de Palmares,,
278851,1,Delgado Jimena,Gregorio Jose Ramirez,,
278851,1,Jimenez Jimena,Gregorio Jose Ramirez,,
278851,1,Lobo Natalia,Gregorio Jose Ramirez,,
278851,1,Orozco Melissa,Gregorio Jose Ramirez,,
278851,,Mejias Samantha,CTP Rosario,,
278851,,Ramirez Kathalina,CTP Rosario,,
278851,,Rivera Maria,CTP Rosario,,
278851,,Umana Kristel,CTP Rosario,,
278853,1,Venegas Vega Jose Agustin,Liceo Emiliano Odio,,7
278853,2,Rosales Gonzalez Erick Josue,LEBSR,,5
278853,4,Alvarez Alvarez Johanel,Candelaria,,4
278853,5,Gonzalez Cascante Roy,Liceo Alejandro Aguilar Machado,,3
278853,6,Venegas Rodriguez Eduardo,Cientifico Costarricense Puntarenas,,2
278853,8,Wagemans Alvarado Bryan,Redentorista,,0
278854,1,Cubero Moreno Nayeli,Pacto del Jocote,,4
278854,2,Jimenez Salas Kristel,Liceo Bilingue Palmares,,3
278854,3,Rosales Gonzalez Jessica,LEBSR,,2
278854,4,Arevalo Rojas Andrea,CTP San Rafael Poas,,1
278854,5,Sanchez Paniagua Maricel,CTP Esparza,,0
279068,1,Calderon Brenes Brandon,Liceo de Paraíso,1800,
279068,1,Barquero Meza David,Liceo de Paraíso,1598,
279068,1,Mata Alvarado Kevin,Liceo de Paraíso,1400,
279068,1,Artavia Barquero Isaac,Liceo de Paraíso,,
279068,1,Marín Brenes Maikel,Liceo de Paraíso,,
279068,2,Basthian Morales Scheelje,CATIE,,
279068,2,Hurtado Ramirez Adolfo,CATIE,,
279068,2,Rojas Murillo Julian,CATIE,,
279068,2,Song Zheng Johny,CATIE,,
279069,1,Bonilla Quiros Diego Alonso,Liceo de Paraíso,1538,
279069,1,Hernandez Leandro Alejandro,Liceo de Paraíso,1469,
279069,1,Astua Castillo Victor,Liceo de Paraíso,1400,
279069,1,Chavarria Marino Dylan,Liceo de Paraíso,1400,
279069,1,Meza Alvarado Erick,Liceo de Paraíso,,
279069,2,Calvo Campos Adrian,IET,1422,
279069,2,Aguero Montoya Getsy Maria,IET,1400,
279069,2,Chacon Sanabria Carlos,IET,1400,
279069,2,Melendez Arce Caleth,IET,1400,
279069,2,Vargas Zamora Yahir,IET,1400,
279069,3,Alvarado Alvarado Juan Esteban,Liceo Llano Bonito,,
279069,3,Arias Abarca Oscar Santiago,Liceo Llano Bonito,,
279069,3,Orias Morales Manfred,Liceo Llano Bonito,,
279069,3,Sanchez Umana Jeremy,Liceo Llano Bonito,,
279069,4,Cascante Loaiza Isaac,Liceo San Miguel,,
279069,4,Olivares Parkinson Smaykell,Liceo San Miguel,,
279069,4,Torres Ortega Maykel,Liceo San Miguel,,
279069,4,Vargas Cruz David,Liceo San Miguel,,
279071,1,Monge Marin Amanda,Figueres,1484,
279071,1,Leiva Alvarado Jazmin Valeria,Figueres,1443,
279071,1,Calvo Narváez Natalia,Figueres,,
279071,1,Carrillo Marín Daniela,Figueres,,
279071,1,Fernández Méndez Kimberly,Figueres,,
279071,2,Marín Calderón Ana Belén,Hernán Vargas,1400,
279071,2,Calvo Vega Nicole,Hernán Vargas,,
279071,2,Cordero Fernández Angely,Hernán Vargas,,
279071,2,Fernández Jiménez Alondra,Hernán Vargas,,
279185,1,Aguilar Duarte Alexa,Lepanto,1446,2
279185,2,Umaña Castro Nayla Lucia,Moracia,,0
279192,1,Salazar Gould Kristy,,,1
279192,2,Calderon Brenes Tiffany,,,0
279193,1,Rojas Pacheco Camila,,,2
279193,2,Reid Aguilar Ariana,,,1
279193,3,Abaunza Hernandez Katrin Juliana,,,0
279205,1,Bonilla Moreira Ricardo,,,1
283105,1,Barboza Viquez Martin Eduardo,Escuela Santa Teresa,,7
283105,2,Ramos Rodriguez Daniel,Anglo Americano,,6
283105,3,Salazar Artavia Keilor Damian,Escuela Claudio Lara Campos,,5
283105,4,Solis Jimenez Sebastian,Escuela Pueblo Nuevo de Cajon,,4
283105,5,Arias Hernandez Dariel,Cabo Blanco,,2
283105,8,Mora Fallas Julian,Escuela Martin Mora Rojas,,0
283107,1,Calderon Brenes Tiffany,CEAP Cocori,,6
283107,2,Aguilar Duarte Maria Alexa,Lepanto,,5
283107,3,Diaz Charpentier Ashly Valeri,Escuela Barrio los Angeles,,4.5
283107,4,Semana Ramirez Brenda,New Hope,,4.5
283107,5,Chinchilla Monge Nataly,Escuela Pueblo Nuevo de Cajon,,4
283107,6,Monge Ramirez Abigail,Escuela Monsenor Clodoveo,,3
283107,7,Picado Salas Nicole,Escuela Cladio Lara Campos,,1
283107,8,Bolanos Glenn Raquel,Escuela Juan Santamaria,,0
283108,1,Lopez Bustos David,,,6
283108,2,Redondo Washington Josymar,,,4.5
283108,3,Hidalgo Villalobos Emerson,,,3.5
283108,4,Frater Gonzalez Gabriel,,,3.5
283108,5,Montero Blanco Ivan,,,1.5
283108,6,Herrera Brenes Yeudi Daniel,,,1
283108,7,Cahuas Arguedas Jack Josue,,,1
283110,1,Solano Saltachin Ruth,,1598,6
283110,2,Rojas Pacheco Camila,,1547,5
283110,3,Erier Pelzer Jenny Laura,ESCUELA LEPANTO,,3
283110,4,Rojas Mora Maria Salvadora,,1528,2.5
283110,5,Rodriguez Quesada Ashley Tamara,,1400,2.5
283110,6,Rodriguez Retana Sofia,,1423,2
283110,7,Quiros Taylor Maria Jose,Juan Santamaria,,0
283113,1,Ocampo Nunez Jose Fabian,Escuela Pacto del Jocote,,
283113,1,Alvarado Arias Filiph,Escuela Pacto del Jocote,,
283113,1,Lobo Castro Isaac Alfonso,Escuela Pacto del Jocote,,
283113,1,Loria Vaglio Javier,Escuela Pacto del Jocote,,
283113,1,Sandi Quiros Carlos Alberto,Escuela Pacto del Jocote,,
283113,2,Arias Medina Dereck,Saint Jude School,,
283113,2,Arias Medina Kenneth,Saint Jude School,,
283113,2,Gamboa Guillen Ignacio Andres,Saint Jude School,,
283113,2,Villegas Fernandez Luis Ignacio,Saint Jude School,,
283113,2,Viquez Blanco Rodrigo,Saint Jude School,,
283113,3,Cruz Hernandez Jefferson,Escuela Jesus Jimenez Zamora,,
283113,3,Garcia Perez Brandon,Escuela Jesus Jimenez Zamora,,
283113,3,Perez Perez Anderson,Escuela Jesus Jimenez Zamora,,
283113,3,Quiros Guido Santiago,Escuela Jesus Jimenez Zamora,,
283113,4,Chinchilla Jimenez Andrew,Escuela las Lagunas,,
283113,4,Granados Badilla David,Escuela las Lagunas,,
283113,4,Granados Badilla Santiago,Escuela las Lagunas,,
283113,4,Montoya Solis Wilberth Daniel,Escuela las Lagunas,,
283113,4,Solano Marin Dylan,Escuela las Lagunas,,
283113,5,Bock Gotz Luca,Escuela Lepanto,,
283113,5,Arias Fuentes Adan,Escuela Lepanto,,
283113,5,Duarte Obando Emir Andres,Escuela Lepanto,,
283113,5,Aguinanga Perez Maikel,Escuela Lepanto,,
283113,6,Artavia Cubillo Mauricio,San Francisco de Asis,,
283113,6,Artavia Madrigal Santiago,San Francisco de Asis,,
283113,6,Benavidez Gonzalez David,San Francisco de Asis,,
283113,6,Montero Blanco Alejandro,San Francisco de Asis,,
283113,6,Salas Arias Santiago,San Francisco de Asis,,
283113,7,Fallas Aguilar Sebastian,Cecilio Liendo Morales,,
283113,7,Hernandez Alvarado Gabriel,Cecilio Liendo Morales,,
283113,7,Loria Sanchez Jose Andres,Cecilio Liendo Morales,,
283113,7,Morales Peterson Luis Daniel,Cecilio Liendo Morales,,
283113,7,Quesada Maria Paula,Cecilio Liendo Morales,,
283113,8,Gonzalez Mora Gabriel,Escuela Juan Santamaria,,
283113,8,Rivera Flores Gabriel Andres,Escuela Juan Santamaria,,
283113,8,Sibaja Alvarado Oscar Isaac,Escuela Juan Santamaria,,
283113,8,Villegas Arias David,Escuela Juan Santamaria,,
283119,1,Lobo Meneses Andrea Alejandra,Escuela Pacto del Jocote,,
283119,1,Chaves Chavarria Ana Carolina,Escuela Pacto del Jocote,,
283119,1,Castro Bolanos Fabiola,Escuela Pacto del Jocote,,
283119,1,Godinez Jimenez Maria Paula,Escuela Pacto del Jocote,,
283119,1,Millape Chaves Naomi,Escuela Pacto del Jocote,,
283119,2,Gonzalez Umana Tayra,Escuela las Laguna,,
283119,2,Mejia Benavides Sara,Escuela las Laguna,,
283119,2,Monge Fernandez Gloriana,Escuela las Laguna,,
283119,2,Perez Cordero Eva,Escuela las Laguna,,
283119,2,Rojas Mora Roshel,Escuela las Laguna,,
283119,3,Araya Hernandez Maria Daniela,Escuela Mariano Cortez,,
283119,3,Mora Calvo Leyri,Escuela Mariano Cortez,,
283119,3,Garro Ovares Alina,Escuela Mariano Cortez,,
283119,3,Jamison Mora Aailya,Escuela Mariano Cortez,,
283119,4,Alvarez Rivera Evonny,Escuela Dr. Luis Shapiro,,
283119,4,Guerrero Matarrita Mariangel,Escuela Dr. Luis Shapiro,,
283119,4,Molina Acosta Keisha,Escuela Dr. Luis Shapiro,,
283119,4,Rodriguez Aguilar Marlyn,Escuela Dr. Luis Shapiro,,
283119,5,Araya Mya,Escuela Santa Marta,,
283119,5,Carneiro Sofia,Escuela Santa Marta,,
283119,5,Hernandez Keicy,Escuela Santa Marta,,
283119,5,Urena Victoria,Escuela Santa Marta,,
283119,6,Aguilar Castro Valentina,Escuela Lepanto,,
283119,6,Duarte Obando Rihanna,Escuela Lepanto,,
283119,6,Barquero Fuentes Kirsen,Escuela Lepanto,,
283119,6,Cascante Juarez Yariela,Escuela Lepanto,,
283124,1,Ramirez Madrid Daniel Alberto,New Hope,1719,
283124,1,Segura Cordero Ariel,New Hope,1662,
283124,1,Semana Ramirez Jerian,New Hope,1582,
283124,1,Madrid Rodriguez Diego Alfonso,New Hope,1422,
283124,2,Quiros Acuna Sebastian,Juan Santamaria,1541,
283124,2,Sanchez Castro Isabella Glori,Juan Santamaria,1475,
283124,2,Calderon Zuniga Juan Pablo,Juan Santamaria,1452,
283124,2,Villalta Leiton Nicole Tamara,Juan Santamaria,1440,
283124,2,Cespedes Vargas Mauricio Albe,Juan Santamaria,1400,
283124,3,Sandi Quiros Deborah,Escuela Pacto del Jocote,1612,
283124,3,Alvarado Arias Cristian,Escuela Pacto del Jocote,1538,
283124,3,Mayorga Garcia Kyara,Escuela Pacto del Jocote,1451,
283124,3,Leon Cubero Anthony,Escuela Pacto del Jocote,1400,
283124,4,Obando Obando Aldo,Escuela Lepanto,1507,
283124,4,Gomez Vasquez Janer Fabricio,Escuela Lepanto,1455,
283124,4,Parra Aguirre Maylo Daring,Escuela Lepanto,1415,
283124,4,Quiros Martinez Esteban,Escuela Lepanto,1400,
283124,5,Barrantes Merayo Ignacio,Escuela Mariano Cortez,,
283124,5,Correa Jimenez Emmanuel,Escuela Mariano Cortez,,
283124,5,Morales Fernandez Sebastian,Escuela Mariano Cortez,,
283124,5,Nuñez Fonseca William,Escuela Mariano Cortez,,
283124,5,Perez Ramos Marco,Escuela Mariano Cortez,,
283124,6,Aguilar Traña Andres,Escuela Jesus Jimenez Zamora,,
283124,6,Ampie Sequeira Andrick,Escuela Jesus Jimenez Zamora,,
283124,6,Arias Montoya Elian,Escuela Jesus Jimenez Zamora,,
283124,6,Cruz Hernandez Isai,Escuela Jesus Jimenez Zamora,,
283124,6,Villalobos Barahona Donoban,Escuela Jesus Jimenez Zamora,,
283124,7,Alfaro Rey David,Escuela San Francisco de Asis,,
283124,7,Bolaños Jose Eduardo,Escuela San Francisco de Asis,,
283124,7,Porras Blanco Jose Gabriel,Escuela San Francisco de Asis,,
283124,7,Shion Solis Esteban,Escuela San Francisco de Asis,,
283124,8,Chacon Naranjo Brandon,Las Lagunas,,
283124,8,Elizondo Zeledon Sebastian,Las Lagunas,,
283124,8,Porras Navarro Josue,Las Lagunas,,
283124,8,Vargas Naranjo Saidt,Las Lagunas,,
283124,8,Vindas Mora Diego,Las Lagunas,,
283126,1,Barrantes Jimenez Keisy,Las Lagunas,,
283126,1,Melendez Gonzalez Ammy,Las Lagunas,,
283126,1,Molina Valverde Weshly,Las Lagunas,,
283126,1,Rodriguez Valverde Hillary,Las Lagunas,,
283126,1,Zeledon Alvarado Alaxandra,Las Lagunas,,
283126,2,Blanco jara,Escuela Santa Marta,,
283126,2,Cordon Elizabeth,Escuela Santa Marta,,
283126,2,Mata Valeska,Escuela Santa Marta,,
283126,2,Solorzano Diana,Escuela Santa Marta,,
283126,3,Angulo Alcoecer Karina,Escuea Dr. Luis Shapiro,,
283126,3,Brenes Miranda Aymed,Escuea Dr. Luis Shapiro,,
283126,3,Brenes Miranda Ayneth,Escuea Dr. Luis Shapiro,,
283126,3,Chavarria Alvarado Daniela,Escuea Dr. Luis Shapiro,,
283126,3,Juarez Villalobos Bianca,Escuea Dr. Luis Shapiro,,
283126,4,Hidalgo Villalobos Kiara,Lepanto,1415,
283126,4,Castro Hernandez Maria Celeste,Lepanto,1413,
283126,4,Mena Hidalgo Yembly,Lepanto,1401,
283126,4,Molina Jimenez Raichell,Lepanto,1400,
283126,4,Alpizar Guido Hillary,Lepanto,,
283126,5,Cordero Fernandez Gimena,Cecilio Lindo,,
283126,5,Fallas Calvo Alana,Cecilio Lindo,,
283126,5,Nuñez Vargas Medelyn,Cecilio Lindo,,
283126,5,Quesada Montero Maria Paula,Cecilio Lindo,,
283126,5,Rivera Villalobos Larissa,Cecilio Lindo,,
283126,6,Gonzalez Ledezma Ginger,Escuela Santa Rita,,
283126,6,Rojas Jara Heilyn,Escuela Santa Rita,,
283126,6,Romero Torres Wendy,Escuela Santa Rita,,
283126,6,Zuñiga Marin Britany,Escuela Santa Rita,,
284908,1,Coto Bonilla Darian,Colegio Los Angeles,1913,4.5
284908,2,Medina Mayorga David Josue,Redentorista,1678,4
284908,3,Cabezas Solano David Alejandr,Caotoso,1908,3.5
284908,4,Abarca Matarrita Juan Pablo,Liceo San Rafael,1579,2
284908,5,Chavez Navarro Erick Antonio,Centro Educativo Catolico San Ambri,1414,1
284908,6,Martinez Gutierrez Everest,Liceo Academico de Buenos Aires,,0
284909,1,Diaz Charpentier Kristel Meli,LEB de Pococi,1784,5.5
284909,2,Angulo Hernandez Maria Jesus,Redentorista,1770,5
284909,3,Quesada Campos Alison,San Luis Gonzaga,1497,3.5
284909,4,Sierra Berrocal Gabriela,Saint Benedit,1562,3
284909,5,Molina Valverde Lesly Vanessa,CTP San Isidro,1486,3
284909,6,Lacayo Kirov Esther,Colegio Santa Ana,,1
284909,7,Aguirre Garcia Lili Mariela,Liceo Cuatro Bocas,,0
284910,1,Marin Masis Jose Esteban,Colegio Los Angeles,2044,6
284910,2,Solano Cordero Jorge,Clodomiro Picado,1655,5
284910,3,Corrales Duarte Esteban,Instituto Yori,,4
284910,4,Mora Venegas Walter,Liceo San Francisco de Cajon,,3
284910,5,Cubero Arguedas Steven,CTP Nandayure,1400,1
284910,6,Venegas Vega Jose Agustin,Liceo Emiliano Odio,1400,1
284912,1,Marin Leon Valeria,Colegio Nuestra Señora del Pilar,1860,6
284912,2,Perez Granados Marian,Clodomiro Picado,1522,4
284912,3,Campos Quintanilla Karen D,Colegio Nocturno Palmares,1766,3.5
284912,4,Arguedas Bolanos Sharline,LEB de Pococi,1671,2.5
284912,6,Murillo Badilla Brenda,Liceo de Nicoya,1448,1.5
284912,7,Morera Martinez Marley Tatiana,Liceo Rural Islas Chirripo,,1
284934,1,Villegas Rodriguez Jeremy,Liceo Teodoro Picado,1553,
284934,1,Morales Jimenez Dennis,Liceo Teodoro Picado,1473,
284934,1,Pastor Carvajal Jeigoth,Liceo Teodoro Picado,1415,
284934,1,Mendez Beita Angel,Liceo Teodoro Picado,,
284934,1,Soza Rojas Dennilson,Liceo Teodoro Picado,,
284934,2,Calderon Brenes Brandon,Liceo de Paraiso,1800,
284934,2,Barquero Meza David,Liceo de Paraiso,1598,
284934,2,Mata Alvarado Kevin,Liceo de Paraiso,1400,
284934,2,Artavia Barquero Isaac,Liceo de Paraiso,,
284934,2,Barrientos Ramirez Jeremy,Liceo de Paraiso,,
284934,3,Castro Alfaro Leander Adrian,Liceo Fernando Volio J.,1400,
284934,3,Meza Arauz Roney Alexander,Liceo Fernando Volio J.,1400,
284934,3,Barrantes Campos Herald,Liceo Fernando Volio J.,,
284934,3,Romero Martinez Kristel,Liceo Fernando Volio J.,,
284934,4,Alvarado Bolanos Jeremy,Liceo Leon Cortes,1432,
284934,4,Chacon Valladares Sigifredo,Liceo Leon Cortes,,
284934,4,Lopez Lopez Juan Francisco,Liceo Leon Cortes,,
284934,4,Vazquez Rodriguez Mallin Yariela,Liceo Leon Cortes,,
284934,5,Campos Castro Jose Luis,Liceo Rural El Concho,,
284934,5,Centeno Perez Juan Daniel,Liceo Rural El Concho,,
284934,5,Gamboa Galeano Juan Andres,Liceo Rural El Concho,,
284934,5,Martinez Pineda Greivin Adrian,Liceo Rural El Concho,,
284934,6,Bonilla Badilla Myckel Navarrete,CTP Liberia,,
284934,6,Guadamuz Lopez Daniel Mauricio,CTP Liberia,,
284934,6,Silva Ibarra Steven,CTP Liberia,,
284934,7,Castillo Gomez Kevin,LEB de Rio Jimenez,,
284934,7,Fallas Godinez Fabian,LEB de Rio Jimenez,,
284934,7,Li Carranza Breiton,LEB de Rio Jimenez,,
284934,7,Munos Murillo Dixon,LEB de Rio Jimenez,,
284934,8,Araya Madrigal Angelo,CTP La Suiza,,
284934,8,Cascante Gutierrez Oswal Enrique,CTP La Suiza,,
284934,8,Gonzalez Rivas Jose Rodolfo,CTP La Suiza,,
284934,8,Loaiza Sanchez Esteban Jose,CTP La Suiza,,
284934,8,Montezuma Morales Juan Wagner,CTP La Suiza,,
284935,1,Brenes Benavides Delianny,Liceo Pacto del Jocote,1690,
284935,1,Orozco Centeno Mariana,Liceo Pacto del Jocote,1566,
284935,1,Benavides Ordonez Melany,Liceo Pacto del Jocote,1490,
284935,1,Adanis Mora Naomy,Liceo Pacto del Jocote,1427,
284935,2,Padilla Guzman Dayana Pamela,Liceo Fernando Volio,1493,
284935,2,Guzman Porras Sara,Liceo Fernando Volio,1468,
284935,2,Chacon Valverde Paulina,Liceo Fernando Volio,1400,
284935,2,Mendez Gomez Hilary Viviana,Liceo Fernando Volio,1400,
284935,3,Barahona Flores Ashley,CTP La Suiza,,
284935,3,Maroto Vargas Valeria,CTP La Suiza,,
284935,3,Mata Cambronero Guislen,CTP La Suiza,,
284935,3,Porras Aguilar Wendy,CTP La Suiza,,
284935,4,Davila Baldelomar Keren,Liceo Teodoro Picado,1400,
284935,4,Castaneda Manzanares Mery Jenn,Liceo Teodoro Picado,,
284935,4,Medina Soto Judith,Liceo Teodoro Picado,,
284935,4,Quintana Espinoza Juliana,Liceo Teodoro Picado,,
284935,4,Rangel Borbon Nayeli,Liceo Teodoro Picado,,
284935,5,Gonzalez Mora Maria Fernanda,LEB de Pococi,,
284935,5,Martinez Rojas Niurka,LEB de Pococi,,
284935,5,Ortiz Cubero Melissa,LEB de Pococi,,
284935,5,Retana Marin Keitty,LEB de Pococi,,
284935,5,Salas Guzman Valeria,LEB de Pococi,,
284935,6,Quiros Torres Alexa,CTP Orosi,,
284935,6,Segura Solano Sherill,CTP Orosi,,
284935,6,Torres Calderon Yanina,CTP Orosi,,
284936,1,Zeledon Perez Edgar,Liceo Teodoro Picado,1911,
284936,1,Escobar Edgar Antonio,Liceo Teodoro Picado,1805,
284936,1,Bonilla Morales Bryan,Liceo Teodoro Picado,1783,
284936,1,Gutierrez Arbaiza Jordan,Liceo Teodoro Picado,1558,
284936,1,Gutierrez Arbaiza Ronny,Liceo Teodoro Picado,1503,
284936,2,Rivera Gonzalez Jose Alexis,Liceo Pacto del Jocote,1969,
284936,2,Porras Chavarria Michael,Liceo Pacto del Jocote,1779,
284936,2,Quesada Calderon Carolayne,Liceo Pacto del Jocote,1707,
284936,2,Porras Chavarria Pamela Maria,Liceo Pacto del Jocote,1579,
284936,2,Elizondo Montero Juan Luis,Liceo Pacto del Jocote,1489,
284936,3,Ramirez Sanchez Dixon Josue,Liceo Fernando Volio J.,1550,
284936,3,Quesada Arauz Jean Carlo,Liceo Fernando Volio J.,1405,
284936,3,Abarca Calderon Jose Fabian,Liceo Fernando Volio J.,1400,
284936,3,Meza Arauz Walner Alexandro,Liceo Fernando Volio J.,1400,
284936,3,Elizondo Elizondo Glendoriec,Liceo Fernando Volio J.,,
284936,4,Garcia Mendez Ruben Ernesto,CTP Nandayure,1516,
284936,4,Bolanos Ferreto Branco,CTP Nandayure,1438,
284936,4,Nunez Alpizar Lincey Naomy,CTP Nandayure,1400,
284936,4,Bidaure Alpizar Maria Celeste,CTP Nandayure,,
284936,5,Hernandez Leandro Alejandro,Liceo de Paraiso,1469,
284936,5,Astua Castillo Victor,Liceo de Paraiso,1400,
284936,5,Chavarria Marino Dylan,Liceo de Paraiso,1400,
284936,5,Bonilla Quiros Diego,Liceo de Paraiso,,
284936,5,Meza Alvarado Erick,Liceo de Paraiso,,
284936,6,Diaz Araya Elias David,LEB de Pococi,,
284936,6,Jimenez Navarro Anthony,LEB de Pococi,,
284936,6,Soto Castillo Jeremy,LEB de Pococi,,
284936,6,Tadlaoui Gonzalez Joshmar,LEB de Pococi,,
284936,7,Alvarez Aguilar Eduardo Esteban,CTP La Suiza,,
284936,7,Gomez Fuentes Jose Fabian,CTP La Suiza,,
284936,7,Rivera Mora Jose Ignacio,CTP La Suiza,,
284936,7,Solano Calvo Luis Fernando,CTP La Suiza,,
284937,1,Orozco Centeno Melissa,Colegio Gregorio Jose Ramirez,1756,
284937,1,Lobo Meneses Natalia,Colegio Gregorio Jose Ramirez,1626,
284937,1,Jimenez Corella Jimena,Colegio Gregorio Jose Ramirez,1509,
284937,1,Rodriguez Nunez Diana,Colegio Gregorio Jose Ramirez,1442,
284937,1,Delgado Jimenez Jimena,Colegio Gregorio Jose Ramirez,1400,
284937,2,Barcaz Ulloa Hillary Melissa,Liceo Unesco,1400,
284937,2,Aguilar Ruiz Paola,Liceo Unesco,,
284937,2,Camacho Navarro Gloriana,Liceo Unesco,,
284937,2,Fernandez Mendez Maria Jose,Liceo Unesco,,
284937,2,Nunez Perez Yiuriamarili,Liceo Unesco,,
284937,3,Monge Marin Amanda,Liceo Figueres,1484,
284937,3,Leiva Alvarado Jazmin Valeria,Liceo Figueres,1443,
284937,3,Carrillo Marin Daniela,Liceo Figueres,,
284937,3,Fernandez Mendez Kimberly,Liceo Figueres,,
284937,4,Arias Rios Michel,LEB de Rio Jimenez,,
284937,4,Fernandez Galeno Jennifer,LEB de Rio Jimenez,,
284937,4,Rizo Contreras Yency,LEB de Rio Jimenez,,
284937,4,Sanchez Cruz Sharon,LEB de Rio Jimenez,,
284937,4,Vindas Solano Raquel,LEB de Rio Jimenez,,
284937,5,Arrieta Solis Priscilla,CTP La Suiza,,
284937,5,Garcia Mena Angie,CTP La Suiza,,
284937,5,Garcia Mena Pamela,CTP La Suiza,,
284937,5,Grindmeier Megan Elizabeth,CTP La Suiza,,
284937,6,Hurley Alvarado Nicole,Colegio San Jose de la Montana,,
284937,6,Marchena Rivel Allison,Colegio San Jose de la Montana,,
284937,6,Rojas Estrada Cristel,Colegio San Jose de la Montana,,
284937,6,Sanchez Sanchez Maria Jose,Colegio San Jose de la Montana,,
284937,6,Valerio Ramirez Astrid,Colegio San Jose de la Montana,,
349520,1,Rosales Gonzalez Erick Josue,Ccdr San Ramon,1867,5
349520,2,Jaramillo Naranjo Sebastian,Ccdr San Ramon,1461,4
349520,3,Alvarez Alvarez Johanel,Asociacion Naranjo,1524,3
349520,4,Carillo Jimenez Nils,,,3
349520,5,Hueso Gutierrez Diego,,,2
349520,6,Morales Diaz Cristhian,,,2
349520,7,Perez Acosta Joseph,,,1
349520,8,Espinoza Reyes John Alex,,,0
349521,1,Jimenez Salas Kristel,Codea,1674,3
349521,4,Ramirez Alfaro Maria Kathalina,Naranjo,1400,1
350471,1,Erler Pelzer Jenny Laura,Lepanto,1426,5
350471,2,Jimenez Jimenez Alesson,INVU Las Cañas,1400,4
350471,3,Jimenez Villalobos Emily Maria,San Roque,,3
350471,4,Gomez Rodriguez Kristel,Jicaral,,1.5
350471,6,Araya Zamora Keilyn,CTP Esparza,,0
350481,1,Rojas Arias Sebastian,LEB Grecia,1531,4
350481,2,Lopez Mejia Mario,Barrio San Jose,1463,2.5
350481,3,Rojas Mora Juan Gerardo,LEB San Ramon,1513,2.5
350481,4,Esquivel Jimenez Douglas Daniel,LEB San Ramon,1673,2
350481,5,Brenes Sosa Axel,Lepanto,1524,2
350481,6,Garcia Bonstrom Liam Ruben,Futuro Verde,,1
350481,7,Solano Ramirez Leonardo,CTP Esparza,,1
350481,8,Rodriguez Gamboa Layman,CTP Esparza,,0
350483,1,Munoz Ramirez Kyara Vanessa,CBSR,1546,4.5
350483,2,Cubero Moreno Nayeli,Pacto del Jocote,1533,4
350483,3,Jimenez Salas Kristel,CEB Palmares,1674,3.5
350483,4,Vera Contreras Amanda Luciana,Futuro Verde,,1
350483,5,Juarez Naranjo Deily Maria,Jicaral,,1
350483,6,Jaens Jimenez Monserrat,CTP Bolivar,,1
350483,7,Valverde Amador Madeleine,CTP Esparza,,0
350485,1,Rosales Gonzalez Erick Josue,LEB San Ramon,1867,4.5
350485,2,Porras Chavarria Michael,Pacto del Jocote,1702,4
350485,3,Soto Alfaro Braulio,Científico Alajuela,1716,3
350485,4,Jaramillo Naranjo Sebastian,LEB San Ramon,1461,2.5
350485,5,Fonseca Hidalgo Alejandro,Futuro Verde,,2
350485,6,Chang Tablada Franklin,CTP Esparza,,2
350485,8,Herra Alvarado Hallen,CTP Esparza,,0
351096,1,Cabezas Solano David Alejandro,,1944,3
351096,2,Coto Calderon Juan Diego,,1803,2
351096,3,Fallas Calderon Joshua David,,,0.5
351097,1,Cedeno Caceres Stif,,1752,3
351097,2,Chacon Sanabria Carlos,,1443,2
351097,3,Castro Hernandez Esteban,,,1
351097,4,Solis Valverde Fabricio,,,0
351098,1,Aguilar Ortega Katherine Mayeri,,1421,0
351099,1,Salazar Gould Melanie,,1904,1.5
351099,2,Hernandez Leandro Aliza,,1644,0.5
351100,2,Hernandez Brenes Keylor,Monseñor Ruben Odio,1400,
351100,2,Bonilla Rodriguez Aaron,Monseñor Ruben Odio,,
351100,2,Hernandez Pablo Andres,Monseñor Ruben Odio,,
351100,3,Estrada G Jeferson,CAOTOSO,,
351100,3,Morales M Edwin,CAOTOSO,,
351100,3,Rosales G Luciano,CAOTOSO,,
351100,3,Vargas R Justin,CAOTOSO,,
351101,1,Solano Cordero Jorge,IET,1987,
351101,1,Melendez Arce Caleth,IET,1770,
351101,1,Calvo Campos Adrian,IET,1743,
351101,1,Perez Granados Marian,IET,1635,
351101,1,Redondo Washington Josimar,IET,1572,
351101,3,Garro Chavarria Jairo Isaias,Santa Maria School,,
351101,3,Granados Sebastian,Santa Maria School,,
351101,3,Rojas Hidalgo Jorge Andres,Santa Maria School,,
351101,3,Sancho Lopez Angel Isaac,Santa Maria School,,
351101,4,Alvarado Alvarado Juan Esteban,Liceo Llano Bonito,,
351101,4,Arias Morales Manfred,Liceo Llano Bonito,,
351101,4,Fernandez Brand Daimien,Liceo Llano Bonito,,
351101,4,Sanchez Calderon Austin Jacinto,Liceo Llano Bonito,,
351102,2,Rojas Montoya Natalia,CAOTOSO,1400,
351102,2,M Angelica,CAOTOSO,,
351102,2,Mc Carty Paula,CAOTOSO,,
351103,0,Marin Calderon Ana Belen,Hernan Vargas,1400,
351103,0,Sanabria Bermudez Ariana,Hernan Vargas,1400,
351103,0,Cordero Angely,Hernan Vargas,,
351103,0,Fernandez Alondra,Hernan Vargas,,
351103,0,Padilla H Stefania,Hernan Vargas,,
352697,1,Rojas Esquivel Luis Julian,Carmen Lyra School,,2.5
352697,2,Anchia Martinez Raul,Liceo Bilingue Belen,,2.5
352697,3,Castillo Gutierrez Dylan,Instituto Educativo Yorí,,1
352697,4,Ramos Soto Crismel,Liceo Rural Valle Verde,,0
352699,1,Ramirez Madrid Gerardo Alfons,New Hope,,3
352699,2,Araya Montero Enoc,CTP Upala,,1
352700,1,Villalobos Fernandez Monserrath,Liceo Rural la Consquista,,1.5
352700,2,Fernandez Villalobos Ariela,Liceo de Heredia,,0.5
352701,1,Gonzalez Padilla Mariana,Colegio Coope,,2
352701,2,Soto Rodriguez Lesli Priscilla,Colegio Rio,,2
352701,3,Madrigual Cathering,Liceo la Aurora,,1
352703,1,Campos Castro Jose Luis,Liceo Rural El Concho,,
352703,1,Centeno Perez Juan Daniel,Liceo Rural El Concho,,
352703,1,Gamboa Galeano Juan Andres,Liceo Rural El Concho,,
352703,1,Hernandez Giron Jose Tomas,Liceo Rural El Concho,,
352703,1,Mandez Talavera Jeferson,Liceo Rural El Concho,,
352703,2,Dylan,Colegio Rio Frio,,
352703,2,Mauricio,Colegio Rio Frio,,
352703,2,Michael,Colegio Rio Frio,,
352703,2,Rafael,Colegio Rio Frio,,
352703,3,Arce Axcel,Claretiano,,
352703,3,Arias Diana,Claretiano,,
352703,3,Mayorga Andrey,Claretiano,,
352703,3,Murillo José D,Claretiano,,
352703,4,Campos Josua,Liceo Colonia Puntarenas,,
352703,4,Duarte Obando Alexander,Liceo Colonia Puntarenas,,
352703,4,Solano Reyes Luis,Liceo Colonia Puntarenas,,
352703,4,Villalobos Ramirez Axel,Liceo Colonia Puntarenas,,
352704,0,Anchia Martinez Daniela,CTP Belen,,
352704,0,Escalante Calero Elieth,CTP Belen,,
352704,0,Miranda Garcia Jeymi,CTP Belen,,
352704,0,Porras Rojas Susana,CTP Belen,,
352706,1,Alfaro Rey David,San Francisco de Asis,,
352706,1,Coronado Pasquer Alejandro,San Francisco de Asis,,
352706,1,Porras Blanco Jose Gabriel,San Francisco de Asis,,
352706,1,Shion Solin Esteban,San Francisco de Asis,,
352706,2,Matamoros Pablo,Liceo de Heredia,,
352706,2,Peralta Gabriel,Liceo de Heredia,,
352706,2,Quiros Johan,Liceo de Heredia,,
352706,2,Vergara Jose Elias,Liceo de Heredia,,
352706,3,Angela,Liceo Rural Las Colinas,,
352706,3,Arce Josue,Liceo Rural Las Colinas,,
352706,3,Eduardo Luis,Liceo Rural Las Colinas,,
352706,3,Gred David,Liceo Rural Las Colinas,,
352709,1,Corrales Esquivel Rocio,Liceo Exp Bilingue,,
352709,1,Martinez Molina Angie,Liceo Exp Bilingue,,
352709,1,Martinez Vargas Nicole,Liceo Exp Bilingue,,
352709,1,Salazar Aldana,Liceo Exp Bilingue,,
352709,2,Hernandez Brenda,Claretiano,,
352709,2,Ramirez Brianna,Claretiano,,
352709,2,Robles Daniela,Claretiano,,
352709,2,Villareal Paulina,Claretiano,,
355933,1,Cabezas Solano David Alejandr,Colegio Academico Orientacion Omar,,7
355933,2,Abarca Matarrita Juan P,Liceo San Rafael,,5
355933,3,Rojas Arias Sebastian,Liceo Experimental Bilingue Grecia,,4.5
355933,4,Rojas Esquivel Luis Julian,Centro Educativo Carmen Lyra,,4
355933,5,Navarrete Badilla Myckel,Colegio Tecnico de Liberia,,3.5
355933,6,Frater Gonzalez Gabriel,Colegio los Angeles,,3
355933,7,Furtado Blanco Jesuan Jojary,Colegio Indigena Shiroles,,1
355933,8,Guevara Lezcano Diego,Tecnico Profesional Puerto Jimenez,,0
355934,1,Cabezas Solano David Alejandr,Colegio Academico Orientacion Omar,1944,7
355934,2,Rojas Arias Sebastian,Liceo Experimental Bilingue Grecia,1563,6
355934,3,Abarca Matarrita Juan P,Liceo San Rafael,1653,5
355934,4,Navarrete Badilla Myckel,Colegio Tecnico de Liberia,1483,3.5
355934,5,Rojas Esquivel Luis Julian,Centro Educativo Carmen Lyra,1443,3
355934,6,Frater Gonzalez Gabriel,Colegio los Angeles,1663,2.5
355934,7,Guevara Lezcano Diego,Tecnico Profesional Puerto Jimenez,,1
355934,8,Furtado Blanco Jesuan,Colegio Indigena Shiroles,,0
355935,1,Diaz Charpentier Kristel Meli,Liceo Experimental Bilingue Pococi,1864,4
355935,2,Huaman Bengoa Valeska Priscil,Colegio Santa Ana,1510,2.5
355935,3,Molina Valverde Lesly Vanessa,Colegio Tecnico Profesional San Isi,1485,2
355935,4,Aguilar Ortega Katherine Maye,Liceo Elias Leiva Quiros,1421,1.5
355935,5,Erler Pelzer Jenny Laura,Colegio Academinca de Lepanto,1441,0
355936,1,Diaz Charpentier Kristel Meli,Liceo Experimental Bilingue Pococi,1864,4
355936,2,Huaman Bengoa Valeska Priscil,Colegio Santa Ana,1510,2
355936,3,Molina Valverde Lesly Vanessa,Colegio Tecnico Profesional San Isi,1485,2
355936,4,Erler Pelzer Jenny Laura,Colegio Academico de Lepanto,1441,2
355936,5,Aguilar Ortega Katherine Maye,Liceo Elias Leiva Quiros,1421,0
355941,1,Ramirez Madrid Gerardo Alfons,Colegio Bilingue Nueva Esperanza,2003,4.5
355941,2,Rosales Gonzalez Erick Josue,Liceo Experimental Bilingue de San,1872,4.5
355941,3,Ballestero Araya Humberto,Centro Educativo Colegio Del Valle,1587,4
355941,4,Ramirez Marchena Carlos Andre,Liceo Experimental Bilingue La Trin,1841,4
355941,5,Cedeno Caceres Stif,Colegio Francisca Carrasco Jimenez,1752,3
355941,6,Araya Gamboa Carlos Saaet,Liceo la Alegria,,1
355941,7,Silva Ibarra Steven,Colegio Tecnico de Liberia,1449,0
355942,1,Ramirez Madrid Gerardo Alfons,Colegio Bilingue Nueva Esperanza,2003,5.5
355942,2,Ramirez Marchena Carlos Andre,La Trinidad,1841,5.5
355942,3,Silva Ibarra Steven,Colegio Tecnico de Liberia,1449,3
355942,4,Ballestero Araya Humberto,Centro Educativo Colegio Del Valle,1587,3
355942,5,Cedeno Caceres Stif,Colegio Francisca Carrasco Jimenez,1752,2
355942,6,Rosales Gonzalez Erick Josue,Liceo Experimental Bilingue de San,1872,2
355942,7,Araya Gamboa Carlos Saaet,Liceo la Alegria,,0
355943,1,Arguedas Bolanos Sharline,Liceo Experimental Blingue Pococi,1657,5.5
355943,2,Hernandez Leandro Aliza,CTP Santa Lucia,1644,5
355943,3,Quiros Acuna Nicole,Colegio San Antonio De Padua,1586,4
355943,4,Sierra Berrocal Gabriela,,1654,3.5
355943,5,Navarro Soto Maria Celeste,Liceo Unesco,,2
355943,6,Soto Esquivel Esmeralda,Centro Educativo Catolico San Ambro,1420,1
355943,7,Gonzalez Padilla Mariana,,,0
355944,1,Hernandez Leandro Aliza,CTP Santa Lucia,,5.5
355944,2,Arguedas Bolanos Sharline,Liceo Experimental Blingue Pococi,,4.5
355944,3,Quiros Acuna Nicole,Colegio San Antonio de Padua,,4
355944,4,Sierra Berrocal Gabriela,Saint Benedit,,4
355944,5,Navarro Soto Maria Celeste,Liceo Unesco,,2
355944,6,Soto Esquivel Esmeralda,Centro Educativo Catolico San Ambro,,1
355944,7,Gonzalez Padilla Mariana,Cooperativo San Carlos Borromeo,,0
359472,1,Fuentes Solano Nahum,Amadita,,5
359472,2,Lizano Calvo Italo,Franklin D.Roosevelt,,4
359472,3,Mora Garcia Sebastian,Rio XII,,3.5
359472,4,Mora Rodriguez Aldo,Jose Cubero,,3
359472,5,Escobar Calderon Adriano,Franklin D.Roosevelt,,3
359472,6,Escobar Calderon Leonardo,Franklin D.Roosevelt,,3
359472,7,Abdelaal Abdel Mohamed Omar,Claudio Cortes Castro,,2.5
359472,8,Ramirez Esquivel Thomas,Jose Cubero,,2
359472,9,Arley Gomez Dorian Gabriel,Claudio Cortes Castro,,1.5
359472,10,Villalobos Matamoros Alexis,Monseñor Anselmo Llorente,,1.5
359472,11,Silva Navarro Ramon,Monseñor Anselmo Llorente,,1
359472,12,Ortiz Marenco Neythant,Monseñor Anselmo Llorente,,1
359472,13,Sequeira Valerin Saul Andres,Claudio Cortes Castro,,0
359475,1,Ali Lopez Aisha Shakil,Claudio Cortes Castro,,2
359475,2,Ali Lopez Rechell Kileysha,Claudio Cortes Castro,,0
359478,1,Ramos Rodriguez Daniel,Angloamericano,,4
359478,2,Cossio Carvajal Bruno,Angloamericano,,3
359478,3,Araya Chacon Andres,Angloamericano,,2
359478,4,Abarca Rivera Pablo,Jose Cubero,,1
359478,5,Escobar Calderon Maximo,Franklin D Roosevelt,,0
373494,1,Arrieta Vasquez Jostin Andrey,Santiago Crespo Calvo,1400,4
373494,2,Araya Calero Mathias Gerardo,Santiago Crespo,1400,3
373494,3,Bonilla Perez Sebastian Jose,Santiago Crespo Calvo,1400,1.5
373494,5,Castellon Araya Damian,Laboratorio,,1
373494,7,Baltodano Gonzalez Mathias,Laboratorio,,0
373495,0,Araya Badilla Mathías,Gerardo Badilla Mora,,
373495,0,Bagla Vivas Nayan,Santiago,,
373495,0,Bolanos Trejos Sebastian,Santiago,,
373495,0,Cabezas Salas Ignacio,Santiago,,
373495,0,Chacon Araya Cristopher Alonso,Gerardo Badilla Mora,,
373495,0,Cubero Bastos Santiago,Santiago,,
373495,0,Gutierrez Arias Jose David,Gerardo Badilla Mora,,
373495,0,Salas Arias Luis Alberto,Gerardo Badilla Mora,,
373495,0,Salazar Delgado Jose Pablo,Santiago,,
373496,1,Rojas Mora Ana Lucia,Federico Salas,1409,3
373496,2,Rojas Mora Elena,Federico Salas,1425,2
373496,3,Silva Segura Naidelyn,Santiago Crespo Calvo,,1
373496,4,Araya Calero Sofia,Santiago Crespo Calvo,1400,0
373497,1,Badilla Mora Cristian,Simon Bolivar,,3.5
373497,2,Araya Elizondo Leidy Tatiana,Santiago Crespo,1400,3.5
373497,3,Arrieta Vasquez Mariana,Santiago Crespo,1400,3.5
373497,4,Funes Aleman Alejandro Raul,Santiago Crespo,,3.5
373497,5,Bonilla Perez Santiago Jose,Santiago Crespo,1400,3
373497,6,Sanchez Rojas Sebastian,Gerardo Badilla,,3
373497,7,Solis Prieto Andres,República de Cuba,1400,2.5
373497,8,Uriarte Valverde Carlos Andres,Santiago Crespo,,2.5
373497,9,Linkemer Otarola Freddy Andre,JJ Salas,1412,2
373497,10,Aguilera Pogue Matias,Los Robles,,2
373497,11,Herrera Diaz Juan Jose,Republica Colombia,,1
373497,12,Valerio Varela Cesar,Federico Salas,,0
373498,0,Campos Vega Byron,Gerardo Badilla Mora,1400,
373498,0,Alfaro Herrera Carlos,Santiago,,
373498,0,Araya Mora Sharu Kalel,Santiago,,
373498,0,Badilla Araya Aban,Gerardo Badilla Mora,,
373498,0,Escobar Jaramillo Derek Matias,Gerardo Badilla Mora,,
373498,0,Jarquin Gutierrez Johan,Santiago,,
373498,0,Jimenez Mendez Leonardo,Gerardo Badilla Mora,,
373498,0,Salas Calvo Adrian Andres,Santiago,,
373498,0,Sevilla Zuniga Jacob,Gerardo Badilla Mora,,
373499,1,Monge Ramirez Abigail,Monseñor Clodoveo,1511,2
373499,4,Garcia Rojas Maria Jose,Santiago Crespo,,0
374734,1,Campos Santiago,Yorkin,,5
374734,2,Pérez Carlos,Los Pinos,,4
374734,3,Calvo Ismael,Josefita Jurado,,4
374734,4,Murillo Brandon,Naciones Unidas,,3.5
374734,5,Hoonstra Nils,I.E.M,,3
374734,6,Bonilla Andy,Carolina Dent,,3
374734,7,Villalobos Adrián,Cipreses,,3
374734,8,Bermudez Kevin,Ricardo Jimènez,,3
374734,9,Gamboa Rolando,Santa Martha,,2.5
374734,10,Mendez Daniel,Cipreses,,2
374734,11,Garro Luis,I.E.M,,2
374734,12,Juarez Juan,Yorkin,,2
374734,13,Madrigal Randall,Rep Dominicana,,2
374734,14,Aguilar Sebastián,Love at Work,,2
374734,15,Martínez Donaldo,Los Pinos,,2
374734,16,Rocha Norlan,Carolina Dent,,1
374734,17,Jiménez Jorge,Los Pinos,,1
375799,1,Aguero Monge Alicia,Villa Bonita,,1
375800,1,Corrales Mendez Alberto,Santa Teresa,,5
375800,2,Gomez Lacayo Tomas,San Gerardo,,4
375800,3,Castro Carrera Jorge,Pacto del Jocote,,3
375800,4,Alvarado Jimenez Jose Pablo,Pacto del Jocote,,2
375800,5,Matarrita Fonseca Jotan,Santa Rita,,1
375800,6,Torres Lopez Cristian,Santa Rita,,0
375803,1,Hernandez Loria Maria Jimena,Saint John,,4
375803,2,Hernandez Loria Maria Valeria,Saint John,,3
375803,3,Lopez Bustos Daniela,Manuela Santamaria,,1.5
375803,4,Monge Duran Gloriana,San Gerardo,,1
375803,5,Calderon Salas Cristi,Juan Arrieta,,0.5
375806,1,Quesada Fallas Esteban,Silvestre Rojas,,5
375806,2,Barboza Viquez Martin,Santa Teresa,,4
375806,3,Salguero Zamora Bryand,Juan Arrieta,,4
375806,4,Aguero Montero Luis Fernando,Bernardo Soto,,3
375806,5,Canizales Colmenares Alfonso,Villa Bonita,,3
375806,6,Urbano Murillo Antonio,Santa Teresa,,3
375806,7,Rojas Rojas Bryan,Escuela Francisco Alfaro Ruiz,,3
375806,8,Goyo Barragan Alejandro,Manuela Santamaria,,2
375806,9,Quintero Morera Abraham,Holanda,,2
375806,10,Gonzalez Vanlenciano Dilan,Rogelio Sotela,,2
375806,11,Dias Medina Alejandro,Juan Arrieta,,1
375806,12,Monge Lazo Wilfredo,Santa Rita,,1
375982,1,Bonilla Moreira Ricardo,Sonny,1500,6
375982,2,Madrigal Ramirez Luis Fabian,Ricardo Jimenez,,5
375982,3,Sanabria Leandro Jose Manuel,Filadelfo Salas,1400,3
375982,4,Naranjo Porras Depham Josue,Juan Vazquez De Coronado,1400,3
375982,5,Sibaja Otarola Luis Carlos,Ricardo Jimenez Oreamuno,1400,2
375982,6,Gomez Picado Sebastian Gabriel,Juan Vazquez de Coronado,1400,1.5
375982,7,Quiros Santamaria Santiago,San Felipe Neri,1400,0.5
376103,1,Rojas Mora Maria Salvadora,Federico Salas,1577,1.5
376103,3,Alvarez Alvarez Jimena,Republica Colombia,1433,0
428963,1,Salas Miranda Dharrell Juseph,Julio Peña,1400,4
428963,2,Barboza Viquez Martin Eduardo,Santa Teresa,1778,4
428963,4,Arrieta Gonzalez Lucas,Lagos del Coyol,1400,3
428963,7,Araya Castro Jorge Andres,Francisco Alfaro Rojas,1400,2
428963,8,Aguero Montero Luis Fernando,Bernardo Soto Alfaro,1408,2
428963,11,Solis Carvajal Aaron,Francisco Alfaro Rojas,1400,1
428963,12,Ulloa Gutierrez Adrian,Ermida Blanco Gonzalez,1400,0
428963,13,Ramirez Orozco Brandon David,Jose Joaquin Mora,1400,0
428967,1,Lopez Bustos Daniela,Miguel Obregon,1400,5
428967,2,Alfaro Fonseca Emily Vanessa,Jose Manuel Peralta,1400,3.5
428967,3,Bermudez Hernandez Amanda,Ascensión Esquivel,1400,3
428967,4,Cascante Bolanos Yalixza,Francisco Alfaro Rojas,,2
428967,5,Quesada Solis Veronica,Carlos Rojas Quiros,1400,1
428967,6,Ramirez Ugalde Dariany,Francisco Alfaro Rojas,,0.5
428969,1,Corrales Mendez Alberto,Santa Teresa,1456,3
428969,2,Velez Urena Ian,Pacto del Jocote,1400,2
428969,3,Castro Castro Jorge Enrique,Puente Piedra,1400,1
428969,4,Vargas Calvo Ian Mathias,Pacto del Jocote,1400,0
428970,1,Aguero Monge Natalia,Villa Bonita,1422,2
428970,2,Barboza Viquez Angelica,Santa Teresa,1421,1
428970,3,Millape Chaves Kyara,Maurilio Soto,1400,0
429194,1,Arrieta Vasquez Jostin Andrey,Naranjo,1400,5
429194,2,Bonilla Perez Sebastian Jose,Naranjo,1400,4
429194,3,Villalobos Rodriguez Yohel Jose,,,3
429194,4,Arguedas Mendez Abi Santiago,Naranjo,1400,3
429194,5,Castellon Araya Damian,,,1.5
429194,6,Mora Pineiro Mathew,Ccdr San Ramon,1400,1.5
429194,7,Henao Quesada Samuel Yirald,Ccdr San Ramon,1400,1.5
429194,8,Baltodano Gonzalez Matias,San Ramon,1400,0.5
429195,1,Rojas Mora Elena,Ccdr San Ramon,1495,5
429195,2,Carvajal Rivera Maria Camila,Naranjo,1480,4
429195,3,Calderon Aguilar Amanda Sofia,,1400,3
429195,4,Arias Mora Mariana,Ccdr San Ramon,1400,3
429195,5,Mendez Soto Mia,,,2
429195,6,Quiros Matamoros Ana Melissa,Naranjo,1400,2
429195,7,Rojas Rojas Isabella,,,1
429195,8,Castellon Araya Rebeca,,,0
429198,1,Quesada Mendez Jose Pablo,Ccdr San Ramon,1400,5
429198,2,Ramirez Rodriguez Santiago,,1414,4
429198,3,Gonzalez Monge Aaron,,,2.5
429198,4,Duarte Obando Isaac Eliecer,,,2
429198,5,Torres Carballo Aaron,,,1.5
429198,6,Rodriguez Gamboa Jeaustin Alberto,,,0
429204,1,Esquivel Jimenez Douglas Daniel,,1570,4.5
429204,2,Rojas Mora Jose Elias,,1585,4.5
429204,3,Bonilla Perez Santiago Jose,,1400,3
429204,4,Toruno Delgado Aaron,,,3
429204,5,Badilla Moya Cristian,,1400,2.5
429204,6,Quiros Porras Anthony Jesus,,,2.5
429204,7,Ramirez Hernandez Elias,,,2
429204,8,Linkemer Otarola Freddy Andre,,1400,2
429204,9,Medina Padilla Luciano Jose,,,1
429205,0,Badilla Araya Aban,Esc. Gerardo Badilla,,
429205,0,Carrillo Salas Justin Antonio,LEB Palmares,,
429205,0,Chacon Sibaja Brandon Jose,LEB San Ramón,,
429205,0,Chacon Sibaja Jostin Josue,LEB San Ramón,,
429205,0,Escobar Jaramillo Derek Matias,Esc. Gerardo Badilla,,
429205,0,Gonzalez Torres Abigail,LEB Palmares,,
429205,0,Jimenez Mendez Leonardo,Esc. Gerardo Badilla,,
429205,0,Leiton Villalobos Daniel Arturo,LEB San Ramón,,
429205,0,Miranda Rojas Mauricio,Esc. Gerardo Badilla,,
429205,0,Orozco Zuniga Juan David,LEB San Ramón,,
429205,0,Sevilla Zuniga Jakob Angelo,Esc. Gerardo Badilla,,
429205,0,Soto Anchia Oscar Andres,LEB Palmares,,
429205,0,Urena Sanchez Raquel,LEB Palmares,,
429205,0,Varela Canales Jefferson David,LEB Palmares,,
430595,1,Gonzalez Aguero Julian,Esc. Luis Cruz Meza,1703,5
430595,2,Oviedo Sanchez Isaac,Sonny,1400,4
430595,3,Conejo Mesen Christofer,Esc. Central de Tres Rios,1400,3
430595,4,Borrero Perez Matias,Esc. Sagrado Corazon de Jesus,1400,1.5
430595,6,Araya Barquero Dereck,Esc. Orosi,1400,0
430596,1,Valderrama Solano Ashly,Esc. Carlos Luis Valverde,1400,3
430596,2,Salazar Carballo Constanza,Esc. Sagrado Corazon de Jesus,1416,2
430596,3,Jimenez Bravo Kendra,CE Semillas,1400,1
430596,4,Vega Rojas Luciana,San Felipe Nery,1400,0
430597,1,Gonzalez Aguero Ignacio,Esc. Luis Cruz Meza,1527,5
430597,2,Bonilla Moreira Ricardo,Sonny,1501,4
430597,3,Piedra Varela Andy Josue,CEAP Cocori,1400,3
430597,4,Camacho Rodriguez David,Escuela Goicoechea,1400,3
430597,5,Sanchez Cerdas Sebastian,San Felipe Neri,1400,3
430597,6,Brenes Quesada Joseph,Esc. Sagrado Corazon de Jesus,1400,2
430597,7,Araya Quiel Alexis,Esc. Domingo Sarmiento,1400,2
430597,8,Walker Solano Andres,CE Miravalle,1400,1.5
430597,9,Gomez Picado Sebastian Gabriel,Esc. Juan Vazquez de Coronado,1400,1.5
430597,10,Escobar Solano,Esc. Filadelfo Salas,1400,0
430598,1,Calderon Brenes Tiffany,CEAP Cocori,,5
430598,2,Gomez Brenes Kiara,Esc. Juan Vazquez de Coronado,,3.5
430598,3,Sanchez de Guglielmo Stefania,CE Miravalle,,2.5
430598,4,Alvarez Aguilar Raquel,Esc. Mario Fernandez,,2
430598,6,Bonilla Sanabria Sofia,CE Semillas,,0
430603,1,Rojas Rojas Sebastian,Experimental Bilingue,,5
430603,2,Salguero Zamora Bryan Josue,Puente Piedra,,4
430603,3,Villalobos Venegas Sebastian,El Roble,,4
430603,4,Bravo Tablada Alejandro,El Carmen,,3.5
430603,5,Herrera Sanchez Sebastian,San Rafael,,3
430603,6,Enriquez Gonzalez Bahiron Enrique,Santa Gertrudis,,3
430603,7,Alfaro Bolaños Josue Abraham,Santa Gertrudis,,3
430603,8,Perez Picado Yeudi,CTP Sabanilla,,3
430603,9,Rivera Benavides Dereck,San Rafael,,2.5
430603,10,Lopera Mateus Brian,Redentorista,,2
430603,11,Madrigal Borge Jose David,San Rafael,,2
430603,12,Martinez Gonzalez Alexander,Colegio Gregorio,,2
430603,13,Trigueros Herrera Isaac,CTP Santa Eulalia,,2
430603,14,Gomez Guerrero Erick,Leon Cortes Castro,,2
430603,15,Rojas Rojas Bryan Josue,Santa Gertrudis,,1.5
430603,16,Jarrin Carranza Magdiel,Redentorista,,1.5
430603,17,Nuñez Aguirre Maycol,Tambor,,1
430603,18,Arroyo Elizondo Brandon,Instituto de Alajuela,,0
430604,1,Sandi Quiros Debora,Redentorista,,5
430604,2,Hernandez Loria Maria Jimena,Saint John,,3.5
430604,3,Hernandez Loria Maria Valeria,Saint John,,3.5
430604,4,Jimenez Jimenez Allison,CTP Invu,,3
430604,5,Jimenez Villalobos Emily,San Roque,,3
430604,6,Aguilar Alfaro Mariana,Santa Gertrudis,,2
430604,7,Zuñiga Sancho Zoe,Experimental Bilingue,,2
430604,8,Castro Rojas Marypaz,San Roque,,2
430604,9,Mena Barboza Maria Fernanda,CTP Sabanilla,,1
430604,10,Jimenez Quesada Cristel,Leon Cortes,,0
430605,1,Cabezas Guerrero Kendal,Liceo Leon Cortes,,
430605,1,Corrales Oporta Juan David,Liceo Leon Cortes,,
430605,1,Hernandez Duarte Josue,Liceo Leon Cortes,,
430605,1,Mendez Vargas Malcon,Liceo Leon Cortes,,
430605,2,Gomez Salas Andrey,CTP Atenas,,
430605,2,Huertas Sanchez Edgar,CTP Atenas,,
430605,2,Navarro Oporta Sebastian,CTP Atenas,,
430605,2,Navarro Solis Alexis,CTP Atenas,,
430605,2,Pacheco Villalta Gabriel,CTP Atenas,,
430605,3,Gomez Barrantes Andrew,Bilingue de Grecia,,
430605,3,Gomez Chaverri Alexander,Bilingue de Grecia,,
430605,3,Quesada Chaves Esteban,Bilingue de Grecia,,
430605,3,Salas Castro Dylan,Bilingue de Grecia,,
430946,1,Ramos Rodriguez Daniel,AAS,1660,2
430946,2,Lopez Hangen Miguel Angel,AAS,1423,1
430946,3,Mora Garcia Sebastian,Pio XII,1400,0
430948,1,Cossio Carvajal Bruno,AAS,1624,5
430948,2,Abarca Rivera Pablo,Jose Cubero Munoz,1427,4
430948,3,Mora Garcia Sebastian,Pio XII,1400,3
430948,4,Barrantes Chinchilla Osvaldo,Manuel Ma. Gutierrez,1400,2.5
430948,5,Solorzano Valverde Thomas,Claudio Cortes Castro,1400,2.5
430948,6,Araica Mayorga Kendall,Claudio Cortes Castro,1400,2
430948,7,Nunez Saso Wesly,Claudio Cortes Castro,1400,1
430948,8,Lopez Viales Alexander,San Enrique de Osso,1400,0
430949,1,Mora Chavarria Sebastian,Jose Rafael Araya,1638,5
430949,2,Fuentes Solano Nahum Alfonso,Metodista,1664,4
430949,3,Brenes Hernandez Josue,Mata de Platano,1400,3
430949,4,Solano Chaves Lawrence,America Central,1400,1.5
430949,5,Sibaja Vega Saul,San Enrique de Osso,1400,1
430949,6,Cascante Briceno Marcelo,San Enrique de Osso,1400,0.5
430950,1,Solano Saltachin Ruth,Saint Francis,,2
430950,2,Canales Chinchilla Victoria,America Central,,1
430950,3,Reyes Diaz Ana Grabriela,America Central,,0
430951,1,Blanco Gonzalez Justin Jesus,Mata de Platano,1787,4
430951,2,Cordoba Camacho Josue,Mata de Platano,1400,4
430951,3,Solano Saltachin Javier,Saint Francis,1674,4
430951,4,Ramirez Marchena Carlos Andres,LEB La Trinidad,1903,4
430951,5,Trigueros Sanabria Steven,CTP Purral,1400,3
430951,6,Vega Sequeira Kendall,CTP Purral,1400,3
430951,7,Ueda Erdwig Kaito,Colegio Cedros,1400,3
430951,8,Feoli Garcia Gustavo,San Enrique de Osso,1400,2.5
430951,9,Sibaja Vega Caleb,San Enrique de Osso,1400,2.5
430951,10,Rodriguez Restrepo Jean Carlo,America Central,1400,2.5
430951,11,Meono Salazar Ariel,CTP Purral,1400,2.5
430951,12,Tiffer Nunez John,CTP Purral,1400,2
430951,13,Ramirez Solano Jose,San Enrique de Osso,1400,2
430951,14,Jimenez Munoz Miguel A.,San Enrique de Osso,1400,2
430951,15,Artavia Garcia Fernando,San Enrique de Osso,1400,1.5
430951,16,Rodriguez Artavia Andres,San Enrique de Osso,1400,1.5
430951,17,Solano Chandler Deniss,CTP Purral,1400,1
430951,18,Morales Formoso Carlos,America Central,1400,0
431508,1,Brenes Quesada Jennifer,CTP Fernando Volio,,2
431508,2,Romero Guillen Lilieth,CE Semillas,,0
431509,1,Jimenez Navarro Diego,Sonny,,5
431509,2,Granados Barboza Luis Carlos,Sagrado Corazon de Jesus,,3
431509,3,Morales Cascante Luis Diego,Colegio Bilingue Jorge Volio,,3
431509,4,Jaenz Figueroa Dilan,Colegio Francisca Carrasco,,2
431509,5,Monge Betancourt Emmanuel,CTP Fernando Volio,,2
431509,6,Sibaja Otarola Luis Carlos,San Luis Gonzaga,,0
431510,1,Coto Calderon Juan Diego,Sagrado Corazon de Jesus,,5
431510,2,Mata Tencio Randall,CTP Dulce Nombre,,4
431510,3,Aguilar Ortega Walter,Elias Leiva,,3
431510,4,Jaenz Figueroa Ismael,Francisca Carrasco,,2
431510,5,Cerdas Fuentes Gerald,Daniel Oduber,,1
431510,6,Solano Bonilla Brandon,San Luis Gonzaga,,0
434735,1,Barboza Viquez Martin Eduardo,Santa Teresa,1778,5
434735,2,Goyo Barragan Alejandro,Manuela Santamaría,1502,4
434735,3,Salas Miranda Dharrell Juseph,Julio Peña,,3
434735,4,Ramirez Rodriguez Santiago,Patriarca San José,1414,2
434735,5,Gonzalez Monge Aarón,Federico Salas,,1
434735,6,Quesada Mendez Jose Pablo,Juan Jose Valverde Madrigal,1400,0
434736,1,Monge Ramirez Abigail,Monseñor Clodeveo,1528,5
434736,2,Bermudez Hernandez Amanda,Ascensión Esquivel,1400,4
434736,3,Lopez Bustos Daniela,Miguel Obregon,1400,3
434736,4,Calvo Ramirez Alissa,Presbitero Venancio de Oña,,1.5
434736,5,Alfaro Fonseca Emily,Jose Manuel Peralta,,1
434736,6,Calderon Villavicencio Dafne,Otilio Ulate,1400,0.5
434737,1,Rojas Rojas Sebastian,Experimental Bilingue,,4
434737,2,Rojas Mora Jose Elias,Nuestra Señora de los Angeles,,4
434737,3,Esquivel Jimenez Douglas,LEB San Ramon,,4
434737,4,Bonilla Perez Santiago,Colegio de Naranjo,,2
434737,5,Salguero Mora Bryan Josue,Puente Piedra,,1
434737,6,Villalobos Venegas Sebastian,El Robles,,0
434738,1,Rojas Mora Maria Salvadora,LEC San Ramon,,4
434738,2,Sandi Quiros Debora,Redentorista,,3
434738,3,Hernandez Loria Maria Valeria,Saint John,,1.5
434738,4,Hernandez Loria Maria JImena,Saint John,,1
434738,5,Arrieta Vasquez Mariana,Colegio de Naranjo,,0.5
435188,1,Gonzalez Aguero Ignacio,Luis Cruz Meza,1527,3
435188,2,Scheelje Morales Kurt,CATIE,1468,2
435188,3,Bonilla Moreira Ricardo,Sonny,1501,1
435188,4,Granados Fallas Isaac,Leon Cortes Castro,,0
435189,1,Salazar Gould Kristy Valeria,Esc Mariano Cortes,1706,3
435189,2,Calderon Brenes Tiffany,CEAP Cocori,1590,2
435189,3,Gomez Brenes Kiara,Juan Vazquez de Coronaodo,,1
435189,4,Alvarado Rojas Janna,Leon Cortes Castro,,0
435190,1,Jimenez Navarro Diego,Sonny,1602,5
435190,2,Granados Barboza Luis Carlos,CSCJ,,4
435190,3,Nunez F William,LEB Turrialba,,3
435190,4,Angulo Fonseca Jason,Liceo Rural de Canon,,1
435191,1,Rivera Villalobos Larissa,Liceo Hernan Vargas,,1
435194,1,Barrantes Merayo Ignacio,Esc Mariano Cortes,,
435194,1,Mora Zamora Jeimind,Esc Mariano Cortes,,
435194,1,Morales Fernandez Sebastian,Esc Mariano Cortes,,
435194,1,Perez Ramos Marco,Esc Mariano Cortes,,
435194,2,Chaves Chaves Andres,EB Sagrado Corazon de Jesus,,
435194,2,Cordero Castillo Saul,EB Sagrado Corazon de Jesus,,
435194,2,Peralta Castillo Aaron,EB Sagrado Corazon de Jesus,,
435194,2,Vargas Martinez Jesus,EB Sagrado Corazon de Jesus,,
435195,1,Fallas Calvo Alana,Esc Cecilio Lindo,,
435195,1,Nunez Vargas Medelyn,Esc Cecilio Lindo,,
435195,1,Quesada Montenegro Maria Paula,Esc Cecilio Lindo,,
435195,1,Rosales Petersen Sara,Esc Cecilio Lindo,,
435195,1,Sanabria Bermudez Maria Paula,Esc Cecilio Lindo,,
435195,2,Acuna Villalobos Maria,Esc San Felipe Nery,,
435195,2,Fernandez Mejia Mariana,Esc San Felipe Nery,,
435195,2,Flores Martinez Meylin,Esc San Felipe Nery,,
435195,2,Guzman Leiva Isabella,Esc San Felipe Nery,,
435196,1,Correa Mata Emanuel,Clodomiro Picado,,
435196,1,Marin Brenes Manfred,Clodomiro Picado,,
435196,1,Redondo Washington Josymar,Clodomiro Picado,,
435196,1,Rojas Vargas Cesar,Clodomiro Picado,,
435196,2,Araica Gamez Yeral,Francisca Carrasco Jimenez,,
435196,2,Baez Torres Kendall,Francisca Carrasco Jimenez,,
435196,2,Rivera Suarez Isaac,Francisca Carrasco Jimenez,,
435198,1,Cordero Fernandez Gimena,Hernan Vargas,,
435198,1,Masis Aguilar Estefany,Hernan Vargas,,
435198,1,Rivera Morlina Angelly,Hernan Vargas,,
435198,2,Castro Argueta Daniela,CE Semillas,,
435198,2,Cortes Matamoros Genesis,CE Semillas,,
435198,2,Picado Villareal Cherlin,CE Semillas,,
435198,2,Ramirez Quesada Monserrath,CE Semillas,,
437398,1,Amador Mora Matias Santiago,Santa María,,
437398,1,Mata Quesada Ian Andre,Santa María,,
437398,1,Peña Brenes Isaac Samuel,Santa María,,
437398,1,Zuñiga Rojas Ana María,Santa María,,
437398,2,Escalante Marin Jefferson,Joaquin Garcia Monge,,
437398,2,Granados Aparicio Rashid,Joaquin Garcia Monge,,
437398,2,Saenz Solano Josue,Joaquin Garcia Monge,,
437399,1,Mora Fallas Julian,Esc. Martin Mora,1430,2
437399,2,Hernandez Monge Santiago,Esc. Joaquin Garcia Monge,1444,1
437399,3,Mora Porras Josue,Complejo Educativo Santa Lucia,,0
437404,1,Jara Madrigal Ximena,,,4
437404,2,Valls Mena Mathias,,,3
437404,3,Zuñiga Rojas Felipe,,,2.5
437404,4,Arrieta Guzman Josue,,,2
437404,5,Chaves Sanchez Luis Francisco,,,1.5
437404,8,Montero Lopez Steven,,,1
437447,1,Davila Lopez Amelia,Esc. Roberto López,,4
437447,2,Alvarado Aguilar Camila,Esc. Joaquin García Monge,,3
440175,1,Solano Saltachin Ruth,Colegio Saint Francis,,6
440175,2,Huaman Bengoa Valeska Priscila,Colegio Santa Ana,,5.5
440175,3,Rodriguez Retana Sofia,Bilingue San Francisco de Asis,,5
440175,4,Rojas Mora Maria Salvadora,LEB San Ramon,,4
440175,5,Molina Valverde Wesly,CTP San Isidro,,4
440175,6,Alvarez Torres Ariela,CTP Roberto Gamboa Valverde,,2
440175,7,Rivera Villalobos Larissa,Liceo Hernan Vargas Ramirez,,1.5
440175,8,Fernandez Villalobos Ariela,Liceo de Heredia,,0
440176,1,Frater Gonzalez Gabriel,Colegio Los Angeles,,9.5
440176,2,Rojas Arias Sebastian,Experimental Bilingue,,8
440176,3,Mena Brenes Deyvid,Colegio Academico de Jimenez,,7.5
440176,4,Jimenez Navarro Diego,BiIingue Sonny,,7
440176,5,Shion Solis Esteban Jesus,San Francisco de Asis,,6
440176,6,Calderon Ceciliano Allan Moises,U.P José Breinderhoff,,5
440176,7,Mairena Fallas Gael,Liceo Joaquin Gutierrez Mangel,,4.5
440176,8,Aguilar Obando Tomas,Liceo Laboratorio,,4.5
440176,9,Jimenez Valverde Bruno Esteban,C.T.P C.I.T,,2
440176,10,Arias Obando Luis David,Colegio Lepanto,,1
440176,11,Morales Quesada Victor Daniel,Liceo de Paraiso,,0
440189,1,Castillo Mena Carlos Mario 1,Liceo Unesco,,
440189,1,Cordero Villalobos Elian Jesus 1,Liceo Unesco,,
440189,1,Herrera Montoya David Farith 1,Liceo Unesco,,
440189,1,Mora Arias Kendal Alonso 1,Liceo Unesco,,
440189,1,Vargas Montero Bruno Humberto 1,Liceo Unesco,,
440189,2,Chavarria Alvarado Daniela 1,Liceo Experimental Bilingue de Rio Jimen,,
440189,2,Hatton Morales Daniel 1,Liceo Experimental Bilingue de Rio Jimen,,
440189,2,Herrera Brenes Yeudi 1,Liceo Experimental Bilingue de Rio Jimen,,
440189,2,Quiros Espinoza Jocxan Edgardo 1,Liceo Experimental Bilingue de Rio Jimen,,
440189,2,Rodriguez Perez Johan Jesus 1,Liceo Experimental Bilingue de Rio Jimen,,
440189,3,Hidalgo Villalobos Emerson 1,Colegio Lepanto,,
440189,3,Obando Obando Aldo,Colegio Lepanto,,
440189,3,Cubero Zuniga Luis Dary 1,Colegio Lepanto,,
440189,3,Quiros Martinez Esteban 1,Colegio Lepanto,,
440189,3,Vasquez Gomez Janer 1,Colegio Lepanto,,
440189,4,Delgado Salazar Kendall,Colegio Claretiano,,
440189,4,Vindas Vega Adriel,Colegio Claretiano,,
440189,4,Barrantes Viales Sebastian,Colegio Claretiano,,
440189,4,Segura Barboza Walter,Colegio Claretiano,,
440189,4,Zamora Arrieta Alexis,Colegio Claretiano,,
440189,5,Redondo Washington Josimar 1,Colegio Clodomiro Picado,,
440189,5,Rojas Vargas Cesar 1,Colegio Clodomiro Picado,,
440189,5,Correa Mata Emanuel Alejandro 1,Colegio Clodomiro Picado,,
440189,5,Marin Brenes Manfred 1,Colegio Clodomiro Picado,,
440189,6,Herrera Derek 1,Liceo Teodoro Picado,,
440189,6,Cepeda Lester 1,Liceo Teodoro Picado,,
440189,6,Madrigal Gerardo 1,Liceo Teodoro Picado,,
440189,6,Teran Donoban 1,Liceo Teodoro Picado,,
440189,7,Castro Arroyo Ronald 1,CTP Esparza,,
440189,7,Lomas Jose 1,CTP Esparza,,
440189,7,Sancho Barrantes David 1,CTP Esparza,,
440189,7,Solis Perez Jessi 1,CTP Esparza,,
440189,8,Arce Granados Ian 1,Liceo de Paraiso,,
440189,8,Barrientos Ramirez Jose Pablo 1,Liceo de Paraiso,,
440189,8,Gonzalez Rojas Alexander 1,Liceo de Paraiso,,
440189,8,Mata Barquero Brandon 1,Liceo de Paraiso,,
440189,8,Quiros Madriz Malcom 1,Liceo de Paraiso,,
440189,9,Achia Sanchez Ian Daniel 1,Colegio Jose M. Gutierrez,,
440189,9,Rodriguez Carranza Isaac Andres 1,Colegio Jose M. Gutierrez,,
440189,9,Rojas Herrera Steven Jose 1,Colegio Jose M. Gutierrez,,
440189,9,Valerin Buzo Lando Josue 1,Colegio Jose M. Gutierrez,,
440189,10,Arroyo Araya Cristopher 1,CTP Rosario,,
440189,10,Chacon Arias Carlos 1,CTP Rosario,,
440189,10,Hidalgo Soto Jeremy,CTP Rosario,,
440189,10,Morales Felipe Santiago 1,CTP Rosario,,
440189,11,Gomez Morera Bismark 1,Santa Maria School,,
440189,11,Padilla Caballero Joshua 1,Santa Maria School,,
440189,11,Sancho Lopez Angel Isaac 1,Santa Maria School,,
440189,11,Wen Wu Greivin 1,Santa Maria School,,
443324,1,Castillo Mena Carlos Mario 1,Liceo Unesco,1400,
443324,1,Cordero Villalobos Elian Jesus 1,Liceo Unesco,1400,
443324,1,Herrera Montoya David Farith 1,Liceo Unesco,1400,
443324,1,Mora Arias Kendal Alonso 1,Liceo Unesco,1400,
443324,1,Vargas Montero Bruno Humberto 1,Liceo Unesco,1400,
443324,2,Chavarria Alvarado Daniela 1,Liceo Experimental Bilingue de Rio Jimen,1492,
443324,2,Hatton Morales Daniel 1,Liceo Experimental Bilingue de Rio Jimen,1400,
443324,2,Herrera Brenes Yeudi 1,Liceo Experimental Bilingue de Rio Jimen,1400,
443324,2,Quiros Espinoza Jocxan Edgardo 1,Liceo Experimental Bilingue de Rio Jimen,1400,
443324,2,Rodriguez Perez Johan Jesus 1,Liceo Experimental Bilingue de Rio Jimen,1400,
443324,3,Hidalgo Villalobos Emerson 1,Colegio Lepanto,1489,
443324,3,Obando Obando Aldo,Colegio Lepanto,1479,
443324,3,Cubero Zuniga Luis Dary 1,Colegio Lepanto,1445,
443324,3,Quiros Martinez Esteban 1,Colegio Lepanto,1434,
443324,3,Vasquez Gomez Janer 1,Colegio Lepanto,1400,
443324,4,Herrera Derek 1,Liceo Teodoro Picado,1486,
443324,4,Cepeda Lester 1,Liceo Teodoro Picado,1400,
443324,4,Madrigal Gerardo 1,Liceo Teodoro Picado,1400,
443324,4,Teran Donoban 1,Liceo Teodoro Picado,1400,
443324,5,Achia Sanchez Ian Daniel 1,Colegio Jose M. Gutierrez,1400,
443324,5,Rodriguez Carranza Isaac Andres 1,Colegio Jose M. Gutierrez,1400,
443324,5,Rojas Herrera Steven Jose 1,Colegio Jose M. Gutierrez,1400,
443324,5,Valerin Buzo Lando Josue 1,Colegio Jose M. Gutierrez,1400,
443324,6,Delgado Salazar Kendall,Colegio Claretiano,1474,
443324,6,Vindas Vega Adriel,Colegio Claretiano,1444,
443324,6,Barrantes Viales Sebastian,Colegio Claretiano,1400,
443324,6,Segura Barboza Walter,Colegio Claretiano,1400,
443324,6,Zamora Arrieta Alexis,Colegio Claretiano,1400,
443324,7,Redondo Washington Josimar 1,Colegio Clodomiro Picado,1528,
443324,7,Rojas Vargas Cesar 1,Colegio Clodomiro Picado,1404,
443324,7,Correa Mata Emanuel Alejandro 1,Colegio Clodomiro Picado,1400,
443324,7,Marin Brenes Manfred 1,Colegio Clodomiro Picado,1400,
443324,8,Arce Granados Ian 1,Liceo de Paraiso,1400,
443324,8,Barrientos Ramirez Jose Pablo 1,Liceo de Paraiso,1400,
443324,8,Gonzalez Rojas Alexander 1,Liceo de Paraiso,1400,
443324,8,Mata Barquero Brandon 1,Liceo de Paraiso,1400,
443324,8,Quiros Madriz Malcom 1,Liceo de Paraiso,1400,
443324,9,Castro Arroyo Ronald 1,CTP Esparza,1400,
443324,9,Lomas Jose 1,CTP Esparza,1400,
443324,9,Sancho Barrantes David 1,CTP Esparza,1400,
443324,9,Solis Perez Jessi 1,CTP Esparza,1400,
443324,10,Gomez Morera Bismark 1,Santa Maria School,1400,
443324,10,Padilla Caballero Joshua 1,Santa Maria School,1400,
443324,10,Sancho Lopez Angel Isaac 1,Santa Maria School,1400,
443324,10,Wen Wu Greivin 1,Santa Maria School,1400,
443324,11,Arroyo Araya Cristopher 1,CTP Rosario,1412,
443324,11,Chacon Arias Carlos 1,CTP Rosario,1400,
443324,11,Hidalgo Soto Jeremy,CTP Rosario,1400,
443324,11,Morales Felipe Santiago 1,CTP Rosario,1400,
443326,1,Rojas Arias Sebastian,Experimental Bilingue,1750,9
443326,2,Jimenez Navarro Diego,BiIingue Sonny,1602,9
443326,3,Mena Brenes Deyvid,Colegio Academico de Jimenez,1684,7.5
443326,4,Frater Gonzalez Gabriel,Colegio Los Angeles,1775,7
443326,5,Shion Solis Esteban Jesus,San Francisco de Asis,1590,6.5
443326,6,Mairena Fallas Gael,Liceo Joaquin Gutierrez Mangel,1509,5
443326,7,Calderon Ceciliano Allan Moises,U.P José Breinderhoff,1400,5
443326,8,Arias Obando Luis David,Colegio Lepanto,1495,2.5
443326,9,Aguilar Obando Tomas,Liceo Laboratorio,1400,1.5
443326,10,Jimenez Valverde Bruno Esteban,C.T.P C.I.T,1406,1
443326,11,Morales Quesada Victor Daniel,Liceo de Paraiso,1400,1
443327,1,Huaman Bengoa Valeska Priscila,Colegio Santa Ana,1629,7
443327,2,Rodriguez Retana Sofia,Bilingue San Francisco de Asis,1651,6
443327,3,Rojas Mora Maria Salvadora,LEB San Ramon,1590,5
443327,4,Solano Saltachin Ruth,Colegio Saint Francis,1706,4
443327,5,Molina Valverde Wesly,CTP San Isidro,1400,3
443327,6,Alvarez Torres Ariela,CTP Roberto Gamboa Valverde,1429,2
443327,7,Rivera Villalobos Larissa,Liceo Hernan Vargas Ramirez,1400,1
443327,8,Fernandez Villalobos Ariela,Liceo de Heredia,1400,0
444582,1,Barboza Viquez Martin Eduardo,Colegio Santa Teresa,1779,10.5
444582,2,Segura Cordero Ariel,Nueva Esperanza,1812,10
444582,3,Quiros Acuna Sebastian,Juan Santamaria,1713,8.5
444582,4,Mora Fallas Julian,Martin Mora Rojas,1430,8
444582,5,Gonzalez Aguero Ignacio,Luis Cruz Mesa,1510,8
444582,6,Rojas Esquivel Alejandro,Carmen Lyra,1511,5.5
444582,7,Castillo Chavarria Sebastian,Ascensión Esquivel,1483,5
444582,8,Vargas Arguedas Caleb Efrain,La Inmaculada,1464,4.5
444582,9,Zeledon Quesada Luis Fabricio,Las Lagunas,1400,2
444582,10,Arias Hernandez Dariel,Cablo Blanco,1481,2
444582,11,Rodriguez Almengor Yeider,Escuela Patiño,1400,1
444582,12,Cordero Cordez Anderson,Valle Azul,1400,1
444583,1,Semana Ramirez Brenda,Nueva Esperanza,1645,7.5
444583,2,Monge Ramirez Abigail,Monseñor Clodoveo Hidalgo,1580,6
444583,3,Salazar Gould Kristy Valeria,Mariano Cortes,1731,6
444583,4,Diaz Charpentier Ashly Valeri,Los Angeles,1639,5.5
444583,5,Martinez Sanchez Yatzutry Vanessa,Ricardo Jiménez Oreamuno,1437,4.5
444583,6,Umana Castro Mariana,Moracia,1400,2.5
444583,7,Calderon Jimenez Nayelit Cristina,La Esperanza,1400,2
444583,8,Mena Alfaro Keilyn Amanda,Las Lagunas,1400,2
444583,9,Cascante Juarez Yariela,Escuela Lepanto,1400,0
445083,1,Barboza Viquez Martin Eduardo,Colegio Santa Teresa,1779,11
445083,2,Segura Cordero Ariel,Nueva Esperanza,1812,10
445083,3,Quiros Acuna Sebastian,Juan Santamaria,1713,8
445083,4,Castillo Chavarria Sebastian,Ascensión Esquivel,1483,7.5
445083,5,Vargas Arguedas Caleb Efrain,La Inmaculada,1464,6
445083,6,Mora Fallas Julian,Martin Mora Rojas,1430,5.5
445083,7,Gonzalez Aguero Ignacio,Luis Cruz Mesa,1510,4
445083,8,Rodriguez Almengor Yeider,Escuela Patiño,1400,3.5
445083,9,Arias Hernandez Dariel,Cablo Blanco,1481,3
445083,10,Rojas Esquivel Alejandro,Carmen Lyra,1511,3
445083,11,Cordero Cordez Anderson,Valle Azul,1400,3
445083,12,Zeledon Quesada Luis Fabricio,Las Lagunas,1400,1.5
445085,1,Semana Ramirez Brenda,Nueva Esperanza,1645,7.5
445085,2,Diaz Charpentier Ashly Valeri,Los Angeles,1639,7
445085,3,Salazar Gould Kristy Valeria,Mariano Cortes,1731,6
445085,4,Monge Ramirez Abigail,Monseñor Clodoveo Hidalgo,1580,5.5
445085,5,Martinez Sanchez Yatzutry Vanessa,Ricardo Jiménez Oreamuno,1437,4
445085,6,Mena Alfaro Keilyn Amanda,Las Lagunas,1400,3
445085,7,Calderon Jimenez Nayelit Cristina,La Esperanza,1400,2
445085,8,Umana Castro Mariana,Moracia,1400,0
445090,1,Mayorga Araya Sofia,Pacto Jocote,1709,
445090,1,Lobo Meneses Andrea Alejandra,Pacto Jocote,1532,
445090,1,Chaves Chavarria Ana Carolina,Pacto Jocote,1505,
445090,1,Millape Chaves Naomi,Pacto Jocote,1457,
445090,1,Medina Mayorga Raquel,Pacto Jocote,1421,
445090,2,Garcia Ortiz Dariana Maria,Las Lagunas 2,1400,
445090,2,Perez Cordero Eva Sofia,Las Lagunas 2,1400,
445090,2,Quiros Jimenez Nayla Kristal,Las Lagunas 2,1400,
445090,2,Rojas Mora Rochel Scarleth,Las Lagunas 2,1400,
445090,2,Urena Leon Valery,Las Lagunas 2,1400,
445090,3,Quesada Montenegro Maria Paula,Cecilio Lindo,1406,
445090,3,Fallas Calvo Alana,Cecilio Lindo,1400,
445090,3,Nunez Vargas Madelyne,Cecilio Lindo,1400,
445090,3,Rosales Peterson Sara,Cecilio Lindo,1400,
445090,3,Sanabria Bermudez Maria Paula,Cecilio Lindo,1400,
445090,4,Aguilar Duarte Maria Alexa,Lepanto,1455,
445090,4,Hidalgo Villalobos Kiara,Lepanto,1444,
445090,4,Aguilar Castro Valentina,Lepanto,1400,
445090,4,Beaudoin Valerín Margelly,Lepanto,1400,
445090,5,Hernandez Brenes Keicy Pamela,Santa Marta Y Griega,1541,
445090,5,Salazar Delgado Aylin Naomi,Santa Marta Y Griega,1407,
445090,5,Porras Rivera Krystell,Santa Marta Y Griega,1404,
445090,6,Mejias Benavides Sara Valeria,Las Lagunas 1,1407,
445090,6,Abarca Rodríguez Keisy Dariana,Las Lagunas 1,1400,
445090,6,Bonilla Urena Kerlin Samanta,Las Lagunas 1,1400,
445090,6,Gonzalez Umana Tayra,Las Lagunas 1,1400,
445090,6,Monge Fernández Gloriana,Las Lagunas 1,1400,
445090,7,Alvarez Rivera Evonny,Luis Shapiro,1400,
445090,7,Guerrero Matarrita Mariangel,Luis Shapiro,1400,
445090,7,Lira Garcia Angelique,Luis Shapiro,1400,
445090,7,Pena Campos Brillet,Luis Shapiro,1400,
445090,7,Rodriguez Aguilar Marlyn,Luis Shapiro,1400,
445091,1,Ocampo Nunez Jose Fabian,Pacto Jocote,1484,
445091,1,Sandi Quiros Carlos Alberto,Pacto Jocote,1434,
445091,1,Lobo Castro Isaac Alfonso,Pacto Jocote,1429,
445091,1,Rodriguez Sibaja Jason,Pacto Jocote,1422,
445091,1,Rodriguez Sibaja Kenneth,Pacto Jocote,1410,
445091,2,Ulate Climaco Kevin,Anita Grande,1441,
445091,2,Arguedas Granados Emersson,Anita Grande,1432,
445091,2,Chaves Solis Santiago,Anita Grande,1400,
445091,2,Saenz Castillo Delyon David,Anita Grande,1400,
445091,2,Vargas Miranda Madison Alondra,Anita Grande,1400,
445091,3,Chinchilla Jimenez Andrew Samuel,Las Lagunas,1404,
445091,3,Hernandez Jimenez Jerson Dariel,Las Lagunas,1400,
445091,3,Rojas Mata Jeremy Santiago,Las Lagunas,1400,
445091,3,Solano Marin Dylan Johel,Las Lagunas,1400,
445091,3,Suarez Alvarado Kevin Jesus,Las Lagunas,1400,
445091,4,Garro Fonseca Josimar Andrey,Arco Iris,1400,
445091,4,Granados Urena Andy Alonso,Arco Iris,1400,
445091,4,Mora Venegas Jafeth Ricardo,Arco Iris,1400,
445091,4,Navarro Garro Jeudy Jesus,Arco Iris,1400,
445091,4,Torres Garro Isaac Jose,Arco Iris,1400,
445091,5,Ramirez Dod Santiago,Futuro Verde,1400,
445091,5,Salas Segura Edgardo,Futuro Verde,1400,
445091,5,Segev Eco Jacob,Futuro Verde,1400,
445091,5,Semyonov Yonathan,Futuro Verde,1400,
445091,6,Cruz Estrada Keylor Emiliano,La Inmaculada,1400,
445091,6,Garita Marin Mainor Alberto,La Inmaculada,1400,
445091,6,Gutierrez Vega Lorenzo Pablo,La Inmaculada,1400,
445091,6,Lopez Gutierrez Raymak Snider,La Inmaculada,1400,
445091,7,Amador Mora Matias Santiago,Santa María,1400,
445091,7,Mata Quesada Ian Andre,Santa María,1400,
445091,7,Pena Brenes Isaac Samuel,Santa María,1400,
445091,7,Zuniga Brenes Ana Maria,Santa María,1400,
445091,8,Conejo Salazar Oscar Fabricio,Ascensión Esquivel,1400,
445091,8,Matarrita Barrantes Emmanuel Andres,Ascensión Esquivel,1400,
445091,8,Rodriguez Sanchez Jose Pablo,Ascensión Esquivel,1400,
445091,8,Ruiz Miranda Ian Eduardo,Ascensión Esquivel,1400,
445091,8,Samper Porras David,Ascensión Esquivel,1400,
493860,1,Manfredini Bernardo Vinicio,Tree of Life,1432,10
493860,2,Mayorga Araya Larissa,Escuela Pacto del Jocote,1400,7
493860,3,Fernandez Alvarado Saul,Escuela Republica de Guatemala,1400,6
493860,4,Munoz Alvarez Arturo,Colegio Marista,1400,4.5
493860,5,Ramirez Morera Eydan,Maria Monserrat,1400,2.5
493860,6,Hernandez Perez Julian,,,0
493861,1,Charpentier Badilla Ian Sebastian,Escuela La Marina,1480,9.5
493861,2,Leon Bermudez Saul,Greenland School,1455,8
493861,3,Chaves Chavarria Nataly,Escuela Pacto del Jocote,1400,4
493861,4,Gonzalez Arguedas Felipe,Escuela Juan Rafael Meoño,1420,4
493861,5,Millape Chaves Kyara,Escuela Pacto del Jocote,1418,3
493861,6,Morales Karpinsky Yuliana,Escuela Jenaro Bonilla A,1400,1.5
493866,1,Gonzalez Aguero Julian,Luis Cruz Mesa,1555,7
493866,2,Bolanos Duran Josue,LPDV,1486,6
493866,3,Fuentes Mora Deykel Bernal,Escuela las Americas Turrialba,1406,5
493866,4,Calderon Brenes Abigail,Escuela IMAS,1400,4
493866,5,Castillo Mendez Yuriel,Escuela San Rafael de Santa Ana,1409,4
493866,6,Rodriguez Munoz Emiliano,Escuela Atom Miller,1439,4
493866,7,Chan Iam Saori,Colegio Marista,1400,4
493866,8,Valverde Herrera Ana Laura,Colegio la Salle,1400,4
493866,9,Solis Barrantes Samantha,Escuela Pacto del Jocote,1400,3
493866,10,Velez Urena Ian,Escuela Pacto del Jocote,1447,3
493866,11,Araya Calero Sofia,Escuela Ezequiel Morales,1400,3
493866,12,Lobo Castro Alejandra,Escuela Pacto del Jocote,1400,3
493866,13,Arias Ramirez Amanda,Colegio Marista,1400,2
493866,14,Villegas Munoz Kensy Dilana,Escuela Manuela Santamaria,1400,2
493866,15,Coy Rosales Diego,Marista,,2
493868,1,Hernandez Perez Javier Francisco,Colegio los Angeles,1615,6.5
493868,2,Mayorga Araya Sofia,Escuela Pacto del Jocote,1717,6.5
493868,3,Leon Bermudez Marcelo,Greenland School,1641,5
493868,4,Cadena Diaz Mateo,Colegio Marista,1450,3
493868,5,Rodriguez Munoz Guido,Codea,1425,3
493868,6,Murillo Mora Aaron Jose,Colegio Marista,1400,2
493868,7,Vargas Calvo Ian Mathias,Escuela Pacto del Jocote,1460,1.5
493868,8,Meneses Briceno Josue Vinicio,Escuela Pacto del Jocote,1404,0.5
493870,1,Cossio Carvajal Bruno,Angloamericano,1607,6.5
493870,2,Rodriguez Sibaja Jason,Escuela Pacto del Jocote,1456,6
493870,3,Hernandez Cerdas Ignacio,,1440,5.5
493870,4,Castillo Mendez Carlos Rafael,Escuela San Rafael de Santa Ana,1429,5
493870,5,Chaves Chavarria Ana Carolina,Escuela Pacto del Jocote,1532,4.5
493870,6,Jimenez Valverde Benjamin Isaac,Montealto,1510,4.5
493870,7,Aguero Monge Natalia,Escuela Villa Bonita,1460,4
493870,8,Rodriguez Sibaja Kenneth,Escuela Pacto del Jocote,1439,4
493870,9,Murillo Araya Marcelo,Blue Valley,1417,4
493870,10,Araya Mondragon David,Escuela Palabra de Vida,1400,4
493870,11,Segura Ballestero Gabriel,Colegio Marista,1400,4
493870,12,Sandi Quiros Carlos Alberto,Escuela Pacto del Jocote,1470,4
493870,13,Ovares Castro Natalia,Escuela San Rafael de Santa Ana,1400,3.5
493870,14,Espinoza Ramirez Jared,Escuela Rincon Chiquito,1400,3
493870,15,Salazar Carballo Constanza,Escuela Corazón Sagrado de Jesus,1400,3
493870,16,Vargas Chinchilla Daniela,Escuela Villa Bonita,,3
493870,17,Araya Calero Mathias Gerardo,Escuela Ezequiel Morales,1400,3
493870,18,Udiz Puerta Nohely Nikol,Escuela Ezequiel Morales,1400,3
493870,19,Cordero Aguirre Ashly,Escuela Villa Bonita,,3
493870,20,Arrieta Castro Hillary,Escuela Villa Bonita,,2.5
493870,21,Barquero Godoy Genesis Victoria,Escuela Villa Bonita,,2.5
493870,22,Rojas Salas Amanda,Escuela Villa Bonita,,2.5
493870,23,Rodriguez Gutierrez Valentina,Escuela Villa Bonita,,2
493870,24,Morera Vega Yuliana,Escuela Villa Bonita,,1.5
493870,25,Vargas Jimenez Mariam,Escuela Itiquis,1400,1.5
493870,26,Garcia Ovares Darikson,Escuela Jenaro Bonilla A,,1
493871,1,Gonzalez Aguero Ignacio,Luis Cruz Mesa,1556,6.5
493871,2,Torres Urena Edgar Jose,Escuela Santa Marta,1540,6
493871,3,Valverde Herrera Jose Daniel,Colegio la Salle,1514,5.5
493871,4,Martinez Sanchez Yatzury Vanessa,Escuela Ricardo Jimenez,1524,5
493871,5,Hernandez Brenes Keicy Pamela,Escuela Santa Marta,1544,4.5
493871,6,Gonzalez Barrantes Aaron,Escuela Santa Marta,1402,4.5
493871,7,Goyo Barragan Alejandro,Escuela Manuela Santamaria,1495,4
493871,8,Lopez Bustos Daniela,Escuela Miguel Obregon,1471,4
493871,9,Vargas Solano David,Colegio Marista,1496,4
493871,10,Rocco Perdomo Oliver,Escuela Manuel del Pilar Zumbado,1417,4
493871,11,Salazar Delgado Aylin Naomi,Escuela Santa Marta,1476,4
493871,12,Schaubeck Cambronero Fabian,Escuela Republica de Francia,1505,3.5
493871,13,Esquivel Mata Emily Tatiana,Escuela Jenaro Bonilla A,1483,3.5
493871,14,Yes Martinez Damian Santiago,Autom Miller,1400,3.5
493871,15,Hernandez Monge Santiago,Esc. Joaquin Garcia Monge,1444,3
493871,16,Ellis Arrieta Santiago,Escuela Jenaro Bonilla A.,1423,3
493871,17,Arce Duran Justin Joel,Codea,1416,3
493871,18,Palacios Largaespada Francisco,Escuela San Rafael de Santa Ana,1400,3
493871,19,Corrales Solano Kenneth Daniel,Escuela Abraham Lincoln,1400,3
493871,20,Alfaro Molina Daniel,Colegio Santa Ana,1405,3
493871,21,Lopez Mejia Engels Augusto,Escuela Jose de San Martin,1400,3
493871,22,Medina Mayorga Raquel,Escuela Pacto del Jocote,1460,2.5
493871,23,Bolanos Duran Gabriela,LPDV,1425,2
493871,24,Nunez Vargas Medelyn Nicole,Escuela Cecilio Lindo,1486,2
493871,25,Morera Castro Juan David,Horizontes,,1
493871,26,Leiton Rivas Mariana,Escuela Republica Dominicana,,0
493872,1,Monge Ramirez Abigail,Monseñor Clodoveo,1604,6.5
493872,2,Mora Fallas Julian,Escuela Martin Mora Rojas,1575,5
493872,3,Calvo Alfaro Kendall,Escuela el Roble,1438,5
493872,4,Camacho Valerio Mauro,Escuela David Gonzalez,1461,4.5
493872,5,Urbano Murillo Antonio,Colegio Marista,1524,4.5
493872,6,Cubillo Duran Aaron,Escuela los Pinos,1551,4.5
493872,7,Ocampo Nunez Jose Fabian,Escuela Pacto del Jocote,1534,4
493872,8,Serrasin Fonseca Roberth,Escuela Ricardo Fernandez Guardia,1488,4
493872,9,Millape Chaves Naomi,Escuela Pacto del Jocote,1426,3.5
493872,10,Barrantes Granados Ian Daniel,Escuela Santa Marta,1462,3
493872,11,Arguello Alvarado Gael,Escuela Central de Atenas,1400,3
493872,12,Lobo Meneses Andrea Alejandra,Escuela Pacto del Jocote,1602,3
493872,13,Cadena Diaz Ivannia,Colegio Marista,1440,3
493872,14,Valverde Pasos Meredith Aliza,Escuela Pavones Turrialba,1439,3
493872,15,Castillo Aragon Jeremy Joshua,Escuela Jose de San Martin,1400,3
493872,16,Lobo Castro Isaac Alfonso,Escuela Pacto del Jocote,1487,2
493872,17,Bermudez Hernandez Amanda,Escuela Ascension Esquivel,1400,0.5
493873,1,Fuentes Solano Nahum Alfonso,Colegio Metodista,1653,6
493873,2,Vargas Solano Aaron,Colegio Marista,1676,5
493873,3,Alvarez Ugalde Isaac,CTP Pococi,1696,4.5
493873,4,Castillo Mena Carlos Mario,Liceo Unesco,1569,4.5
493873,5,Quesada Fallas Esteban,LEB Grecia,1597,4.5
493873,6,Sandi Quiros Deborah,Colegio Redentorista San Alfonso,1796,4.5
493873,7,Ruiz Alfaro Darrel,Liceo Ciudad Colon,1743,4
493873,8,Leon Cubero Anthony,Colegio Gregorio Jose Ramirez,1562,4
493873,9,Hernandez Loria Maria Valeria,Saint John,1436,3.5
493873,10,Hernandez Loria Maria Jimena,Saint John,1515,3.5
493873,11,Bastidas Lopez Juan Andres,,1430,3
493873,12,Udiz Puerta Layneth Albani,Liceo de Santa Ana,1400,3
493873,13,Corrales Solano Keybell,Liceo de Alajuelita,1423,3
493873,14,Jimenez Valverde Bruno Esteban,CIT,1400,3
493873,15,Mora Chavarria Sebastian,UP Jose Rafael Araya,1700,2
493873,16,Marcelo Corrales Alejandro,CIT,,2
493873,17,Murillo Gonzalez Fernanda,Liceo Teodoro Picado,1400,1
493874,1,Rojas Arias Sebastian,LEB Grecia,1804,6
493874,2,Huaman Bengoa Valeska Priscilla,Colegio Santa Ana,1670,5.5
493874,3,Lopez Bustos David,Colegio Redentoristas San Alfonso,1700,5.5
493874,4,Frater Gonzalez Gabriel,Colegio Los Angeles,1846,4
493874,5,Jimenez Jimenez Alesson,CTP Invu las Cañas,1492,3
493874,6,Jimenez Fonseca Allan,CTP La Suiza Turrialba,,2
493874,7,Hernandez Cruz Jose Luis,Marista,,2
493874,8,Villalobos Venegas Sebastian,Colegio El Roble,1455,0
493875,1,Cabezas Solano David Alejandro,Colegio Omar Salazar Obando,2048,7
493875,2,Pastor Carvajal Jeigoth,Liceo Teodoro Picado,1976,6
493875,3,Meza Vega Jose Antonio,Colegio Seráfico San Francisco,1810,5
493875,4,Barquero Alfaro Alejandro,Colegio Gregorio Jose Ramirez,1723,4.5
493875,5,Angulo Hernandez Maria Jesus,Redentoristas San Alfonso,1879,4
493875,6,Hernandez Brenes Keylor,Liceo Monsenor Ruben Odio Herrera,1622,4
493875,7,Toval Lazo Duhardy,Liceo San Miguel,,4
493875,8,Rodriguez Nunez Diana,Colegio Gregorio Jose Ramirez,1529,4
493875,9,Orozco Centeno Mariana,Pacto del Jocote,1640,3.5
493875,10,Navarrete Badilla Myckel,Instituto de Guanacaste,1772,3
493875,11,Benavides Ordonez Melany,Pacto del Jocote,1552,3
493875,12,Vergara Marin Luis Elias,Liceo de Heredia,1471,3
493875,13,Adanis Mora Naomy,Pacto del Jocote,1665,3
493875,14,Perez Cordero Josue Fernando,Colegio Tecnico Profesional de Alaj,1588,2.5
493875,15,Matamoros Canales Pablo,Liceo de Heredia,1400,2.5
493875,16,Chaves Olaso Axel Andrey,Liceo Teodoro Picado,1691,2
493875,17,Padilla Saimond,Liceo San Miguel,,2
493875,18,Morera Castro Luis Mariano,Horizontes,,0
493877,1,Porras Chavarria Michael,Pacto del Jocote,1757,5.5
493877,2,Blanco Gonzalez Justin Jesus,Colegio Mata Platano,1787,5
493877,4,Villegas Rodriguez Jeremy,Teodoro Picado,1858,5
493877,5,Valverde Mora Mauricio,Colegio Redentorista,1867,5
493877,6,Cordoba Camacho Josue,Colegio Mata Platano,1444,4.5
493877,7,Arias Gomez Luis Alfredo,Colegio Redentorista,1640,4
493877,8,Leon Cubero Brandon,Colegio Gregorio Jose Ramirez,1794,4
493877,9,Medina Mayorga David Josue,Colegio Cientifico Alajuela,1746,4
493877,10,Cubero Moreno Nayeli,Pacto del Jocote,1585,4
493877,11,Guerrero Jimenez Luis Fernando,Colegio Gregorio Jose Ramirez,1434,3.5
493877,12,Brenes Benavides Delianny,CTP Jesus Ocaña,1692,3.5
493877,13,Chacon Sanabria Carlos Josue,Colegio IET Turrialba,1617,3.5
493877,14,Lobo Meneses Natalia,Colegio Gregorio Jose Ramirez,1732,3
493877,15,Rios Hernandez Brandon,Colegio Vocacional Monseñor Sanabri,1565,3
493877,16,Avila Apu Jose Pablo,Saint John,1436,3
493877,17,Quesada Moreno Ian,Instituto de Alajuela,,3
493877,18,Guzman Hidalgo Nicolas,Saint Jude,1798,2.5
493877,19,Badilla Calvo Christopher,IPEC Heredia,1400,2
493877,20,Castro Brenes Danny Adrian,Regional de Flores,1548,2
493877,21,Hurtado Anguizola Kendall,CTP San Sebastian,1400,2
493877,22,Mora Fallas Maria Laura,Liceo de Frailes,,0
629948,1,Cerdas Amador Matias,,,6
629948,2,Aguire Castillo Ian,,,5
629948,3,Urena Campos Matias,,,3.5
629948,4,Moroney Sole Luis Ricardo,,,3
629948,5,Quesada Salazar Luis Sergio,,,2
629948,6,Brenes Canales Jeancarlo,,,1
629948,7,Cabrera Novo Marcos Sebastian,,,0.5
629949,1,Cruz Flores Anna Lucia,,,2
629949,2,Bustos Montoya Mariangel,,,1
629949,3,Jimenez Abarca Aydin,,,0
629950,1,Samper Porras David,,1448,6
629950,2,Castillo Chavarria Sebastian,,1547,5
629950,3,Aguilar Obando Tomas,,1414,3.5
629950,4,Chaves Morales Jeyco Fabian,,1404,2.5
629950,5,Gonzalez Mejias Adrian Mattias,,1400,2
629950,6,Chaves Alfaro Gerardo,,1400,2
629950,8,Quiroz Quintanilla Josue Abraham,,1400,1
629950,9,Segura Vargas Emerson Elias,,1400,0
634194,1,Carrillo Quiros Frederick A,,,3.5
634194,2,Mora Chavez Jayckel,,,3
634194,3,Navarro Miranda Geison,,,1.5
634194,4,Castillo Porras Leonardo,,,1
634194,5,Rodriguez Paris Alejandro,,,1
634197,1,Chaves Solis Sofia,,,3.5
634197,2,Matarrita Sanchez Taisha,,,1.5
634197,3,Valverde Mora Macy,,,1
634204,1,Charpentier Badilla Ian,,,6
634204,2,Navarro Hernadez Endrick,,,3
634204,3,Hernandez Vargas Steff,,,2.5
634204,4,Monge Pimentel Andrey,,,0.5
634219,1,Irola Araya Camila,,,2.5
634219,2,Villalobos Torres Fabiola,,,2
634219,3,Escobar Castro Monserat,,,1.5
641690,1,Luciana Zamar Suarez Alvarez,Mariano Cortés,,2
641690,2,Luciana Coto Quiros,Jorge Debravo,,1
641690,3,Naylin Del Milagro Campos San Gil,Eduardo Peralta,,0
641691,1,Deykel Bernal Fuentes Mora,Las Américas,,5
641691,2,Moises David Porras Aguilar,Rodolfo Herzog,,3.5
641691,3,María Paula Sanabria Bermúdez,Cecilio Lindo,,3
641691,5,Evan Saul Medina Sanchez,Jenaro Bonilla,,2.5
641691,8,Ismael Meléndez Sánchez,Cecilio Lindo,,2
641691,11,Sofia Daniela Sanchez Bastos,Mariano Cortes,,1.5
641691,12,Mattias Julian Sancho Lopez,Santa Rosa,,0.5
641691,13,Joshua David Obando Serrano,El Carmen,,0
641692,1,David Alonso Núñez Castro,Mariano Cortes,,
641692,1,Kevin Gabriel Salazar Segura,Mariano Cortes,,
641692,1,Luis Alejandro Vargas Jara,Mariano Cortes,,
641692,1,Luis Gabriel Amador Mora,Mariano Cortes,,
641692,2,Donovan Jamienson Mora,Jorge Debravo,,
641692,2,Isai Mateo Díaz Mora,Jorge Debravo,,
641692,2,Liam Sebastian Moore Zelada,Jorge Debravo,,
641692,2,Matías Jesús Sánchez Sáenz,Jorge Debravo,,
641693,1,Jose Daniel Trejos Chacon,Mariano Cortes,,
641693,1,Mathias Bernal Jimenez Gamboa,Mariano Cortes,,
641693,1,Paul Josue Solano Alvarado,Mariano Cortes,,
641693,1,Santiago De Los Angeles Villalob,Mariano Cortes,,
641693,2,Mattias Fonseca Arce,Jorge Debravo,,
641693,2,Paulo De Los Angeles Araya Salaz,Jorge Debravo,,
641693,2,Santiago Jimenez Valverde,Jorge Debravo,,
641693,2,Vincent Joel Paniagua Brenes,Jorge Debravo,,
642078,1,Ignacio Barrantes Merayo,LEBT,,3
642078,2,John David Mora Urtecho,CTP La Suiza,,2
642078,3,Diego Alonso Fernández León,IET,,0.5
642080,1,Meredith Aliza Valverde Pasos,CTP Suiza,,3
642080,2,Luis Dayron Corrales Obando,Hernán Vargas,,2
642080,3,Sebastián Esteban Centeno Brenes,LEBT,,1
642080,4,Abigail Castro Fonseca,LEBT,,0
642081,1,María Daniela Araya Hernández,LEBT,,2
642081,2,Gimena Cordero Fernández,Hernán Vargas,,2
642081,3,Alana Fallas Calvo,LEBT,,2
642081,4,Nicole Esquivel Nelson,LEBT,,0
642086,1,Marco Esteban Pérez Ramos,LEBT,,
642086,1,María Paula Quesada Montenegro,LEBT,,
642086,1,Medelyn Nicole Núñez Vargas,LEBT,,
642086,1,Santiago Ellis Arrieta,LEBT,,
642086,2,Aalya Jamienson Mora,Jorge Debravo,,
642086,2,Felipe Rojas Barboza,Jorge Debravo,,
642086,2,Rodrigo Picado Martínez,Jorge Debravo,,
642086,2,Sara Rosales Petersen,Jorge Debravo,,
642087,1,Alina Quesada Méndez,Jorge Debravo,,
642087,1,Cesar Andrés Rojas Vargas,Jorge Debravo,,
642087,1,Sigifredo Gerardo Brenes Matarri,Jorge Debravo,,
642087,1,Sofía Valeria Granados Arguedas,Jorge Debravo,,
642087,1,Wanda Jamienson Mora,Jorge Debravo,,
642087,2,Eddy Jesús Loaiza Montenegro,Hernan Vargas,,
642087,2,Erick David Solano Torres,Hernan Vargas,,
642087,2,Estefany Pamela Masis Aguilar,Hernan Vargas,,
642087,2,Jean Carlo Serrano Rodríguez,Hernan Vargas,,
787132,1,"Gamboa Ruiz, Santiago",,,5
787132,2,"Arley Gomez, Dorian",,,5
787132,3,"Vargas Munoz, Jose Mauricio",,,4
787132,4,"Guevara Vargas, Alondra",,,3.5
787132,5,"Galeano Viquez, Fabian",,,3
787132,6,"Navarro Alvarado, Fabricio",,,3
787132,7,"Solis, Ethan",,,3
787132,8,"Gonzalez Sanchez, Fabian",,,3
787132,9,"Lopez Bendana, Linsey",,,2.5
787132,10,"Alvarado, Caleth",,,2.5
787132,11,"Garcia Delgado, Marina",,,2
787132,12,"Obando Narvaez, Jose Andres",,,1.5
787132,13,"Zambrana Salinas, Roberto",,,1.5
787132,14,"Trejos Miranda, Maria Paz",,,0.5
787132,15,"Gonzalez Avendano, Sebastian",,,0
787136,1,"Redondo, Jorge",,,7
787136,2,"Ruiz Montalban, Ashley",,,4.5
787136,3,"Martinez, Kendall",,,4
787136,4,"Acuna Ramirez, Franco",,,4
787136,5,"Buitrago, Fidel",,,3
787136,6,"Avila Mendoza, Roberth",,,2.5
787136,7,"Blandon, Reychel",,,1
787136,8,"Chavarria Rodrigurz, Derek",,,0
812799,1,"Barrientos Mojica, Christian Jafeth",Liceo Finca Naranjo,,
812799,1,"Carrillo Valverde, Jose Antonio",Liceo Finca Naranjo,,
812799,1,"Hernandez Aguilar, Yeison",Liceo Finca Naranjo,,
812799,1,"Rodriguez Palma, Osmar",Liceo Finca Naranjo,,
812799,2,"Quiros Blanco, Josue Ignacio",Liceo de Agua Buena,,
812799,2,"Vargas Arguedas, Jocksuel",Liceo de Agua Buena,,
812799,2,"Vega Villegas, Jorge Jose",Liceo de Agua Buena,,
812799,2,"Zuniga Fallas, Kennth Alonso",Liceo de Agua Buena,,
812799,2,"Zuniga Solis, Brayan Jesus",Liceo de Agua Buena,,
812803,1,"Abarca Montero, Ivan Jose",Liceo de Ciudad Neily,,
812803,1,"Blanco Rojas, Johan Emanuel",Liceo de Ciudad Neily,,
812803,1,"Bonilla Arauz, Yadier",Liceo de Ciudad Neily,,
812803,1,"Jarquin Rosales, Luis Gabriel",Liceo de Ciudad Neily,,
812803,2,"Lopez Granda, Aaron",Liceo Finca Naranjo,,
812803,2,"Rodriguez Valverde, Petter Samuel",Liceo Finca Naranjo,,
812803,2,"Romero Vargas, Harby Alonso",Liceo Finca Naranjo,,
812803,2,"Valdelomar Jimenez, Lazaro",Liceo Finca Naranjo,,
814963,1,"Arrieta Vasquez, Mariana",Liceo de Naranjo,1426,2
814963,2,"Sanchez Sanchez, Karen Eliza",CTP Calle Zamora,,1
814963,3,"Alfaro Fernandez, Ana Maria",CTP Zarcero,1420,0
814964,1,"Arguello Alvarado, Gael",Liceo de Palmares,1610,4.5
814964,3,"Bonilla Perez, Santiago Jose",Liceo de Naranjo,1421,3
814964,4,"Estrada Rodriguez, Hendrik",Liceo de Naranjo,1469,3
814964,5,"Rojas Ramirez, Eytan Caleb",CTP Piedades Sur,,2
814964,6,"Araya Venegas, Santiago",Liceo de Palmares,,1
815161,1,"Saborio Valverde, Johanna",El Cruce,1400,2
815161,2,"Alfaro Ruiz, Danna Isabella",Santiago Crespo Calvo,1400,1
815161,3,"Nunez Robles, Maryanne",Bilingue San Ramon,,0
815281,1,"Bejarano Tames, Michael Andres",Santiago Crespo,1579,5
815281,2,"Solano Garcia, Wesley Alejandro",Jose Joaquin Salas,1467,4
815281,3,"Gonzalez Alpizar, Franco",Jose Joaquin Salas,1400,3
815281,4,"Henao Quesada, Samuel Yirald",Juan José Valverde Madrigal,1407,3
815281,5,"Rivera Leiva, Joan",Santiago Crespo,1489,2
815281,7,"Moya Moya, Derek Uriel",Manuel Quesada Bastos,,2
815281,8,"Quiros Porras, Emmanuel",Republica de Colombia,1400,1
815281,9,"Rodriguez Varela, Dylan Javier",Republica de Colombia,1400,0
815484,1,"Morales Palma, Ian Adrian",El Cruce,1400,4
815484,2,"Fumero Rodriguez, Fabian",Jose Joaquin Salas Perez,,3
815484,3,"Perez Araya, Julian",Bilingüe SR,,2
815484,4,"Hernandez Jimenez, Andrick Abdiel",Santiago Crespo,,1
815484,5,"Rosales Barboza, Xavier Gerard",Santiago Crespo,,0
815489,1,"Carranza Gutierrez, Sara Nicole",Pbro Venancio de Oña Martinez,,3
815489,2,"Alvarez Lizano, Emma",Bilingue San Ramón,,2
815489,3,"Arevalo Carranza, Alejandra Camila",Santiago Crespo Calvo,,1
815489,4,"Paz Sandoval, Valeria",Santiago Crespo Calvo,,0
815638,1,"Barboza Viquez, Martin Eduardo",,,8.5
815638,2,"Caicedo Rios, Layla Yasmira",,,6.5
815638,3,"Kushinakajo, Theo",,,6
815638,4,"Rosales Rodriguez, Isaac Israel",,,5.5
815638,5,"Campos Gonzalez, Gabriel",,,5.5
815638,6,"Rojas Vindas, Emmanuel De Jesus",,,5.5
815638,7,"Barrantes Granados, Ian Daniel",,,5
815638,8,"Diaz Charpentier, Ashly Valeria",,,5
815638,9,"Lobo Jimenez, Marielys Judith",,,4.5
815638,10,"Alfaro Salas, Jeison",,,3.5
815638,11,"Bermudez Hernandez, Amanda",,,3
815638,12,"Venegas Sandoval, Ariana",,,3
815638,13,"Quesada Calvo, Esteban Santiago",,,3
815638,14,"Sanchez Zheng, Ronny",,,3
815638,15,"Alvarez Alvarez, Ana Jimena",,,3
815638,16,"Arrieta Vasquez, Mariana",,,1.5
815639,1,"Lizano Quiros, Matias Haziel",Ccdr Curridabat,,8.5
815639,2,"Ramirez Aguilar, Julian Jose",Goicoechea,,7.5
815639,3,"Cossio Carvajal, Bruno",San Jose,,7
815639,4,"Valverde Herrera, Jose Daniel",Ccdr Escazu,,5.5
815639,5,"Gonzalez Ramos, Andres",Codea,,5.5
815639,6,"Jimenez Santamaria, Jose Daniel",Ccdr Heredia,,5
815639,7,"Hernandez Perez, Javier Francisco",Ccdr Escazu,,4.5
815639,8,"Salazar Delgado, Aylin Naomi",San Jose,,4.5
815639,9,"Jara Madrigal, Ximena",Ccdr Curridabat,,4
815639,10,"Rivera Gutierrez, Geannina Isabela",Liberia,,4
815639,11,"Alvarado Machado, E. Daniela",Ccdr Cartago,,4
815639,12,"Reinhard Moller, Gustavo",,,4
815639,13,"Estrada Rodriguez, Hendrik",Naranjo,,4
815639,14,"Ugalde Chaves, Carlo Cesar",Naranjo,,3.5
815639,15,"Jimenez Valverde, Benjamin Isaac",Belen,,3
815639,16,"Arrieta Vasquez, Jostin Andrey",Naranjo,,3
815639,17,"Rivera Leiva, Hans",Naranjo,,2.5
815639,18,"Rojas Cascante, Derek",Ccdr Tibas,,2
815639,19,"Semana Ramirez, Brenda",Goicoechea,,0
815642,1,"Simo Paulino, Leonardo Michael",,,9
815642,2,"Castillo Romero, Jasmany Shallom",,,7
815642,3,"Solano Arias, Saul",,,6.5
815642,4,"Garcia Rojas, Estefania",,,6
815642,5,"Castiblanco Cardenas, Camilo",,,6
815642,6,"Campos Munoz, Nahum Gabriel",,,5.5
815642,7,"Bejarano Tames, Michael Andres",,,5.5
815642,8,"Oviedo Rocha, Mateo Javier",,,5
815642,9,"Solis Rojas, Jose Pablo",,,5
815642,10,"Loria Molina, Sofia",,,5
815642,11,"Soto Sanchez, Eduardo",,,5
815642,12,"Jimenez Gamboa, Diego",,,5
815642,13,"Kitaeff Mattison, Andres Constantin",,,5
815642,14,"Vallarino Guizado, Lucas",,,4.5
815642,15,"Chacon Barboza, Carlos Humberto",,,4.5
815642,16,"De Hermoso Jovane, Juan Pablo",,,4.5
815642,17,"Reinhard Moller, Kerstin Danielle",,,4
815642,18,"Villegas Robles, Tomas",,,4
815642,19,"Hernandez Jimenez, Tania Isabel",,,4
815642,20,"Jimenez Rivas, Matias Enrique",,,4
815642,21,"Herrera Carmona, Jhoel",,,4
815642,22,"Laurencena Lopez, Gustavo Adrian",,,3.5
815642,23,"Arauz Morales, Victor Ivan",,,3.5
815642,24,"Flores Elizondo, Mathias",,,3
815642,25,"Garcia Fajardo, Samuel",,,2.5
815642,26,"Salazar Espinoza, Mauricio",,,2.5
815642,27,"Charpentier Badilla, Ian Sebastian",,,2.5
815642,28,"Araya Roman, Felipe Antonio",,,2
815642,29,"Salas Chinchilla, Mariangel",,,0.5
815642,30,"Caceres Giron, Moises",,,0
815643,1,"Mayorga Araya, Larissa",,,8.5
815643,2,"Garcia Chan, Pablo",,,8
815643,3,"Reinhard Moller, Friedrich Stefan",,,6
815643,4,"Vallarino Guizado, Ernesto",,,5.5
815643,5,"Gomez Rodriguez, Santiago A",,,5.5
815643,6,"Delgado Arroyo, Brithany Natasha",,,5.5
815643,7,"Leiva Coto, Isaac Antonio",,,5
815643,8,"Fernandez Mayorga, Elena",,,5
815643,9,"Giachino, Lucas",,,4.5
815643,10,"Orna Chaves, David Gabriel",,,4.5
815643,11,"Romero Pereira, Thomas David",,,4.5
815643,12,"Simo Paulino, Jean Michael",,,4.5
815643,13,"Antinori Rodriguez, Giuseppe Umberto",,,4
815643,14,"Orna Chaves, Alejandro Jesus",,,4
815643,15,"Vegas Vasquez, Diego Andres",,,4
815643,16,"Soto Brenes, Thiago Benjamin",,,3
815643,17,"Serrano Fonseca, Rachel Nicole",,,3
815643,18,"Corrales Corrales, Ana Maria",,,3
815643,19,"Navarro Torres, Juan David",,,2
815643,20,"Caceres Giron, Angielo",,,0
815644,1,"Berzosa Madriz, Hector Julian",,,7
815644,2,"Alfaro Matamoros, Andres",,,5
815644,3,"Garcia Kasahara, Aimi",,,5
815644,4,"Diamond, Remington",,,5
815644,5,"Romero Gomez, Jose",,,4
815644,6,"Cebrian Castillo, Justo Gabriel",,,4
815644,7,"Herrera Cordoba, Cala",,,2
815644,8,"Lara Barcia, Novak Andrei",,,2
815644,9,"Corrales Corrales, Fidel",,,2
815657,1,"Madrigal Aguero, Jose Gafeth",LICEO FINCA NARANJO,,3
815657,2,"Dominguez Avilez, Kendal David",LICEO FINCA NARANJO,,3
815657,3,"Bejarano Bejarano, Anaztacio",C.T.P. HUMBERTO MELLONI CAMPAN,,2
815657,4,"Mora Arias, Pablo Andres",C.T.P. DE GUAYCARA,1400,2
815657,5,"Santamaria, Myckel",Liceo Finca Naranjo,,0
815658,1,"Rivera Hernandez, Zirel",LICEO DE CIUDAD NEILLY,,3
815658,2,"Ortega Munoz, Xenia Fabiana",C.T.P. DE SABALITO,,2
815658,3,"Cortes Duarte, Alisson Dariana",C.T.P. HUMBERTO MELLONI CAMPAN,,1
815658,4,"Calderon Jimenez, Nayelit Cristina",C.T.P. CARLOS ML. VICENTE C.,1400,0
815659,1,"Sandi Ulate, Ariana",Liceo Bilingue Italo Costarricense,,2
815659,2,"Chavez Miranda, Aleska",Liceo Finca Naranjo,,0
815661,1,"Torres Rodriguez, Daniel Iosev",LICEO DE CIUDAD NEILLY,,4.5
815661,2,"Mora Rojas, Adam Alonso",C.T.P. CARLOS ML. VICENTE C.,1400,4.5
815661,3,"Hocke Suarez, Gabriel Guillermo",C.T.P. DE SABALITO,,3.5
815661,4,"Solano Barquero, Jose Pablo",C.T.P. DE GUAYCARA,1400,3
815661,5,"Vindas Guillen, Alexander",C.T.P. HUMBERTO MELLONI CAMPAN,,2.5
815661,6,"Trejos Garro, Yarek",Guaycara,,2
815661,7,"Picado Montero, Leyfdan Daryan",C.T.P. CARLOS ML. VICENTE C.,,2
815661,8,"Rojas Guzman, Esteban Jesus",C.T.P. DE PUERTO JIMENEZ,1400,2
815661,9,"Solis Mejias, Neitan Isaac",C.T.P. HUMBERTO MELLONI CAMPAN,,1.5
815661,10,"Salazar Requeno, Acner Javier",C.T.P. HUMBERTO MELLONI CAMPAN,,0.5
815661,11,"Bonilla Arauz, Yadier Mauricio",LICEO DE CIUDAD NEILLY,,0
815662,1,"Seas Alvarez, Jordan Leonardo",C.T.P. DE GUAYCARA,1440,4
815662,2,"Gutierrez Umana, Jostyn Steef",C.T.P. CARLOS ML. VICENTE C.,,4
815662,3,"Rodriguez Gorgona, Gabriel Jose",LICEO DE CIUDAD NEILLY,,4
815662,4,"Zuniga Viquez, Jousser Esteban",C.T.P. HUMBERTO MELLONI CAMPAN,1400,4
815662,5,"Rojas Alvarez, Oscar Mario",LICEO DE CIUDAD NEILLY,,4
815662,6,"Cordero Cortes, Anderson",LICEO DE AGUA BUENA,1414,3
815662,7,"Alvarado Acosta, Andrey Fabricio",LICEO DE CIUDAD NEILLY,1400,3
815662,9,"Lopez Badilla, Jeshua Mauricio",C.T.P. HUMBERTO MELLONI CAMPAN,,3
815662,11,"Vindas Fuentes, Marcos Adriano",C.T.P. DE PUERTO JIMENEZ,,2
815662,12,"Degracia Santos, Nelson",C.T.P. DE PUERTO JIMENEZ,,2
815662,13,"Mora Corderon, Randall Josue",C.T.P. DE GUAYCARA,,2
815662,14,"Fernandez Ferreto, Luis Jareth",Colegio Madre del Divino Pastor de,,2
815662,15,"Sandi Chinchilla, Keylor Andres",C.T.P. DE GUAYCARA,1400,2
815662,17,"Marin Jimenez, Neiger Orlando",Colegio Madre del Divino Pastor de,,1
815662,18,"Guevara Badilla, Jeferson Antonio",C.T.P. HUMBERTO MELLONI CAMPAN,,1
815662,19,"Matamoros Vargas, Max Andres",Colegio Madre del Divino Pastor de,,1
815662,20,"Chaves Parra, Kenny Antuan",LICEO FINCA NARANJO,,0
818783,1,"Chavarria Troya, Keytleen Denis",,1475,8
818783,2,"Campos Munoz, Valentina",Ccdr Montes De Oca,1320,8
818783,3,"Cruz Quintanilla, Marianela",,1298,5.5
818783,4,"Gonzalez Aguero, Julian",Ccdr Cartago,1284,5.5
818783,5,"Alvarado Machado, Bryan Alberto",Ccdr Cartago,1316,5.5
818783,6,"Moya Cabrera, Mathias Bernardo",Pococi,,5
818783,7,"Soto Sanchez, Alejandro",Goicoechea,,5
818783,8,"Castro Campos, Alana Patricia",San Jose,,5
818783,9,"Solis Alvarado, Abigail",Belen,,4.5
818783,10,"Rojas Mora, Elena",Ccdr San Ramon,1013,4.5
818783,11,"Chavez Rodriguez, Jose Edwin",Ccdr Escazu,1088,4
818783,12,"Miranda Barrientos, Gabriel",,,4
818783,13,"Alvarez Gonzalez, Cristopher",Puriscal,,4
818783,14,"Vargas Abadia, Adrian",Ccdr Escazu,,4
818783,15,"Elizondo Zumbado, Mauricio Jose",Puriscal,,4
818783,16,"Hernandez Zuniga, Julian",San Jose,,3.5
818783,17,"Barboza Viquez, Angelica",Codea,,3
818783,18,"Rivera Leiva, Joan",Naranjo,,3
818783,19,"Jimenez Abarca, Valeria Andrea",Ccdr Escazu,,2
818783,20,"Valverde Herrera, Ana Laura",Ccdr Escazu,,2
818783,21,"Giraldo Cortes, Cristobal",,1407,0
821944,1,Hector Julian Berzosa Madriz,Gsd,,7
821944,2,Marcelo Emanuel Viera Jara,Bernardo Soto Alfaro,,5
821944,3,Benjamin Corrales Arias,Saint Francis,,5
821944,4,Gabriel Gonzalez Arguedas,Escuela Timoleón Morera,,5
821944,5,Ignacio Rodriguez Vargas,Saint Paul,,5
821944,6,Ismael Gonzalez Salas,Saint Francis,,3
821944,7,Ignacio Gonzalez Ramirez,Gsd,,3
821944,8,Mariano Vindas Salazar,Gsd,,2
821944,9,Emanuel Solano Pereira,Saint Francis,,1
821944,10,Yeiden Alfaro Sanchez,Escuela Gabriela Mistral,,0
821944,11,Mathia Lorenzo Navarra Alvarez,Gsd,,0
821950,1,Larissa Mayorga Araya,Escuela Pacto Del Jocote,,7
821950,2,Brithany Delgado Arroyo,Escuela Juan Rafael Meoño,,6
821950,3,Maria Celeste Arias Rodriguez,Escuela Juan Arrieta,,4
821950,4,Fabiana Guell Nuñez,Escuela Timoleón Morera,,4
821950,5,Maria Paula Mora Guzman,Saint Francis,,3
821950,6,Fabiana Biarreta Portillo,Escuela Jesús Ocaña,,2
821950,7,Emma Araya Ugalde,Saint Francis,,2
821951,1,Christopher Mock Hegg,Centro Educativo Horizontes,,6.5
821951,2,Felipe Gonzalez Arguedas,Escuela Timoleón Morera,,6
821951,3,Emanuel Alvarez Ramirez,Pacto Del Jocote,,6
821951,4,Samuel Venegas Castillo,Escuela Víctor Arguello,,5.5
821951,5,Jared Saul Fermnadez Alvarado,Escuela Republica Guatemala,,5
821951,6,Nahum Campos Muñoz,Escuela Jesús Ocaña,,5
821951,7,Isaac Bejarano Villalobos,Escuela Turrucares,,5
821951,8,Jhoel Hererra Carmona,Escuela Pedro Aguirre,,4.5
821951,9,Fabio Gagliano Gavidia,Centro Educativo Horizontes,,4.5
821951,10,Emiliano De La Hoz Aguirre,Saint Paul College,,4.5
821951,11,Mateo Herrera Prendas,Escuela Gabriela Mistral,,4
821951,12,Joshua Vargas Artavia,Escuela Alfredo Gómez,,4
821951,13,Agustín Rodriguez Vargas,Saint Paul College,,4
821951,14,Jeyko Matarrita Masis,Escuela Ascensión Esquivel,,4
821951,15,Emiliano Rodriguez Muñoz,Escuela Autumn Miller,,4
821951,16,Frank Madrigal Bolaños,Escuela Ascensión Esquivel,,4
821951,17,Aaron Morera Garita,Sistema Educativo Santa Fe,,4
821951,18,Xavier Montero Chaves,Colegio Marista,,4
821951,19,Matias Rodríguez Zuñiga,Escuela Villa Bonita,,3.5
821951,20,Jariath Peraza Lara,Sistema Educativo Santa Fe,,3.5
821951,21,Felipe Vargas Murillo,Sistema Educativo Santa Fe,,3.5
821951,22,Santiago Arce Angulo,Escuela Enrique Pinto,,3.5
821951,23,Jacksuan Lara Araya,Sistema Educativo Santa Fe,,3
821951,24,Josue David Campos Morales,Escuela Silvestre Rojas,,3
821951,25,Matias Eduardo Perez Varela,Escuela Miguel Obregón,,3
821951,26,Elian Botris Mena,Escuela Silvia Montero,,3
821951,27,Luis Antonio Venegas Cordoba,Escuela Enrique Pinto,,3
821951,28,Esteban Viquez Rodriguez,Pacto Del Jocote,,3
821951,29,Tiago Ledezma Lara,Sistema Educativo Santa Fe,,3
821951,30,Luis Solis Carballo,Escuela Enrique Pinto,,2.5
821951,31,Aaron Josue Carbajal Zapata,Escuela Miguel Obregón,,2.5
821951,32,Foncesa Cordero Matias,Gabriela Mistral,,2.5
821951,33,Julian Fernandez Herrera,Escuela León Cortes,,2
821951,34,Alex Josue Paisano Potoy,Escuela Enrique Pinto,,2
821951,35,Luis Fabian Alonso Hernandez,Escuela Jesús Ocaña,,2
821951,36,Santiago Chinchilla Espinoza,Escuela Republica Guatemala,,2
821951,37,Gael Murillo Herrera,Saint John,,2
821951,38,Matias Mesen Araya,Escuela José De San Martín,,2
821951,39,Isaac Rodríguez Mejias,Saint John,,1
821951,40,Santiago Castillo Jimenez,Escuela Gabriela Mistral,,0
821952,1,Samantha Solis Barrantes,Centro Educativo La Trinidad,,7
821952,2,Michella Jimenez Solera,Escuela Manuela Santamaría,,5.5
821952,3,Ezly Mena Paz,Escuela Republica Guatemala,,5
821952,4,Angelica Barboza Viquez,Colegio Santa Teresa,,4.5
821952,5,Eliana Gonzalez Calvo,Saint Francis,,4
821952,6,Scarleth Villalta Mesen,Escuela Jesús Ocaña,,4
821952,7,Aixa Mar Sevilla Suarez,Escuela Miguel Obregón,,4
821952,8,Danna Paola Hernandez Valverde,Escuela Enrique Pinto,,4
821952,9,Sharon Niebles Pacheco,Escuela Miguel Obregón,,3.5
821952,10,Yubixi Arias Urbina,Escuela Silvestre Rojas,,3.5
821952,11,Keissy Melissa Serrano Campos,Escuela Eulogia Ruiz,,3
821952,12,Arianna María Midence Cortes,Saint John,,3
821952,13,Sofia Fernandez Loria,Escuela Gabriela Mistral,,3
821952,14,Zaria Perez Masis,Escuela Gabriela Mistral,,2
821952,15,Lisandra Vargas Diaz,Escuela Gabriela Mistral,,1
821952,16,Zhol Gamez Araya,Escuela Gabriela Mistral,,0
821952,17,Kristel Salas Guzman,Escuela Gabriela Mistral,,0
821955,1,Mateo Cadena Diaz,Colegio Marista,,7
821955,2,Emanuel Porras Marin,Redentorista San Alfonso,,6
821955,3,Isaac Quesada Rodriguez,Redentorista San Alfonso,,5
821955,4,Joshua Chaverri Quesada,Liceo Gregorio José,,5
821955,5,Tomas Gomez Lacayo,San Gerardo,,4
821955,6,Guillermo Soledad Hurtado,Ctp Atenas,,4
821955,7,Jared Espinoza Ramirez,María Vargas Rodríguez,,4
821955,8,Emanuel Orozco Campos,Liceo De Poas,,3.5
821955,9,Julio Wu Hu,Colegio San Rafael Atenas,,3.5
821955,10,Matias Gonzalez Rodriguez,Leb Grecia,,3.5
821955,11,Greivin Ugalde Bermudez,Ctp Atenas,,3.5
821955,12,Dereck Diaz Zumbado,Colegio San Rafael Atenas,,3.5
821955,13,Emiliano Vargas Bonilla,Instituto De Alajuela,,3.5
821955,14,Sebastian Lorenzana Soto,San Gerardo,,3.5
821955,15,Jesus Cascante Murillo,Ctp San Rafael Poas,,3
821955,16,Jeremy Lobo Calvo,Liceo Santa Gertrudis,,2.5
821955,17,Sebastian Arguedas Valerio,Colegio San Rafael Atenas,,2
821955,18,Carlos Gimenez García,Redentorista San Alfonso,,0
821955,19,Emanuel Castro Mendoza,Redentorista San Alfonso,,0
821955,20,Samuel Guillen Brown,Liceo Gregorio José,,0
821955,21,Matias Gomez Fonseca,Redentorista San Alfonso,,0
821955,22,Osmel Baltodano Martínez,Liceo Gregorio José,,0
821955,23,Kelvin Algabas Morales,Redentorista San Alfonso,,0
821956,1,Valentina Campos Muñoz,Redentorista San Alfonso,,7
821956,2,Natalia Agüero Monge,Liceo San Rafael,,6
821956,3,Judea Hause Brenes,Santa Fe Pacific,,4.5
821956,4,Sara Belen Fonseca Davila,Liceo Gregorio José,,4
821956,5,Sofia Arguello Herrera,Horizontes,,4
821956,6,Aythana Andrade Jara,Colegio Marista,,3.5
821956,7,Meredith Fallas Corrales,Liceo Santa Gertrudis,,3
821956,8,Diana Ramirez Gonzalez,Instituto De Alajuela,,2
821956,9,Monserrat Vargas Solis,Liceo Puente Piedra,,1
821956,10,Isis Cruz Valverde,Redentorista San Alfonso,,0
821957,1,Andres Gonzalez Ramos,Redentorista San Alfonso,,6
821957,2,Martin Barboza Viquez,Colegio Santa Teresa,,6
821957,3,Alejandro Goyo Barragan,Ctp Invu Las Cañas,,5.5
821957,4,Jasag Fallas Corrales,Liceo Santa Gertrudis,,5.5
821957,5,Marcelo Lao Alfaro,Leb Grecia,,5
821957,6,Marcelo Murillo Araya,Colegio Santa Teresa,,5
821957,7,Isaac Castillo Cerdas,Horizontes,,5
821957,8,Kendall Hidalgo Cruz,Santa Fe Pacific,,5
821957,9,Cristian Suarez Zamora,Liceo De Carrillos,,4.5
821957,10,Angel Perez Obregon,Liceo De Poas,,4.5
821957,11,Jeremy Castillo Aragon,Liceo San José,,4
821957,12,Josue David Madrigal Borge,Liceo San Rafael,,4
821957,13,Jeremy Vega Silva,Liceo De Poas,,4
821957,14,Joel Mendoza Mujica,Liceo Santa Gertrudis,,4
821957,15,Caylan Ortega Hernandez,Liceo San José,,4
821957,16,Emanuel Jimenez Villalobos,Liceo San José,,4
821957,17,Sebastian Monge Villagra,Ctp San Rafael De Poas,,4
821957,18,Fabian Villalobos Ulate,Marista,,4
821957,19,Miguel Benavides Jimenez,Ctp Carrizal,,4
821957,20,Carlos Sandi Quiros,Liceo San José,,3.5
821957,21,Cesar Ramirez Gonzalez,Instituto De Alajuela,,3.5
821957,22,Sebastián Sandi Villegas,Liceo De Poas,,3.5
821957,23,Gerson Vargas Gomez,Ctp San Rafael De Poas,,3
821957,24,Elian Murillo Castillo,Ctp Bolívar,,3
821957,25,Dereck Porras Mora,Liceo San José,,3
821957,26,Ignacio Gamboa Piña,Santa Fe Pacific,,3
821957,27,Allan Venegas Mendez,Liceo De Carrillos,,3
821957,28,Dylan Venegas Masis,Liceo San José,,3
821957,29,Juan Morera Castro,Horizontes,,3
821957,30,Kendall Ramirez Marin,Ctp Jesús Ocaña,,2.5
821957,31,Sebastian Morera Sandoval,Ctp Atenas,,2.5
821957,32,Luis Anchia Gonzalez,Ctp Santa Eulalia,,2
821957,33,Daniel Lobo Calvo,Liceo Santa Gertrudis,,2
821957,34,Isaac Cardenas Picado,Liceo Poasito,,2
821957,35,Santiago Montalban Elizondo,Liceo Tuetal Norte,,2
821957,36,Daniel Diaz Zumbado,San Rafael Atenas,,2
821957,37,Matias Avila Vargas,Liceo San José,,2
821957,38,Emanuel Murillo Ferrufino,Liceo San José,,1.5
821957,39,Eydan Gonzalez Calvo,Ctp Santa Eulalia,,1
821957,40,Kendall Alpizar Vargas,San Rafael Atenas,,0
821957,41,Isaac Lopez Cerda,Liceo De Poas,,0
821957,42,Dereck Duarte Moreira,Liceo Tuetal Norte,,0
821957,43,Samuel Gonzalez Arias,Redentorista San Alfonso,,0
821958,1,Ana Carolina Chaves Chavarría,Liceo Pacto Del Jocote,,7
821958,2,Maria Valeria Hernandez Loria,Saint John,,6
821958,3,Maria Jimena Hernandez Loria,Saint John,,5
821958,4,Ana Alvarez Alvarez,Instituto De Alajuela,,5
821958,5,Weshly Molina Valverde,Ctp Bolivar,,5
821958,6,Amanda Bermudez Hernández,Redentorista San Alfonso,,4
821958,7,Sol Castillo Goyeneche,Ctp Santa Eulalia,,4
821958,8,Ivannia Cadena Diaz,Marista,,4
821958,9,Angelyn Ramirez Casco,Ctp Santa Eulalia,,4
821958,10,Argerie Arias Artavia,Ctp Carrizal,,4
821958,11,Janoska Jiron Mejia,Liceo De Poas,,3
821958,12,Ana Kemely Rodriguez Hurtado,Liceo San José,,3
821958,13,Sally Calvo Rodríguez,Liceo Puente Piedra,,3
821958,14,Gloriana Agüero Quesada,San Rafael Atenas,,3
821958,15,Natalie Helms Barrantes,Horizontes,,3
821958,16,Allison Helms Barrantes,Horizontes,,3
821958,17,Sofia Marin Meneses,Ctp Jesús Ocaña,,3
821958,18,Valentina Rodriguez Herrera,San Rafael Atenas,,2
821958,19,Reichel Mora Cambronero,Ctp Jesús Ocaña,,1
821958,20,Raquel Seas Castro,Liceo Puente Piedra,,0
821958,21,Maria Jesus Alvarez Castillo,Instituto De Alajuela,,0
821958,22,Fabiola Castro Bolaños,Redentorista San Alfonso,,0
821958,23,Valentina Bejarano Olivares,Santa Fe Pacific,,0
821959,1,Anthony Leon Cubero,Liceo Gregorio José Ramírez,,5.5
821959,2,David Ramos Serrano,Colegio Nocturno Miguel Obregón,,5.5
821959,3,Cristian Alvarado Arias,Ctp Jesús Ocaña,,3
821959,4,Andrey Delgado Jimenez,Ctp Jesús Ocaña,,3
821959,5,Mario Lopez Mejia,Ctp Jesús Ocaña,,3
821959,6,Josue Alfaro Bolaños,Liceo Santa Gertrudis,,2
821959,7,Jonathan Bradley Cederbeg,Liceo Santa Gertrudis,,1
821959,8,Brenes Solis Sebastian,CTP San Rafael de Poas,,1
821959,9,Carlos Arguello Mora,Ctp San Rafael Poas,,0
821960,1,Debora Sandi Quirós,Liceo Redentorista,,2
821960,2,Brittany Rojas Porras,Ctp San Rafael Atenas,,0
822459,1,"Lezcano Martinez, Christopher Noriel",Mauro Fernandez Acuna,,7
822459,2,"Flores Elizondo, Mathias Andres",Republica de Haiti,,6
822459,3,"Chacon Altamirano, Esteban",Cipreses (Curridabat),,5
822459,4,"Sandoval Loaiciga, Aldric",Cipreses (Curridabat),,5
822459,5,"Barrios Torres, Nathaniel Antonio",Republica de Nicaragua,,5
822459,6,"Hernandez Juarez, Jose Andres",Los Pinos,,4.5
822459,7,"Solorzano Henriquez, Russell Zaid",Jose Maria Zeledon Brenes,,4.5
822459,8,"Pena Urena, Eithan Johan",Los Pinos,,4.5
822459,9,"Giangrande McCalla, Ian",Jose Maria Zeledon Brenes,,4
822459,10,"Chacon Altamirano, Andres",Cipreses (Curridabat),,4
822459,11,"Bogantes Morera, Evan Jesus",Los Pinos,,4
822459,12,"Vargas Picado, Sebastian Antonio",Los Pinos,,4
822459,14,"Rojas Oviedo, Jose Andres",Los Pinos,,4
822459,15,"Quiros Cespedes, Saul",Jose Maria Zeledon Brenes,,4
822459,16,"Jimenez Frances, Sebastian Andres",Los Pinos,,3
822459,17,"Campos Vasquez, Gabriel",Jose Maria Zeledon Brenes,,3
822459,19,"Fuentes Alvarado, Josue David",Los Pinos,,3
822459,20,"Freeman Garcia, Emanuel",Los Pinos,,3
822459,21,"Marin Rodriguez, Jeremy",Los Pinos,,3
822459,23,"Lopez Garcia, Isaac",Jose Maria Zeledon Brenes,,3
822459,24,"Abarca Campos, Jared Samuel",Los Pinos,,2.5
822459,25,"Coto Badilla, Evans Joel",Los Pinos,,2
822459,26,"Mendez Cisneros, Axel",Jose Maria Zeledon Brenes,,2
822459,28,"Urena Calderon, Kein",Los Pinos,,2
822459,29,"Ceciliano Jimenez, Shamir Adriel",Los Pinos,,1
822459,30,"Castillo Solis, Luis Daniel",Los Pinos,,1
822459,31,"Solano Sanchez, Sayrus Esteban",Omar Dengo Guerrero,,0
822462,1,"Soto Brenes, Thiago Benjamin",Cipreses (Curridabat),,4
822462,2,"Solano Mena, Samuel",La Lia (Curridabat),,2.5
822462,3,"Rodriguez Vasquez, Gael Isaac",Jose Maria Zeledon Brenes,,2
822462,4,"Campos Arias, Paulino",Juan Santamaria,,1.5
822462,5,"Barrios Nicaragua, Edwin Jose",Carolina Dent Alvarado,,0
822463,1,"Castro Campos, Alana Patricia",Centro America (Tirrases),,7
822463,2,"Vargas Mendez, Sheyla",Concepcion,,6
822463,3,"Gonzalez Barrantes, Arian Abigail",Santa Marta,,5
822463,4,"Villegas Perez, Ana Maria",La Lia (Curridabat),,4
822463,5,"Ardon Rivera, Valeria",Josefita Jurado de Alvarado,,3
822463,6,"Vasquez Rosales, Jennifer",Josefita Jurado de Alvarado,,2
822463,7,"Coronado Vargas, Angela Dayana",Los Pinos,,1
822463,8,"Aldecoba Sanchez, Maria Paula",Granadilla Norte,,0
822528,1,"Ramos Rodriguez, Daniel",C.T.P de Granadilla,,6
822528,2,"Lobo Araya, Esteban Yadir",Liceo de Costa Rica (Diurno),,3
822528,3,"Rodriguez Rivera, Joel David",Liceo de Alajuelita,,2
822528,4,"Moraga Lopez, Caleb Gabriel",Liceo Roberto Brenes Mesen,,1
822529,1,"Perlaza Saborio, Viviana de los Angeles",Liceo de Alajuelita,,3
822529,2,"Gutierrez Porras, Kyara",Liceo Edgar Cervantes,,2
822529,3,"Solano Vidaurre, Maria Angelica",Liceo Edgar Cervantes Villalta,,1
822530,1,"Lizano Quiros, Matias Haziel",C.T.P de Granadilla,,6
822530,2,"Cubillo Duran, Aaron Josue",Liceo Teodoro Picado,,5
822530,3,"Mora Fallas, Julian Antonio",Liceo Edgar Cervantes Villalta,,4
822530,4,"Salazar Delgado, Aylin",Colegio Seminario,,4
822530,5,"Duarte Delgado, Benjamin Isaac",Liceo de Costa Rica (Diurno),,3
822530,6,"Jimenez Suarez, Jorge Antonio",CTP Hatillo,,3
822530,7,"Montes Martinez, Ezequiel Gerardo",Liceo Roberto Brenes Mesen,,3
822530,8,"Quesada Arias, Pablo Andres",Liceo de Costa Rica (Diurno),,2.5
822530,9,"Corrales Solano, Kenneth Daniel",Liceo de Alajuelita,,2.5
822530,10,"Abarca Picado, Sebastian Alberto",CTP Hatillo,,2
822530,11,"Martinez Jaquez, Jose Maria",Liceo de Costa Rica (Diurno),,1
822532,1,"Zuniga Quesada, Eduardo Alberto",CTP Hatillo,,3
822532,3,"Picado Aguirre, Eduardo Josue",Liceo Edgar Cervantes Villalta,,0
824824,1,EMANUEL ISAAC VILLALTA PIZARRO,CATIE,,5
824824,2,LEONEL FELIPE DIAZ NAVARRO,Los Alpes,,4
824824,3,BRANDON JESUS RAMIREZ SOLANO,Manuel Jiménez de la Guardia,,3
824824,4,TOMAS FONSECA ARCE,Jorge Debravo,,3
824824,5,LIAM SEBASTIAN MOORE ZELADA,Jorge Debravo,,3
824824,6,DAVID VILLALOBOS BADILLA,Manuel Jiménez de la Guardia,,2
824824,7,ISMAEL PÉREZ BRENES,Cecilio Lindo,,2
824824,8,HUGO MADRIGAL OROZCO,Jorge Debravo,,1.5
824824,9,GADIEL ISAAC MELENDEZ FUENTES,Cecilio Lindo,,1
824824,10,DENNIS LAGUNA ULLOA,Cecilio Lindo,,0.5
824829,1,EMMA GUERRERO FERNÁNDEZ,CECILIO LINDO,,4.5
824829,2,ALANA RIVERA MORALES,CECILIO LINDO,,3.5
824829,4,VALENTINA VEGA BRAVO,Manuel Jiménez de la Guardia,,2
824829,5,EMMA GARITA BADILLA,Manuel Jiménez de la Guardia,,1.5
824829,6,STACY GARITA ULLOA,Manuel Jiménez de la Guardia,,0
824836,1,"DEYKEL BERNAL FUENTES MORA,",Las Américas,,4.5
824836,2,"JOSUE DAVID GONZALEZ BARBOZA,",Sion,,4
824836,3,"JOSEPH ISAAC DIAZ NAVARRO,",Los Alpes,,3.5
824836,4,"CRISTOPHER ANDRES QUESADA MONTEN,",Cecilio Lindo,,3
824836,5,"AUSTIN DANIEL NAVARRO TREJOS,",Las Colonias,,2
824836,6,"ISAAC SALAZAR MURCIA,",Jakkjue,,2
824836,7,"GABRIEL EDUARDO MARTINEZ CASTRO,",Laboratorio,,1
824968,1,"YULIANA VANESSA MORALES KARPINSK,",Jenaro Bonilla,,3
824968,2,"SOPHIA JIMENA GRANADOS SANCHEZ,",Las Américas,,2
824968,3,"ROUS MARY FUENTES SOLANO,",Manuel Jiménez de la Guardia,,1
824968,4,"YOSELING TATIANA CENTENO BLANDON,",Manuel Jiménez de la Guardia,,0
828547,1,Mock Hegg Christopher,Centro Educativo Horizontes,,4
828547,2,Alvarez Ramirez Emanuel,Pacto del Jocote,,4
828547,3,Gonzalez Arguedas Felipe,Escuela Timoleón Morera,,4
828547,4,Bejarano Tames Michael Andres,Santiago Crespo,,2
828547,5,Gonzalez Alpizar Franco,José Joaquín Salas,,1
828547,6,Solano Garcia Wesley Alejandro,José Joaquín Salas,,0
828551,1,Jimenez Solera Michella,Escuela Manuela Santamaría,,5.5
828551,2,Solis Barrantes Samantha,Centro Educativo la Trinidad,,4.5
828551,3,Mena Paz Ezly Yalena,Escuela Republica Guatemala,,2
828551,4,Carranza Gutierrea Sara Nicole,Pbro.Veñancio de Oña,,0
828553,1,"Cadena Diaz, Mateo",Colegio Marista,,4
828553,2,"Porras Marin, Emmanuel Josue",Redentorista San Alfonso,,2
828553,3,"Quesada Rodriguez, Isaac Quesada",Redentorista San Alfonso,,0
828556,1,"Campos Munoz, Valentina",Redentorista San Alfonso,,5
828556,2,"Aguero Monge, Alicia Natalia",Liceo San Rafael,,3
828556,3,"Rojas Mora, Elena",LEB San Ramón,,3
828556,4,"Hause Brenes, Judea",Santa Fe Pacific,,1
828557,1,"DIEGO OVALLES GUERRERO,",GSD,,
828557,1,"FACUNDO GONZALO POLAR ROQUES,",GSD,,
828557,1,"FELIPE GONZALEZ RAMIREZ,",GSD,,
828557,1,"JOSE MARIA VINDAS SALAZAR,",GSD,,
828557,2,"BRYAN JOSUE NUNEZ ROBLES,",Bilingue San Ramon,,
828557,2,"EMANUEL BLANCO FERNANDEZ,",Bilingue San Ramon,,
828557,2,"GABRIEL GONZALEZ VARGAS,",Bilingue San Ramon,,
828557,2,"JUAN CARLOS GARCIA HIDALGO,",Bilingue San Ramon,,
828557,2,"SEBASTIAN UREÑA MATAMOROS,",Bilingue San Ramon,,
829060,1,"Mikel, Gael Arrieta Lopez",Yanuario Quesada,,8
829060,2,"Cristopher, Javier Alvarez Gonzalez",Esc Roberto Lopez Varela,,6
829060,3,"Felipe, Antonio Araya Roman",Esc Santa Cecilia,,5.5
829060,4,"Joshua, Isaac Alegría Miranda",República de Venezuela,,4
829060,5,"Daniel, Eduardo Brenes Quiros",Esc Santa Cecilia,,3
829060,6,"Judah, Mateo Azofeifa Solís",Benjamin Herrera,,3
829060,7,"Jason, Gonzalez Benavidez",IEGB Republica de Panama,,3
829060,8,"Johan, Medina Solano",Escuela Gabriel Brenes,,2
829060,9,"Julio, Hidalgo Fallas",Escuela Gabriel Brenes,,1.5
829061,1,"Ana, Laura Valverde Herrera",Colegio La Salle,,7
829061,2,"Ivanna, Aguilar Naranjo",IEGB Republica de Panama,,6
829061,3,"Mari, Angel Salas Chinchilla",Esc Roberto Lopez Varela,,5
829061,4,"Fabiola, Salas Alvarez",República de Venezuela,,4
829061,5,"María, Jose Molina Sequeira",Esc Manuel Ortuno Boutin,,3
829061,6,"Camila, Fallas Chacón",Yanuario Quesada,,2
829061,7,"Mary, Paz Valverde Gutierrez",Esc Roberto Lopez Varela,,1
829061,8,"Milena, Sancho Valverde",Esc Rogelio Fernandez Guell,,0
829062,1,"Tomas, Rodriguez Pazmino",Mont View School,,7
829062,2,"Fabian, Rodriguez Moreno",Liceo Santa Ana,,6
829062,3,"Jose, David Casasola Barrantes",CTP de Puriscal,,4
829062,4,"Esteban, Salazar Mesen",Liceo Nuevo de Puriscal,,4
829062,5,"Jeremy, Esquivel Elizondo",Liceo de Vuelta de Jorco,,3
829062,6,"Jonathan, Andres Chacon Arias",Liceo de Puriscal,,3
829062,7,"Joshua, Andrey Hooker Chaves",Liceo Monsenor Ruben Odio,,1
829062,8,"Sebastian, Murillo Vindas",UP La Valencia,,0
829063,1,"Ximena, Jara Madrigal",CTP Jose Albertazzi,,3
829063,2,"Joselyn, Fabiola Espinoza Jiménez",Liceo de Barbacoas,,2
829063,3,"Nohely, Udiz Puerta",Liceo de Santa Ana,,1
829063,4,"Kristel, Bogantes Soto",Liceo de San Jose,,0
829413,1,"Cordero Mora, Jose Daniel",CTP Puriscal_A,,
829413,1,"Elizondo Murillo, Leonardo",CTP Puriscal_A,,
829413,1,"Leon Villareal, Kenneth",CTP Puriscal_A,,
829413,1,"Madrigal Mora, Jefferson",CTP Puriscal_A,,
829413,1,"Solis Mora, Isaac",CTP Puriscal_A,,
829413,2,"Arce Arias, Jaykob Stuard",Liceo Ruben Odio,,
829413,2,"Arce Leiva, Jean Phillip",Liceo Ruben Odio,,
829413,2,"Cordero Romero, Kendall",Liceo Ruben Odio,,
829413,2,"Solarte Brenes, Aram Mauel",Liceo Ruben Odio,,
829437,1,"Carrillo Fallas, Dereck",Esc Republica de Honduras,,
829437,1,"Guerrero Diaz, Leticia",Esc Republica de Honduras,,
829437,1,"Loria Molina, Sofia",Esc Republica de Honduras,,
829437,1,"Marin Vargas, Aaron",Esc Republica de Honduras,,
829437,1,"Mena Sanchez, Janiel",Esc Republica de Honduras,,
829437,2,"Bermudez Navarro, Mathias",Esc Roberto Lopez Varela,,
829437,2,"Gamboa Jimenez, Brandon",Esc Roberto Lopez Varela,,
829437,2,"Montero Mena, Mathias",Esc Roberto Lopez Varela,,
829437,2,"Quesada Rodriguez, Nilt de Jesus",Esc Roberto Lopez Varela,,
829437,3,"Arauz Morales, Victor",Esc Dario Flores Hernandez,,
829437,3,"Fallas Barboza, Fabricio",Esc Dario Flores Hernandez,,
829437,3,"Guerrero Vargas, Derek",Esc Dario Flores Hernandez,,
829437,3,"Jimenez Vargas, Andrew",Esc Dario Flores Hernandez,,
829437,4,"Jimenez Abarca, Valeria",Esc Juan XXIII,,
829437,4,"Romero Diaz, Santiago",Esc Juan XXIII,,
829437,4,"Sanchez Centeno, Deivid",Esc Juan XXIII,,
829437,4,"Vindas Rodriguez, Matias",Esc Juan XXIII,,
829437,5,"Alvarado Guelins, Paul",Esc Domingo Faustino Sarmineto_2,,
829437,5,"Fallas Cardenas, Ariel",Esc Domingo Faustino Sarmineto_2,,
829437,5,"Gamboa Cordero, Deidrik",Esc Domingo Faustino Sarmineto_2,,
829437,5,"Mora Arroyo, Christopher",Esc Domingo Faustino Sarmineto_2,,
829437,5,"Mora Mora, Samuel",Esc Domingo Faustino Sarmineto_2,,
829437,6,"Bolanos Gonzalez, Alexa",Esc Domingo Faustino Sarmiento_1,,
829437,6,"Chinchilla Romero, Briana",Esc Domingo Faustino Sarmiento_1,,
829437,6,"Mendez Matus, Gabriela",Esc Domingo Faustino Sarmiento_1,,
829437,6,"Reyes Arias, Neithan",Esc Domingo Faustino Sarmiento_1,,
829437,6,"Rodriguez Monge, Angel Lucia",Esc Domingo Faustino Sarmiento_1,,
831127,1,"Araya Alvarado, Justin Isaac",Liceo Sinai,,
831127,1,"Diaz Carvajal, Ian Alonso",Liceo Sinai,,
831127,1,"Mora Cordero, Jared",Liceo Sinai,,
831127,1,"Niessen Cruz, Yannick",Liceo Sinai,,
831127,1,"Rivera Angulo, Francisco",Liceo Sinai,,
831127,2,"Abarca Montero, Ivan Jose",Liceo de Ciudad Neily,,
831127,2,"Blanco Rojas, Johan Emanuel",Liceo de Ciudad Neily,,
831127,2,"Bonilla Arauz, Yadier",Liceo de Ciudad Neily,,
831127,2,"Jarquin Rosales, Luis Gabriel",Liceo de Ciudad Neily,,
831127,3,"Lopez Granda, Aaron",Liceo Finca Naranjo,,
831127,3,"Rodriguez Valverde, Petter Samuel",Liceo Finca Naranjo,,
831127,3,"Romero Vargas, Harby Alonso",Liceo Finca Naranjo,,
831127,3,"Valdelomar Jimenez, Lazaro",Liceo Finca Naranjo,,
831128,1,"Alfaro Muñoz, Kiara Emma",Pueblo Nuevo de Cajon,,
831128,1,"Arguedas Marin, Amcy Elizabeth",Pueblo Nuevo de Cajon,,
831128,1,"Cortez Meza, Angely Daniela",Pueblo Nuevo de Cajon,,
831128,1,"Torres Baltodano, Marbeth Daniela",Pueblo Nuevo de Cajon,,
831128,2,"Abarca Hernandez, Steisy",Kilometro 29 (Guaycara),,
831128,2,"Chinchilla Monge, Maria Jose",Kilometro 29 (Guaycara),,
831128,2,"Granados Nunez, Leonela",Kilometro 29 (Guaycara),,
831128,2,"Umana Vargas, Dariana",Kilometro 29 (Guaycara),,
831129,1,"Alvarado Prado, Amanda",I.D.A Joron,,
831129,1,"Ballestero Hernandez, Amir",I.D.A Joron,,
831129,1,"Barrientos Zeledon, Maria Celeste",I.D.A Joron,,
831129,1,"Taleno Perez, Daniel",I.D.A Joron,,
831129,2,"Diaz Aguero, Victor",Juan Lara Alfaro (Corredor),,
831129,2,"Gallardo Gonzales, Kadden",Juan Lara Alfaro (Corredor),,
831129,2,"Gonsales Alvarez, Yadriela",Juan Lara Alfaro (Corredor),,
831129,2,"Jaramillo Gomez, Jose",Juan Lara Alfaro (Corredor),,
831129,2,"Lopez Chavarria, Donald Alberto",Juan Lara Alfaro (Corredor),,
831129,3,"Arias Gonzalez, Marco Daniel",Santiago,,
831129,3,"Gwan Aguero, Derek Gabriel",Santiago,,
831129,3,"Venegas Rodriguez, Zahir",Santiago,,
831129,3,"Vindas Venegas, Jaiden Jahir",Santiago,,
831130,1,"Magana Cardenal, Ian Sebastian",Santiago,,5
831130,2,"Carranza Gonzalez, Eithan",Escuela Laboratorio Daniel Flores,,4
831130,3,"Sibaja Delgado, Panlo Esteban",Fila de Trucho (San Vito),,3
831130,4,"Vargas Vargas, Yeison David",BMS,,2
831130,5,"Blanco Quesada, Santiago",Las Lomas,,0.5
831132,1,"Sandi Miranda, Aleska",La Esperanza (Golfito),,4
831132,2,"Corrales Laurent, Isabella",Sabanillas (Limoncito),,3
831132,3,"Vindas Mendez, Briana",Escuela Laboratorio Daniel Flores,,2
831132,4,"Acuna Montes, Kristel",Las Lomas,,1
831132,5,"Solis Jimenez, Sara",Escuela Pueblo Nuevo de Cajón,,0
831145,1,"Cordero Esquivel, Gabriel",Liceo Aeropuerto Jerusalen,,5
831145,2,"Torres Rodriguez, Daniel Iosev",Liceo de Ciudad Neily,,4
831145,3,"Valverde Cordero, Juan Pablo",CTP San Isidro,,3
831145,4,"Mora Rojas, Adam Alonso",CTP Carlos ML. Vicente C.,,2
831145,5,"Vidal Acuna, Juan Daniel",Salitre,,1
831145,6,"Delgado Figueroa, Deiner",Yery,,0
831146,1,"Corrales Abarca, Jimena",Fray Felipe,,5
831146,2,"Sandi Ulate, Ariana",Liceo Bilingue Italo Costarricense,,3
831146,3,"Delgado Figueroa, Maria Leticia",Salitre,,3
831146,4,"Madriz Ortiz, Janaina Jazmin",Yery,,2
831146,5,"Martinez Lopez, Mariela",CTP San Isidro,,2
831146,6,"Chavez Miranda, Aleska",Liceo Finca Naranjo,,0
831328,1,"Mendez Torres, Cristel Daniela",Liceo Sinai,,
831328,1,"Mendez Torres, Cristy Rocio",Liceo Sinai,,
831328,1,"Retana Marin, Jennifer",Liceo Sinai,,
831328,1,"Valverde Rodriguez, Nicole",Liceo Sinai,,
831328,1,"Vega Aguero, Khyara",Liceo Sinai,,
831328,2,"Aguilar Jimenez, Meichel Celeste",Liceo Finca Naranjo,,
831328,2,"Gonzalez Espinoza, Sahara Valeska",Liceo Finca Naranjo,,
831328,2,"Hernandez Araya, Brandy Valeria",Liceo Finca Naranjo,,
831328,2,"Mc Cabe Hernandez, Evelyn Imperio",Liceo Finca Naranjo,,
831328,2,"Montoya Cruz, Britany Ariana",Liceo Finca Naranjo,,
832341,1,"Salazar Carballo, Constanza",Colegio Miravalle,,2.5
832341,2,"Rivera Vargas, Raquel",Liceo San Carlos,,2
832341,3,"Hernandez Barboza, Sofia Estela",Colegio Miravalle,,1
832341,4,"Jimenez Cascante, Sarhay Daniela",Santa Teresita,,0.5
832342,1,"Retana Rojas, Nicolas",CTPDFZ,,3
832342,2,"Gonzalez Araya, Luis Angel",CTP Fernando Volio,,2
832342,3,"Urena Monge, Lorenzo",Liceo Tarrazu,,1
832342,4,"Jimenez Araya, Eiker Anthua",Santa Teresita,,0
832343,1,"Morales Karpinsky, Yuliana",Jenaro Bonilla,,3
832343,2,"Aguilar Urena, Sofia",Villas Ayarco,,2
832343,3,"Granados Sanchez, Sophia",Las Americas,,1
832343,4,"Solano Fallas, Karime",LCC,,0
832344,1,"Gonzalez Aguero, Julian",Bilingue Sony,,4
832344,2,"Alvarado Machado, Bryan Alberto",Vicente Lachner,,3
832344,3,"Fuentes Mora, Deykel Bernal",Las Americas,,2
832344,4,"Gonzalez Barboza, Josue",Nuestra Señora Sion,,1
832344,5,"Murillo Picado, Randall Saul",Japon,,0
832345,0,"Badilla Urena, Fatima",Liceo Copey,,
832345,0,"Flores Chinchilla, Guadalupe",Liceo Copey,,
832345,0,"Peraza Acuna, Hannah Abigail",Liceo Copey,,
832346,1,"Cascante Araya, Angel Fabricio",Santa Teresita,,
832346,1,"Castro Sanchez, Joel Armando",Santa Teresita,,
832346,1,"Juarez Lizano, Samuel Andres",Santa Teresita,,
832346,1,"Solis Lopez, Randall Jose",Santa Teresita,,
832346,,"Campos Jarquin, Salome",Liceo Copey,,
832346,,"Cruz Vargas, Derek Antuan",Liceo Copey,,
832346,,"Duran Mora, Erickson",Liceo Copey,,
832346,,"Elizondo Chinchilla, Matias",Liceo Copey,,
832346,,"Gutierrez Valverde, Derek Joan",CTP La Suiza,,
832346,,"Navarro Trejos, Eidan",CTP La Suiza,,
832346,,"Porras Aguilar, Moises David",CTP La Suiza,,
832346,,"Romero Cerdas, Moises",CTP La Suiza,,
832346,,"Valverde Sanabria, Andres Isaac",Liceo Copey,,
832347,0,"Calvo Salas, Alannah Lucia",Colegio Cientifico Interamericano CATIE,,
832347,0,"Calvo Salas, Ayelen Lucia",Colegio Cientifico Interamericano CATIE,,
832347,0,"Jimenez Bogantes, Keilyn Fiorella",Colegio Cientifico Interamericano CATIE,,
832347,0,"Ortega Valerin, Mariangel",Colegio Cientifico Interamericano CATIE,,
832347,0,"Solano Fuentes, Irina",Colegio Cientifico Interamericano CATIE,,
832348,1,"Jimenez Gambo, Mathias",Mariano Cortes,,
832348,1,"Salazar Segura, Kevin",Mariano Cortes,,
832348,1,"Samar Suarez, Luciana",Mariano Cortes,,
832348,1,"Solano Alvarado, Paul",Mariano Cortes,,
832348,1,"Trejos Chacon, Jose Daniel",Mariano Cortes,,
832348,2,"Alvarado Jimenez, Santiago",Jorge Debravo,,
832348,2,"Chavarria Brenes, Jorge",Jorge Debravo,,
832348,2,"Paniagua Brenes, Vicent",Jorge Debravo,,
832348,2,"Sanchez Sanchez, Matias",Jorge Debravo,,
832348,3,"Abarca M, Marco Andres",Miravalle,,
832348,3,"Brenes Coto, Juan Pablo",Miravalle,,
832348,3,"Mendez Arroyo, Thiago",Miravalle,,
832348,3,"Nunez Mendez, Sebastian",Miravalle,,
832348,4,"Jimenez Cortes, Luis",San Lorenzo,,
832348,4,"Sanchez Cascante, Roberth",San Lorenzo,,
832348,4,"Urena Monge, Ezequiel",San Lorenzo,,
832348,5,"Granados Calvo, Jose Matias",Leon Cortes Castro,,
832348,5,"Mora Navarro, Santiago",Leon Cortes Castro,,
832348,5,"Umana Navarro, Angel",Leon Cortes Castro,,
834468,1,"Calvo Salas, Ayelen Lucia",CATIE,,4
834468,2,"Azofeifa Quiros, Matias",LEB JFF,,4
834468,3,"Fallas Camacho, Mateo",LEB JFF,,4
834468,4,"Ortega Valerin, Mariangel",CATIE,,4
834468,5,"Calvo Salas, Alannah Lucia",CATIE,,3
834468,6,"Diaz Navarro, Gustavo",LEB JFF,,3
834468,7,"Solano Fuentes, Irina",CATIE,,3
834468,8,"Mena Rodriguez, Mathew",Escuela La Lucha,,2.5
834468,9,"Jimenez Bogantes, Keilyn Fiorella",CATIE,,2
834468,10,"Garro Calvo, Anderson",Escuela La Lucha,,2
834468,11,"Badilla Urena, Fatima",Liceo Copey,,2
834468,12,"Chacon, Matias",LEB JFF,,2
834468,13,"Flores Chinchilla, Guadalupe",Liceo Copey,,1.5
834468,14,"Peraza Acuna, Hannah",Liceo Copey,,1.5
834468,15,"Hidalgo Quesada, Zamira",Escuela La Lucha,,1
834468,16,"Calvo Fernandez, Evans",Escuela La Lucha,,0.5
834468,17,"Amador Quiros, Mariam",LEB JFF,,0
834849,1,"BEY CHAVARRIA, TIAGO",LA PAZ,,5
834849,2,"GUERRERO CASTILLO, ISAURA",CTP. NANDAYURE,,3
834849,3,"DIERMISSEN LOPEZ, ULRRICH",ACADEMICO LEPANTO,,3
834849,4,"PORRAS CALDERON, DANIEL",LA PAZ,,2.5
834849,5,"SANCHEZ MENDOZA, HARLEY",LICEO COYOTE,,1.5
834849,6,"HIDALGO PEREZ, YONSON",ACADEMICO LEPANTO,,0
842067,1,"Ramos Rodriguez, Daniel",C.T.P Granadilla,,9
842067,2,"Cadena Diaz, Mateo",Colegio Marista,,8
842067,3,"Cerdas Amador, Matias",Liceo Laboratorio,,6
842067,4,"Cordero Esquivel, Gabriel",Liceo Aeropuerto,,5
842067,5,"Jimenez Rojas, Isaac",Liceo Experimental Bilingue Claudio Boni,,5
842067,6,"Zhen Cen, Jia Jun",Colegio Bilingue San Francisco de Asis,,4
842067,7,"Guardiola Gonzalez, Jose Daniel",Liceo de Esparza,,4
842067,8,"Rodriguez Pazmino, Tomas",Mount View School,,2
842067,9,"Bey Chavarria, Tiago Antonio",La Paz Community School,,2
842067,10,"Retana Rojas, Nicolas",C.T.P Daniel Flores Zavaleta,,0
842413,1,"Rivera Gutierrez, Geannina Isabela",Liceo Laboratorio,,6
842413,2,"Irola Araya, Camila",Liceo Experimental Bilingue de Pococí,,4
842413,3,"Corrales Abarca, Jimena",Centro Educativo Fray Felipe,,4
842413,4,"Peralta Solis, Nahomi Juliana",Lepanto,,3
842413,5,"Salazar Carballo, Constanza",Colegio Miravalle,,2
842413,6,"Morera Mena, Irene",Colegio Santa María de Guadalupe,,2
842413,7,"Vargas Torres, Alicia",Centro Educativo Carmen Lyra,,0
842418,1,"Gutiérrez Valverde, Dereck",C.T.P Suiza,,
842418,1,"Ramos Aguilar, Moisés",C.T.P Suiza,,
842418,1,"Romero Cesolas, Moisés",C.T.P Suiza,,
842418,1,"Salas Flores, Andy",C.T.P Suiza,,
842418,2,"Marvez Abinazar, Juan Andres",C.T.P Granadilla,,
842418,2,"Rivera Mora, Gabriel",C.T.P Granadilla,,
842418,2,"Arce Seas, Yerald",C.T.P Granadilla,,
842418,2,"Cabezas Alvarez, Mathias",C.T.P Granadilla,,
842418,2,"Granados Calero, Luis Fernando",C.T.P Granadilla,,
842418,3,"Leon Villarreal, Kenneth Gabriel",C.T.P Puriscal,,
842418,3,"Madrigal Mora, Jeferson Fernando",C.T.P Puriscal,,
842418,3,"Cordero Mora, Jose Daniel",C.T.P Puriscal,,
842418,3,"Elizondo Murillo, Leonardo Jose",C.T.P Puriscal,,
842418,3,"Solis Mora, Isaac Daniel",C.T.P Puriscal,,
842418,4,"Araya Alvarado, Justin Isaac",Liceo de SINAI,,
842418,4,"Diaz Carvajal, Ian Alonso",Liceo de SINAI,,
842418,4,"Mora Cordero, Jared Fabien",Liceo de SINAI,,
842418,4,"Niessen Cruz, Yannick",Liceo de SINAI,,
842418,4,"Rivera Angulo, Francisco Alberto",Liceo de SINAI,,
842418,5,"Angulo Mendoza, Bryan Mauricio",C.T.P Zarcero,,
842418,5,"Campos Campos, Jeffrey Isaac",C.T.P Zarcero,,
842418,5,"Castro Soto, Emanuel",C.T.P Zarcero,,
842418,5,"Garcia Perez, Calet Arturo",C.T.P Zarcero,,
842418,5,"Zuniga Zuniga, Matias",C.T.P Zarcero,,
842418,6,"Córdobo Brenes, André Gabriel",Liceo Experimental Bilingue Claudio Bonilla A,,
842418,6,"Espinza T, Joseph Steven",Liceo Experimental Bilingue Claudio Bonilla A,,
842418,6,"VArelo Motorito, Benjamin",Liceo Experimental Bilingue Claudio Bonilla A,,
842418,6,"Volerio Barrantes, Aaron Eduardo",Liceo Experimental Bilingue Claudio Bonilla A,,
842418,7,"Carranza Calderon, Derian Jesus",Liceo Jose María Gutierrez,,
842418,7,"Castro Cantillano, Kerek",Liceo Jose María Gutierrez,,
842418,7,"Chaves Arrieta, Sebastian",Liceo Jose María Gutierrez,,
842418,7,"Pryor Pryor, James Ricardo",Liceo Jose María Gutierrez,,
842418,7,"Ruiz Herra, Matias",Liceo Jose María Gutierrez,,
842418,8,"Aguinaga Pérez, Maikel",Colegio Lepanto,,
842418,8,"Jiménez Sirias, Manfred",Colegio Lepanto,,
842418,8,"López Diermissen, Urlich",Colegio Lepanto,,
842418,8,"Naranjo, José Andrés",Colegio Lepanto,,
842420,1,"Mendez Torres, Cristel Daniela",Liceo de SINAI,,
842420,1,"Mendez Torres, Cristy Rocio",Liceo de SINAI,,
842420,1,"Retana Marin, Jennifer Daniela",Liceo de SINAI,,
842420,1,"Valverde Rodriguez, Nicole",Liceo de SINAI,,
842420,1,"Vega Aguero, Kyhara Mariel",Liceo de SINAI,,
842420,2,"Guevara Rodriguez, Camila",LiceoSan José la Montaña,,
842420,2,"Guevara Rodriguez, Cristina",LiceoSan José la Montaña,,
842420,2,"Mendez Carballo, Sara Elena",LiceoSan José la Montaña,,
842420,2,"Ramirez Duran, Sofia",LiceoSan José la Montaña,,
842420,2,"Rojas Delgado, Cristin Valeria",LiceoSan José la Montaña,,
842420,3,"Badilla Rosales, Maria Elizabeth",Liceo Jose Maria Gutierrez,,
842420,3,"Silvia Villalobos, Emilia de los Angeles",Liceo Jose Maria Gutierrez,,
842420,3,"Tores Ugalde, Mariel Suset",Liceo Jose Maria Gutierrez,,
842420,3,"Villalobos Picado, Arianna",Liceo Jose Maria Gutierrez,,
842420,4,"Badilla Urena, Fatima",Liceo COPEY,,
842420,4,"Campos Jarquin, Salome",Liceo COPEY,,
842420,4,"Flores Chinchilla, Guadalupe",Liceo COPEY,,
842420,4,"Peraza Acuna, Hannah",Liceo COPEY,,
842420,5,"Bolanos Castillo, Arlyn",Colegio de Lepanto,,
842420,5,"Carrillo Perez, Emily Sofia",Colegio de Lepanto,,
842420,5,"Jimenez Ovares, Yudith",Colegio de Lepanto,,
842420,5,"Torres Obando, Nazareth",Colegio de Lepanto,,
845206,1,"Loria Molina, Sofia",Republica de Honduras,1574,
845206,1,"Guerrero Diaz, Leticia Fiorella",Republica de Honduras,1500,
845206,1,"Mena Sanchez, Janiel Jesus",Republica de Honduras,1487,
845206,1,"Marin Vargas, Aaron",Republica de Honduras,1486,
845206,1,"Carrillo Fallas, Derek",Republica de Honduras,1453,
845206,2,"Aguilar Martinez, Isaac",Las Lagunas de Daniel Flores,1400,
845206,2,"Aguilar Martinez, Sebastian",Las Lagunas de Daniel Flores,1400,
845206,2,"Calvo Quiros, Hezell",Las Lagunas de Daniel Flores,1400,
845206,2,"Hernandez Jimenez, Jerson Dariel",Las Lagunas de Daniel Flores,1400,
845206,2,"Vargas Marin, Andy",Las Lagunas de Daniel Flores,1400,
845206,3,"Moya Cabrera, Mathias Bernardo",Colegio San Francisco de asís,1635,
845206,3,"Charpentier Badilla, Ian Sebastian",Colegio San Francisco de asís,1505,
845206,3,"Villalobos Chinchilla, Mattias",Colegio San Francisco de asís,1426,
845206,3,"Martínez Hostia, José",Colegio San Francisco de asís,1400,
845206,3,"Padilla Díaz, Matías",Colegio San Francisco de asís,1400,
845206,4,"Casierra Bonilla, Francisco",John. F Kennedy,1400,
845206,4,"Saravia Osorio, Kenny",John. F Kennedy,1400,
845206,4,"Tijerino Salazar, Ian",John. F Kennedy,1400,
845206,4,"Viales Londono, Juan",John. F Kennedy,1400,
845206,5,"Anchia Alvarado, Juan Daniel",Lepanto,1417,
845206,5,"Rojas Gomez, Juan Diego",Lepanto,1404,
845206,5,"Navarro Torres, Juan David",Lepanto,1400,
845206,5,"Torres Juarez, Sebastian",Lepanto,1400,
845206,6,"Trejos Chacon, Jose Daniel",Mariano Cortes,1416,
845206,6,"Solano Alvarado, Paul Josue",Mariano Cortes,1415,
845206,6,"Jimenez Gamboa, Mathias",Mariano Cortes,1400,
845206,6,"Salazar segura, Kevin",Mariano Cortes,1400,
845206,6,"Suarez Alvarez, Luciana Zamar",Mariano Cortes,1400,
845206,7,"Gonzalez Ramirez, Felipe",GSD,1400,
845206,7,"Ovalles Guerrero, Diego",GSD,1400,
845206,7,"Polar Roques, Facundo",GSD,1400,
845206,7,"Vindas Salazar, Jose",GSD,1400,
845206,8,"Arosemena Acuna, Matias",Jose Maria Zeledon Brenes,1400,
845206,8,"Barquero Leiva, Hayden",Jose Maria Zeledon Brenes,1400,
845206,8,"Rodriguez Bonilla, Mauricio",Jose Maria Zeledon Brenes,1400,
845206,8,"Solano Urena, Mathias",Jose Maria Zeledon Brenes,1400,
845206,8,"Venegas Barrantes, Jaden",Jose Maria Zeledon Brenes,1400,
845206,9,"Alvarado Prado, Amanda",I.D.A. Joron,1400,
845206,9,"Barrientos Zeledon, Maria",I.D.A. Joron,1400,
845206,9,"Bellestero Hernandez, Amir",I.D.A. Joron,1400,
845206,9,"Taleno Perez, Daniel",I.D.A. Joron,1400,
845206,10,"Hancer Richards, Jhon",Los Corales,1400,
845206,10,"Masis Buchanan, Jershuan",Los Corales,1400,
845206,10,"Pacheco Leal, Yeipel",Los Corales,1400,
845206,10,"Vargas Solano, Santiago",Los Corales,1400,
845208,1,"Castro Hernandez, Rangela Sharith",Lepanto,1432,
845208,1,"Montes Arce, Victoria",Lepanto,1432,
845208,1,"Martinez Soto, Keshly Yanicza",Lepanto,1400,
845208,1,"Navarro Sirias, Emee Valeska",Lepanto,1400,
845208,2,"Chaves Chavarria, Nataly Viviana",Pacto de Jocote,1478,
845208,2,"Rojas Gomez, Mariangel",Pacto de Jocote,1423,
845208,2,"Barahona Munoz, Arianna Daniela",Pacto de Jocote,1400,
845208,2,"Jimenez Ugalde, Isabella",Pacto de Jocote,1400,
845208,3,"Acuna Badilla, Sussy",Las Lagunas,1400,
845208,3,"Badilla Mena, Elizabeth",Las Lagunas,1400,
845208,3,"Barquero Guzman, Maria",Las Lagunas,1400,
845208,3,"Erf Vargas, Vaioleth",Las Lagunas,1400,
845208,3,"Monge Lopez, Jessica",Las Lagunas,1400,
845208,4,"Calvo Salas, Ayelen Luciana",Colegio Cientifico I Catie,1425,
845208,4,"Calvo Salas, Alannah Lucia",Colegio Cientifico I Catie,1417,
845208,4,"Jimenez Bogantes, Keilyn Fiorella",Colegio Cientifico I Catie,1400,
845208,4,"Ortega Valerin, Mariangel",Colegio Cientifico I Catie,1400,
845208,4,"Solano Fuentes, Irina",Colegio Cientifico I Catie,1400,
845208,5,"Coto Rodriguez, Sofia",Lider Los Corales,1400,
845208,5,"Sterling Farver, Alyah",Lider Los Corales,1400,
845208,5,"Torres Fernandez, Moncerratt",Lider Los Corales,1400,
845208,5,"Torres Fernandez, Natalie",Lider Los Corales,1400,
845208,6,"Chaves Solis, Sofia",Anita Grande Jiménez,1400,
845208,6,"Garcia Mendez, Alannis",Anita Grande Jiménez,1400,
845208,6,"Hernandez Campos, Mary",Anita Grande Jiménez,1400,
845208,6,"Hernandez Granados, Mariana Sofia",Anita Grande Jiménez,1400,
845208,6,"Wepol Molina, Tamara",Anita Grande Jiménez,1400,
845208,7,"Abarca Hernandez, Steicy",Pueblo Nuevo de Cajón,1400,
845208,7,"Chinchilla Monge, Maria",Pueblo Nuevo de Cajón,1400,
845208,7,"Granados Nunez, Leonela",Pueblo Nuevo de Cajón,1400,
845208,7,"Sancho Lopez, Scarlett",Pueblo Nuevo de Cajón,1400,
845208,7,"Umana Vargas, Dariana",Pueblo Nuevo de Cajón,1400,
845208,8,"Benavides Acuna, Nesly",Guardia,1400,
845208,8,"de la O Bustos, Nazareth",Guardia,1400,
845208,8,"Espinoza de la O, Denisse",Guardia,1400,
845208,8,"Orozco Vallejos, Emily",Guardia,1400,
845208,8,"Salazar Cerdas, Sherlyn",Guardia,1400,
845208,9,"Campos Piedra, Leonor",José María Zeledón B,1400,
845208,9,"Rivas Linares, Gabriela",José María Zeledón B,1400,
845208,9,"Vargas Villalobos, Amanda",José María Zeledón B,1400,
845210,1,"Gonzalez Aguero, Julian",Ccdr Cartago,1745,5
845210,2,"Rodriguez Membreno, Sebastian",Alba Ocampo,1558,4
845210,3,"Mock Hegg, Christopher",Horizontes,1614,3
845210,4,"Campos Aguilar, Aaron Andres",IDA Villalobos,1400,3
845210,5,"Guardiola Gonzalez, Sebastian",La Riviera,1505,3
845210,6,"Magana Cardenal, Ian Sebastian",Santiago,1400,3
845210,7,"Chacon Jimenez, Derek",San Carlos B,1400,2
845210,8,"Mora Mora, Juan",,1400,2
845210,9,"Flores Elizondo, Mathias",R de Haití,1400,2
845210,10,"Hernandez Morales, Yurmey",Santo Tomás,1400,2
845210,11,"Arrieta Lopez, Mikel Gael",Yanuario Quesada,1418,1
845210,12,"Guerrero Rodriguez, Eyson",Presbítero José Daniel C,1400,0
845216,1,"Calderon Brenes, Abigail",Manuel Camacho,1566,5
845216,2,"Villalta Ramirez, Freivelyn",Isabel Brown Brown,1506,4
845216,3,"Garita Vargas, Zoe",IDA Corobicí,1430,3
845216,4,"Villanueva Iglesias, Mathy",Bernardo Drug,1400,3
845216,5,"Jimenez Solera, Michella",Manuela Santamaria,1535,3
845216,6,"Morales Karpinsky, Yuliana",Jenaro Bonilla,1426,2
845216,7,"Sandi Miranda, Aleska",La Esperanza,1407,2
845216,8,"Navarro Quiros, Alisson",Las Lagunas,1400,2
845216,9,"Valverde Herrera, Ana Laura",La salle,1400,2
845216,10,"Hernandez Obando, Maria",Montaña Grande,1400,2
845216,11,"Rodriguez Mazzatti, Delfina",Ficus Tree,1400,1
846071,1,"Guevara Rodriguez, Camila",LiceoSan José la Montaña,,
846071,1,"Guevara Rodriguez, Cristina",LiceoSan José la Montaña,,
846071,1,"Mendez Carballo, Sara Elena",LiceoSan José la Montaña,,
846071,1,"Ramirez Duran, Sofia",LiceoSan José la Montaña,,
846071,1,"Rojas Delgado, Cristin Valeria",LiceoSan José la Montaña,,
846071,2,"Mendez Torres, Cristel Daniela",Liceo de SINAI,,
846071,2,"Mendez Torres, Cristy Rocio",Liceo de SINAI,,
846071,2,"Retana Marin, Jennifer Daniela",Liceo de SINAI,,
846071,2,"Valverde Rodriguez, Nicole",Liceo de SINAI,,
846071,2,"Vega Aguero, Kyhara Mariel",Liceo de SINAI,,
846071,3,"Badilla Rosales, Maria Elizabeth",Liceo Jose Maria Gutierrez,,
846071,3,"Silvia Villalobos, Emilia de los Angeles",Liceo Jose Maria Gutierrez,,
846071,3,"Tores Ugalde, Mariel Suset",Liceo Jose Maria Gutierrez,,
846071,3,"Villalobos Picado, Arianna",Liceo Jose Maria Gutierrez,,
846071,4,"Badilla Urena, Fatima",Liceo COPEY,,
846071,4,"Campos Jarquin, Salome",Liceo COPEY,,
846071,4,"Flores Chinchilla, Guadalupe",Liceo COPEY,,
846071,4,"Peraza Acuna, Hannah",Liceo COPEY,,
846071,5,"Bolanos Castillo, Arlyn",Colegio de Lepanto,,
846071,5,"Carrillo Perez, Emily Sofia",Colegio de Lepanto,,
846071,5,"Jimenez Ovares, Yudith",Colegio de Lepanto,,
846071,5,"Torres Obando, Nazareth",Colegio de Lepanto,,
846081,1,"Marvez Abinazar, Juan Andres",C.T.P Granadilla,1400,
846081,1,"Rivera Mora, Gabriel",C.T.P Granadilla,1400,
846081,1,"Arce Seas, Yerald",C.T.P Granadilla,,
846081,1,"Cabezas Alvarez, Mathias",C.T.P Granadilla,,
846081,1,"Granados Calero, Luis Fernando",C.T.P Granadilla,,
846081,2,"Araya Alvarado, Justin Isaac",Liceo de SINAI,,
846081,2,"Diaz Carvajal, Ian Alonso",Liceo de SINAI,,
846081,2,"Mora Cordero, Jared Fabien",Liceo de SINAI,,
846081,2,"Niessen Cruz, Yannick",Liceo de SINAI,,
846081,2,"Rivera Angulo, Francisco Alberto",Liceo de SINAI,,
846081,3,"Angulo Mendoza, Bryan Mauricio",C.T.P Zarcero,,
846081,3,"Campos Campos, Jeffrey Isaac",C.T.P Zarcero,,
846081,3,"Castro Soto, Emanuel",C.T.P Zarcero,,
846081,3,"Garcia Perez, Calet Arturo",C.T.P Zarcero,,
846081,3,"Zuniga Zuniga, Matias",C.T.P Zarcero,,
846081,4,"Leon Villarreal, Kenneth Gabriel",C.T.P Puriscal,1413,
846081,4,"Madrigal Mora, Jeferson Fernando",C.T.P Puriscal,1400,
846081,4,"Cordero Mora, Jose Daniel",C.T.P Puriscal,,
846081,4,"Elizondo Murillo, Leonardo Jose",C.T.P Puriscal,,
846081,4,"Solis Mora, Isaac Daniel",C.T.P Puriscal,,
846081,5,"Porras Aguilar, Moises David",C.T.P Suiza,1460,
846081,5,"Romero Cerdas, Moises Alonso",C.T.P Suiza,1426,
846081,5,"Gutierrez Valverde, Derek Joan",C.T.P Suiza,1400,
846081,5,"Salas Flores, Andy Alexander",C.T.P Suiza,1400,
846081,6,"Carranza Calderon, Derian Jesus",Liceo Jose María Gutierrez,,
846081,6,"Castro Cantillano, Kerek",Liceo Jose María Gutierrez,,
846081,6,"Chaves Arrieta, Sebastian",Liceo Jose María Gutierrez,,
846081,6,"Pryor Pryor, James Ricardo",Liceo Jose María Gutierrez,,
846081,6,"Ruiz Herra, Matias",Liceo Jose María Gutierrez,,
846081,7,"Cordoba Brenes, Andres G",Liceo Experimental Bilingue Claudio Bonilla A,,
846081,7,"Espinoza, Josheph Steven",Liceo Experimental Bilingue Claudio Bonilla A,,
846081,7,"Valerio Barrantes, Aaron Eduardo",Liceo Experimental Bilingue Claudio Bonilla A,,
846081,7,"Valerio Barrantes, Benjamin",Liceo Experimental Bilingue Claudio Bonilla A,,
846081,8,"Diermissen Lopez, Ulrich",Colegio Lepanto,1452,
846081,8,"Aguinaga Perez, Maikel",Colegio Lepanto,1400,
846081,8,"Jimenez Sirias, Manfred",Colegio Lepanto,1400,
846081,8,"Naranjo Fajardo, Jose Andres",Colegio Lepanto,1400,
846084,1,"Rivera Gutierrez, Geannina Isabela",Liceo Laboratorio,1582,5
846084,2,"Corrales Abarca, Jimena",Centro Educativo Fray Felipe,1400,4
846084,3,"Morera Mena, Irene",Colegio Santa María de Guadalupe,1406,3
846084,4,"Peralta Solis, Nahomi Juliana",Lepanto,1436,2.5
846084,5,"Irola Araya, Camila",Liceo Experimental Bilingue de Pococí,1400,2.5
846084,6,"Salazar Carballo, Constanza",Colegio Miravalle,1400,2
846084,7,"Vargas Torres, Alicia",Centro Educativo Carmen Lyra,1400,1
846299,1,"Cadena Diaz, Mateo",Colegio Marista,1619,5.5
846299,2,"Rodriguez Pazmino, Tomas",Mount View School,1553,4.5
846299,3,"Ramos Rodriguez, Daniel",C.T.P Granadilla,1713,4.5
846299,4,"Bey Chavarria, Tiago Antonio",La Paz Community School,,3
846299,5,"Cordero Esquivel, Gabriel",Liceo Aeropuerto,1485,3
846299,6,"Guardiola Gonzalez, Jose Daniel",Liceo de Esparza,1558,2.5
846299,7,"Cerdas Amador, Matias",Liceo Laboratorio,1617,2.5
846299,8,"Jimenez Rojas, Isaac",Liceo Experimental Bilingue Claudio Boni,1400,2.5
846299,9,"Zhen Cen, Jia Jun",Colegio Bilingue San Francisco de Asis,1509,2
846299,10,"Retana Rojas, Nicolas",C.T.P Daniel Flores Zavaleta,,0
846613,1,"Loria Molina, Sofia",Republica de Honduras,1574,
846613,1,"Guerrero Diaz, Leticia Fiorella",Republica de Honduras,1500,
846613,1,"Mena Sanchez, Janiel Jesus",Republica de Honduras,1487,
846613,1,"Marin Vargas, Aaron",Republica de Honduras,1486,
846613,1,"Carrillo Fallas, Derek",Republica de Honduras,1453,
846613,2,"Aguilar Martinez, Isaac",Las Lagunas de Daniel Flores,1400,
846613,2,"Aguilar Martinez, Sebastian",Las Lagunas de Daniel Flores,1400,
846613,2,"Calvo Quiros, Hezell",Las Lagunas de Daniel Flores,1400,
846613,2,"Hernandez Jimenez, Jerson Dariel",Las Lagunas de Daniel Flores,1400,
846613,2,"Vargas Marin, Andy",Las Lagunas de Daniel Flores,1400,
846613,3,"Moya Cabrera, Mathias Bernardo",Colegio San Francisco de asís,1635,
846613,3,"Charpentier Badilla, Ian Sebastian",Colegio San Francisco de asís,1505,
846613,3,"Villalobos Chinchilla, Mattias",Colegio San Francisco de asís,1426,
846613,3,"Martínez Hostia, José",Colegio San Francisco de asís,1400,
846613,3,"Padilla Díaz, Matías",Colegio San Francisco de asís,1400,
846613,4,"Casierra Bonilla, Francisco",John. F Kennedy,1400,
846613,4,"Saravia Osorio, Kenny",John. F Kennedy,1400,
846613,4,"Tijerino Salazar, Ian",John. F Kennedy,1400,
846613,4,"Viales Londono, Juan",John. F Kennedy,1400,
846613,5,"Gonzalez Ramirez, Felipe",GSD,1400,
846613,5,"Ovalles Guerrero, Diego",GSD,1400,
846613,5,"Polar Roques, Facundo",GSD,1400,
846613,5,"Vindas Salazar, Jose",GSD,1400,
846613,6,"Arosemena Acuna, Matias",Jose Maria Zeledon Brenes,1400,
846613,6,"Barquero Leiva, Hayden",Jose Maria Zeledon Brenes,1400,
846613,6,"Rodriguez Bonilla, Mauricio",Jose Maria Zeledon Brenes,1400,
846613,6,"Solano Urena, Mathias",Jose Maria Zeledon Brenes,1400,
846613,6,"Venegas Barrantes, Jaden",Jose Maria Zeledon Brenes,1400,
846613,7,"Alvarado Prado, Amanda",I.D.A. Joron,1400,
846613,7,"Barrientos Zeledon, Maria",I.D.A. Joron,1400,
846613,7,"Bellestero Hernandez, Amir",I.D.A. Joron,1400,
846613,7,"Taleno Perez, Daniel",I.D.A. Joron,1400,
846613,8,"Trejos Chacon, Jose Daniel",Mariano Cortes,1416,
846613,8,"Solano Alvarado, Paul Josue",Mariano Cortes,1415,
846613,8,"Jimenez Gamboa, Mathias",Mariano Cortes,1400,
846613,8,"Salazar segura, Kevin",Mariano Cortes,1400,
846613,8,"Suarez Alvarez, Luciana Zamar",Mariano Cortes,1400,
846613,9,"Anchia Alvarado, Juan Daniel",Lepanto,1417,
846613,9,"Rojas Gomez, Juan Diego",Lepanto,1404,
846613,9,"Navarro Torres, Juan David",Lepanto,1400,
846613,9,"Torres Juarez, Sebastian",Lepanto,1400,
846613,10,"Hancer Richards, Jhon",Los Corales,1400,
846613,10,"Masis Buchanan, Jershuan",Los Corales,1400,
846613,10,"Pacheco Leal, Yeipel",Los Corales,1400,
846613,10,"Vargas Solano, Santiago",Los Corales,1400,
846614,1,"Chaves Chavarria, Nataly Viviana",Pacto de Jocote,1478,
846614,1,"Rojas Gomez, Mariangel",Pacto de Jocote,1423,
846614,1,"Barahona Munoz, Arianna Daniela",Pacto de Jocote,1400,
846614,1,"Jimenez Ugalde, Isabella",Pacto de Jocote,1400,
846614,2,"Calvo Salas, Ayelen Luciana",Colegio Cientifico I Catie,1425,
846614,2,"Calvo Salas, Alannah Lucia",Colegio Cientifico I Catie,1417,
846614,2,"Jimenez Bogantes, Keilyn Fiorella",Colegio Cientifico I Catie,1400,
846614,2,"Ortega Valerin, Mariangel",Colegio Cientifico I Catie,1400,
846614,2,"Solano Fuentes, Irina",Colegio Cientifico I Catie,1400,
846614,3,"Acuna Badilla, Sussy",Las Lagunas,1400,
846614,3,"Badilla Mena, Elizabeth",Las Lagunas,1400,
846614,3,"Barquero Guzman, Maria",Las Lagunas,1400,
846614,3,"Erf Vargas, Vaioleth",Las Lagunas,1400,
846614,3,"Monge Lopez, Jessica",Las Lagunas,1400,
846614,4,"Chaves Solis, Sofia",Anita Grande Jiménez,1400,
846614,4,"Garcia Mendez, Alannis",Anita Grande Jiménez,1400,
846614,4,"Hernandez Campos, Mary",Anita Grande Jiménez,1400,
846614,4,"Hernandez Granados, Mariana Sofia",Anita Grande Jiménez,1400,
846614,4,"Wepol Molina, Tamara",Anita Grande Jiménez,1400,
846614,5,"Coto Rodriguez, Sofia",Lider Los Corales,1400,
846614,5,"Sterling Farver, Alyah",Lider Los Corales,1400,
846614,5,"Torres Fernandez, Moncerratt",Lider Los Corales,1400,
846614,5,"Torres Fernandez, Natalie",Lider Los Corales,1400,
846614,6,"Castro Hernandez, Rangela Sharith",Lepanto,1432,
846614,6,"Montes Arce, Victoria",Lepanto,1432,
846614,6,"Martinez Soto, Keshly Yanicza",Lepanto,1400,
846614,6,"Navarro Sirias, Emee Valeska",Lepanto,1400,
846614,7,"Abarca Hernandez, Steicy",Pueblo Nuevo de Cajón,1400,
846614,7,"Chinchilla Monge, Maria",Pueblo Nuevo de Cajón,1400,
846614,7,"Granados Nunez, Leonela",Pueblo Nuevo de Cajón,1400,
846614,7,"Sancho Lopez, Scarlett",Pueblo Nuevo de Cajón,1400,
846614,7,"Umana Vargas, Dariana",Pueblo Nuevo de Cajón,1400,
846614,8,"Benavides Acuna, Nesly",Guardia,1400,
846614,8,"de la O Bustos, Nazareth",Guardia,1400,
846614,8,"Espinoza de la O, Denisse",Guardia,1400,
846614,8,"Orozco Vallejos, Emily",Guardia,1400,
846614,8,"Salazar Cerdas, Sherlyn",Guardia,1400,
846614,9,"Campos Piedra, Leonor",José María Zeledón B,1400,
846614,9,"Rivas Linares, Gabriela",José María Zeledón B,1400,
846614,9,"Vargas Villalobos, Amanda",José María Zeledón B,1400,
846615,1,"Mock Hegg, Christopher",Horizontes,1614,5
846615,2,"Gonzalez Aguero, Julian",Ccdr Cartago,1745,4
846615,3,"Guardiola Gonzalez, Sebastian",La Riviera,1505,3
846615,5,"Rodriguez Membreno, Sebastian",Alba Ocampo,1558,3
846615,6,"Magana Cardenal, Ian Sebastian",Santiago,1400,3
846615,7,"Arrieta Lopez, Mikel Gael",Yanuario Quesada,1418,2
846615,8,"Chacon Jimenez, Derek",San Carlos B,1400,2
846615,9,"Hernandez Morales, Yurmey",Santo Tomás,1400,2
846615,10,"Flores Elizondo, Mathias",R de Haití,1400,2
846615,11,"Mora Mora, Juan",,1400,1
846615,12,"Guerrero Rodriguez, Eyson",Presbítero José Daniel C,1400,0
846617,1,"Villalta Ramirez, Freivelyn",Isabel Brown Brown,1506,4.5
846617,2,"Villanueva Iglesias, Mathy",Bernardo Drug,1400,4.5
846617,3,"Garita Vargas, Zoe",IDA Corobicí,1430,3
846617,4,"Calderon Brenes, Abigail",Manuel Camacho,1566,3
846617,6,"Jimenez Solera, Michella",Manuela Santamaria,1535,2
846617,7,"Sandi Miranda, Aleska",La Esperanza,1407,2
846617,8,"Morales Karpinsky, Yuliana",Jenaro Bonilla,1426,1
846617,9,"Navarro Quiros, Alisson",Las Lagunas,1400,1
846617,10,"Hernandez Obando, Maria",Montaña Grande,1400,1
912207,1,"Herrera Baltodano, Marvin",Colegio Humanistico Costarricense N,1474,7
912207,2,"Castro Sanchez, Matias Andre",CTP de Nicoya,,5.5
912207,3,"Chavarria Avila, Freddy Antonio",Colegio Humanistico Costarricense N,,5
912207,4,"Sanchez Mendoza, Harley David",Liceo San Fco de Coyote,,4.5
912207,5,"Mora Fajardo, Jose Guillermo",CTP de Nicoya,,4
912207,6,"Barrantes Cruz, Daniel Garren",Colegio Humanistico Costarricense N,,3.5
912207,7,"Mendez Vargas, Luis Elias",CTP de Nicoya,,3.5
912207,8,"Flores Gutierrez, Josue Sebastian",CTP de Nicoya,,3
912207,9,"Castillo Gomez, Cristhofer Josue",CTP de Nicoya,,3
912207,10,"Loaiza Cardenas, Eduardo",CTP de Mansion,,2
912207,11,"Perez Espinoza, Yanarela",CTP de Mansion,,2
912207,12,"Villafuerte Alvarado, Carlos Jose",CTP de Mansion,,2
912207,13,"Garcia Lewis, Rafael Angel",CTP de Mansion,,0
912207,14,"Carranza Ballestero, Andy Gabriel",CTP de Nicoya,,0
912220,1,"Vargas Gomez, Mariana",Liceo de Nicoya,,5
912220,2,"Guerrero Castillo, Isaura",CTP de Nandayure,,4
912220,3,"Ruiz Retana, Mariangel",Liceo Samara,,3
912220,4,"Palacios Garcia, Mery Betsabe",Liceo San Fco de Coyote,,2
912220,5,"Toccaceli Sanchez, Francesca",Colegio Humanistico Costarricense N,,1
912220,6,"Rodriguez Ramirez, Brittany Mariel",CTP de Hojancha,,0
912229,1,"Perez Mora, Jared",Liceo de Nicoya,,5
912229,2,"Lopez Baltodano, Aaron Gabriel",Liceo de Nicoya,,3
912229,3,"Guevara Vasquez, Sebastian",CTP de Mansion,,3
912229,4,"Medina Villarreal, Leonardo",CTP de Mansion,,2
912229,5,"Gonzalez Garcia, Emanuel Alberto",Liceo San Fco de Coyote,,2
912229,6,"Hernandez Villagra, Marcelo Roberto",CTP de Mansion,,0
912244,1,"Palacios Garcia, Sara Elisa",,,5
912244,2,"Chen Liang, Jiayu",,,4
912244,3,"Rodriguez Abarca, Isaura Maria",,,2
912244,4,"Nunez Mora, Stheisy Pamela",,,2
912244,5,"Jimenez Hagen, Jozlyn Sophie",,,1
912244,6,"Lobo Munoz, Maria Paula",,,1
912349,1,"Guardiola Gonzalez, Sebastian",Liceo de Esparza,1505,7
912349,2,"Aguirre Valverde, Sebastian",Liceo Emiliano Odio Madrigal,,5
912349,3,"Mora Zamora, Joshua Isac",CTP de Esparza,,5
912349,4,"Mena Rodriguez, Dylan Antonio",CTP de de Santa Elena,,4.5
912349,5,"Monge Villalobos, Isai",Liceo Emiliano Odio Madrigal,,4
912349,6,"Rosales Serrano, Santiago Mathias",Liceo Emiliano Odio Madrigal,,4
912349,7,"Sanchez Chaves, Wesley Joan",CTP de Esparza,,3
912349,8,"Rojas Chaves, Mathews Jose",CTP de Esparza,,2.5
912349,9,"Soto Madriz, Aiden David",CTP de de Santa Elena,,1
912349,10,"Aragon Espinoza, Yarex Alejandro",CTP de Puntarenas,,0
912350,1,"Vindas Santamaria, Hilary Jazmin",,,3.5
912350,2,"Brenes Gonzalez, Daniela",,,0.5
912352,1,"Picado Bonilla, Jazmin",Colegio Laboratorio del CUP,,6
912352,2,"Bonilla Castillo, Cindy Julieth",CTP de Santa Elena,,5
912352,3,"Aguero Contreras, Reychel Tamara",Sistema Educativo Sancti Spiritus,1400,4
912352,4,"Nunez Gonzalez, Nicole Samantha",CTP de Puntarenas,,3
912352,5,"Delgado Solano, Jimena Dessiree",CTP de Puntarenas,,2
912352,6,"Corrales Corrales, Lexie Nicole",CTP de Santa Elena,,1
912352,7,"Aviles Soto, Sheyla Michelle",CTP de Esparza,,0
912353,1,"Hernandez Ocampo, Jose Javier",Liceo Jose Marti,,6.5
912353,2,"Araya Alvarado, Fabricio",Lic Antonio Obando Ch,,6
912353,3,"Zamora Nunez, Esteban Caleb",CTP de Puntarenas,,5.5
912353,4,"Vega Mora, Fabian",CTP de Esparza,,5
912353,5,"Guardiola Gonzalez, Jose Daniel",Liceo de Esparza,1558,5
912353,6,"Gong Zou, Jing",Lic Antonio Obando Ch,,5
912353,7,"Guido Rosales, Oscar Yaveth",Liceo Jose Marti,,4.5
912353,8,"Portuguez Blanco, Elian Evelio",CTP de Puntarenas,,4.5
912353,9,"Pinzon Araya, Nelson Ariel",Liceo Jose Marti,,4
912353,10,"Gonzalez Barrientos, Gabriel",Liceo Jose Marti,,4
912353,11,"Arias Funez, Valeria de los Angeles",Liceo Emiliano Odio Madriz,,4
912353,12,"Vindas Gomez, Ashlie Valeria",Liceo Jose Marti,,4
912353,13,"Quesada Gonzalez, Daniel",Liceo Jose Marti,,3.5
912353,14,"Lopez Martinez, Yubran Osmar",Liceo Jose Marti,,3.5
912353,15,"Hernandez Davila, Jose David",Liceo Emiliano Odio Madriz,,3
912353,16,"Murillo Ruiz, Mathias Gerar",Lic Antonio Obando Ch,,3
912353,17,"Sancho Gonzalez, Sebastian Snaider",Lic Antonio Obando Ch,,3
912353,18,"Picado Oporta, Jafeth",Colegio Academico Costa de Pajaros,,3
912353,19,"Castillo Lopez, Jesus",,,3
912353,20,"Villalobos Castillo, Gabriel Mathias",CTP de Esparza,,3
912353,21,"Perez Garcia, Robin Alonso",Colegio Academico Costa de Pajaros,,2
912353,22,"Escobar Martinez, Angel Josue",Liceo Emiliano Odio Madriz,,1
912353,23,"Rodriguez Herrera, Joshua Aaron",Colegio Academico Costa de Pajaros,,1
912353,24,"Aragon Espinoza, Bayron",,,1
912353,25,"Bello Vega, Bryan Jesus",CTP de Santa Elena,,0
912404,1,"Guerrero Rodriguez, Eyson",Pbro Jose D Carmona B,,6
912404,2,"Vargas Rojas, Daniel",Samara Pacific School,,5
912404,3,"Guzman Amador, Christopher Dariel",Pbro Jose D Carmona B,,4
912404,4,"Quiros Carranza, Dylan Jesus",San Francisco (Bejuco),,3
912404,5,"Marin Miranda, David Jaguar",Elimar High School Nosara,,2
912404,6,"Sanchez Baltodano, Tairon Oldemar",San Francisco (Bejuco),,1
912404,7,"Gutierrez Leiva, Victoria",Centro Educativo Prof Saul Cardenas,,0
912447,1,"Guerrero Rodriguez, Dixon",Pbro Jose D Carmona B,,3
912447,2,"Guerrero Castillo, Samantha",Vista del Mar,,2
912447,3,"Jimenez Carranza, Ethan Sebastian",Samara Pacific School,,1
917758,1,"Valderramos Solano, Ashly Victoria",San Luis Gonzaga,1456,1
917758,2,"Benavides Torres, Jessica",Serafico,,0
917761,1,"Diaz Navarro, Gustavo",Jose Figueres Ferrer,,3
917761,2,"Rios Vasquez, Maxell",Tolentino,,1.5
917761,3,"Cubero Araya, Samuel",San Luis Gonzaga,,1.5
917761,4,"Torres Oporta, Ian",Francisca Carrazco,,0
917762,1,"Alvarado Machado, E. Daniela",San Luis Gonzaga,1573,0
917764,1,"Cossio Carvajal, Bruno",Jose Figueres Ferrer,1891,3
917764,2,"Rivera Mata, Dylan",San Luis Gonzaga,,2
917764,3,"Gonzalez Aguero, Ignacio",Serafico,1644,1
917764,4,"Zuniga Munoz, Alessandro",Tolentino,,0
917772,1,"Granados Alvarado, Johan",Tolentino,,
917772,1,"Jimenez Alvarez, Joseph",Tolentino,,
917772,1,"Jimenez Nunez, Miguel Angel",Tolentino,,
917772,1,"Navarro Gonzalez, Angel Fabricio",Tolentino,,
917772,1,"Tuberquia Naranjo, Daniel",Tolentino,,
917772,2,"Roig Redondo, Samuel",Serafico,1400,
917772,2,"Brenes Serrano, Minor",Serafico,,
917772,2,"Gonzalez Calderon, Santiago",Serafico,,
917772,3,"Barrantes Torres, Isaac",CTP Dulce Nombre,,
917772,3,"Rivera Leiton, Darien",CTP Dulce Nombre,,
917775,1,"Mayen Figueroa, Edwin Josue",Francisca Carrazco,1400,
917775,1,"Vargas Guerrero, James Josue",Francisca Carrazco,1400,
917775,1,"Baez Torres, Kendall",Francisca Carrazco,,
917775,1,"Quiros Gonzalez, Zeth",Francisca Carrazco,,
917775,2,"Castro Romero, Cristian",CTP Dulce Nombre,,
917775,2,"Gomez Ortega, Joshua",CTP Dulce Nombre,,
917775,2,"Gonzalez Marin, Dilan",CTP Dulce Nombre,,
917958,1,"PINEDA FONSECA, JOSE",REPULICA DE BOLIVIA,1400,0
917958,2,"ZAMORA FALLAS, ISAAC",REPULICA DE BOLIVIA,1400,0
917958,3,"RIVERA RETANA, JOSE",Manuel Castro Blanco,1400,0
917958,4,"UREÑA FERNANDEZ, CARLOS",Manuel Castro Blanco,1400,0
917959,0,"CAMACHO CASTILLO, JHOSETP",Liceo San Carlos,1400,
917959,0,"CASTILLO FALLAS, JORDAN",Liceo San Carlos,1400,
917959,0,"FERNANDEZ SERRANO, JAFETH",Liceo Llano Bonito,1400,
917959,0,"HERNANDEZ FERNANDEZ, WILLIAM",Liceo San Carlos,1400,
917959,0,"Mutudo Miranda, Abdiel",Liceo Llano Bonito,1400,
917959,0,"PORTUGUEZ SANCHEZ, SAID",Liceo Llano Bonito,1400,
917959,0,"VEGA CASTILLO, ANDRES",Liceo San Carlos,1400,
917960,1,"Araya Hernandez, Orian",Liceo Llano Bonito,1400,0
917960,2,"Calvo Rojas, Jesus",Liceo Rural S,1400,0
917960,3,"Carranza Mayorga, Keisy",CTP Daniel Flores,1400,0
917960,4,"Quesada Jimenez, Dilan",Liceo San Carlos,1400,0
917960,5,"Sanchez Picado, Liam",CTP San Pablo,1400,0
917963,1,"VALVERDE FERNANDEZ, JOHAN",LICEO LLANO BONITO,1400,0
917963,2,"VARGAS VARGAS, JOHAN",LICEO SAN CARLOS,1400,0
919336,1,"Dereck, Gamboa Rivera",Los Alpes,,2
919336,4,"Tomas, Gamboa Retana",Jorge Debravo,,0
919337,1,"Alana, Rivera Morales",Cecilio Lindo,,3.5
919337,3,"Valentina, Vega Bravo",Manuel Jiménez,,2
919337,6,"Alana, Sofia Navarro Brenes",San Francisco,,1.5
919337,8,"Alanna, Solano Saénz",Jorge Debravo,,0
919339,1,"Kevin, Salazar Segura",Mariano Cortes,,5
919339,2,"Cristopher, Fonseca Rowe",Laboratorio,,4
919339,3,"Austin, Navarro Trejos",Las Colonias,,3.5
919339,5,"Keneth, Padgett García",Laboratorio,,3
919339,10,"Luis, Gutiérrez Ellis",Jenaro Bonilla,,2.5
919339,13,"Leonardo, Coto Ramírez",Sion,,2
919339,16,"Dennis, Laguna Ulloa",Cecilio Lindo,,1.5
919339,17,"Angel, Brenes Martínez",Eduardo Peralta,,1
919340,1,"Yuliana, Morales Karpinsky",Jenaro Bonilla,,4
919340,2,"Luciana, Suárez Álvarez",Mariano Cortes,,3
919340,4,"Susan, Rodríguez Smith",Laboratorio,,2
919340,8,"Rous, Mary Fuentes Solano",Manuel Jiménez,,1
919717,1,"Rivera Gutierrez, Geannina Isabela",Liceo Laboratorio de Liberia,1685,4
919717,2,"Rojas Vega, Eimy Tracy",CTP de la Fortuna,,3
919717,3,"Salazar Cerdas, Sherlyn Cristina",Liceo de Guardia,,2
919717,4,"Benavidez Acuna, Nesly",Liceo de Guardia,,1
919717,5,"Bonilla Castro, Genesis Jamileth",CTP de la Fortuna,,0
919718,1,"Castillo Chavarria, Sebastian",Liceo Laboratorio de Liberia,1697,6
919718,2,"Marron Pizarro, Karlfred",Liceo de Guardia,1481,5
919718,3,"Cascante Martinez, Justin Andrey",Liceo de Guardia,,3
919718,4,"Cordoba Marin, Johnny Orlando",Liceo de Guardia,,3
919718,6,"Espinoza Lopez, Valentina Lizzette",Liceo de Cuajiniquil,,0
919761,1,"Lobo Leiton, Alex Andrey",Liceo Jose Maria Gutierrez,,
919761,1,"Maroto Jimenez, Bernal Jesus",Liceo Jose Maria Gutierrez,,
919761,1,"Pryor Pryor, James Ricardo",Liceo Jose Maria Gutierrez,,
919761,1,"Torres Ugalde, Jared Esteban",Liceo Jose Maria Gutierrez,,
919761,2,"Alvarado Ferreto, Osvaldo",CTP de la Fortuna,,
919761,2,"Arias Varela, Adonays",CTP de la Fortuna,,
919761,2,"Chacon Madrigal, Gabriel Dario",CTP de la Fortuna,,
919761,2,"Trejos Barboza, Juan David",CTP de la Fortuna,,
919761,3,"Cordero Victor, Eidan Alberto",Liceo Exp. Bil. La Cruz,,
919761,3,"Mejia Almanzor, Kathleen Camila",Liceo Exp. Bil. La Cruz,,
919761,3,"Portillo Bautista, Naghell Alberto",Liceo Exp. Bil. La Cruz,,
919789,1,"Monestel Sequeira, Andy Gabriel",Alba Ocampo Alvarado,1443,5
919789,2,"Alfaro Gamboa, Adrian Caleb",Guapinol,,4
919789,3,"Caravaca Arias, Nicolas",John F. Kennedy,,3
919789,4,"Ruiz Solano, Rolvin",Marcelino Garcia Flamenco,,2.5
919789,5,"Hidalgo Leiva, Aaron Martin",Fausto Guzman Calvo,,2.5
919789,6,"Picado Guerrero, Sebastian",El Guayabo,,2
919789,7,"Oses Cortes, Ezequiel Aaron",El Guayabo,,2
919789,8,"Alvarado Granados, Nicolas Mateo",Isabel Brown Brown,,1
919789,9,"Charaja Umana, Cristopher Andres",Alba Ocampo Alvarado,1400,0
919792,1,"Cerdas Hurtado, Maria Isabella",Alba Ocampo Alvarado,1400,4.5
919792,2,"Monestel Corea, Michelle",Alba Ocampo Alvarado,,4
919792,3,"Arias Villegas, Aylin Michel",El Guayabo,,2
919792,4,"Ruiz Solano, Betzabe",Marcelino Garcia Flamenco,,2
919792,5,"Vanegas Platero, Alisa",Isabel Brown Brown,,1.5
919792,6,"Torres Rodriguez, Amanda Lucia",El Guayabo,,1
919982,1,"Casierra Bonilla, Francisco",John F. Kennedy,1400,
919982,1,"Viales Londono, Juan Pablo",John F. Kennedy,1400,
919982,1,"Rodriguez Porras, Rosa",John F. Kennedy,,
919982,1,"Vega Marin, Sebastian",John F. Kennedy,,
919982,2,"Garcia Cruz, Alejandro",Isabel Brown Brown,,
919982,2,"Miranda Lopez, Luis Fabian",Isabel Brown Brown,,
919982,2,"Rodriguez Villalobos, Dereck",Isabel Brown Brown,,
919982,2,"Villalta Bermudez, Johan Medardo",Isabel Brown Brown,,
919982,3,"Gudiel Miranda, Efren",El Guayabo (Mogote),,
919982,3,"Torres Rodriguez, Oliver",El Guayabo (Mogote),,
919982,3,"Villegas Mendoza, Liam",El Guayabo (Mogote),,
920000,1,"Morales Vega, Mia",Isabel Brown Brown,,
920000,1,"Sancho Hernandez, Mia",Isabel Brown Brown,,
920000,1,"Soto Platero, Keisi",Isabel Brown Brown,,
920000,2,"Alvarado Pizarro, Valentina",Alba Ocampo Alvarado,,
920000,2,"Alvarez Guido, Nathalia",Alba Ocampo Alvarado,,
920000,2,"Navarro White, Avril",Alba Ocampo Alvarado,,
921494,1,"Jose, Daniel Jimenez Santamaria",Colegio Santa María De Guadalupe,,5
921494,2,"Samuel, Camilo Cortes Acuña",Liceo La Aurora,,4
921494,3,"Luka, Gael Chaves Vargas",Colegio Claretiano,,4
921494,4,"Christian, Gabriel Rojas Ordoñez",Ctp Santo Domingo,,4
921494,5,"Benjamin, Jimenez Valverde",,,3
921494,6,"Sebastian, Mendez Sequeira",Liceo Santa Barbara,,3
921494,7,"Ronald, Jose Rojas Huertas",Liceo Rodrigo Hernandez V.,,3
921494,8,"Cristopher, Manuel Barboza Herrera",Liceo Rural Vara Blanca,,3
921494,9,"Gerald Andres, Cuadra Badilla",San Jose la Montaña,,3
921494,10,"Esteban, Santiago Quesada Calvo",Colegio Tecnico Profesional Del Est,,3
921494,11,"Oliver, Rocco Perdodomo",CTP CIT,,2
921494,12,"Austin, Joseph Gonzalez Sanchez",Liceo Samuel Saenz Flores,,2
921494,13,"Jeff, Davis Valenciano",Colegio Tecnico Profesional De Bele,,2
921494,15,"Gadiel, Santiago Soto Azofeifa",Colegio Tecnico Profesional De Bele,,2
921494,16,"Alvaro, GIl Ramirez",Liceo de Heredia,,1.5
921494,17,"Rafael, Mathias Iraheta Campos",Liceo Ing Manuel Benavides R.,,1.5
921494,18,"Benjamin, Jimenez Valverde",CTP CIT,,1
921494,19,"Maikol, Esteban Reyes Montero",Liceo Ing Manuel Benavides R.,,1
921494,20,"Daniel, Villanea Toledo",liceo Santa Barbara,,1
921494,21,"Bradley, Josemar Cascante Corrales",Liceo Exp.Bilingüe De Belen,,0
921494,31,"Abraham, Eduardo Serrano Orozco",Liceo Samuel Saenz Flores,,0
921495,1,"Valeska, Sofia Paniagua Ramirez",Liceo De Heredia,,5
921495,2,"Deborah, Viviana Cordero Lewis",Ctp Santo Domingo,,4
921495,3,"Gabriela, Bolaños Duran",CTP CIT,,3
921495,4,"Alexandra, Perez Davila",Claretiano,,2
921495,5,"Kimberly, Nayeth Rivera Bermudez",Liceo De Heredia,,1
921495,6,"Helena, Carral Diaz",Colegio Santa María De Guadalupe,,0
921498,1,"Derec, Nahum Chacon Martinez",Cleto Gonzalez Viquez(Heredia),,5
921498,2,"Carlos, Mollinedo Dela Roca",Cleto Gonzalez Viquez(Heredia),,4
921498,3,"Gabriel, Solano Loaiza",Esc. Fidel Chavez,,3
921498,4,"Francisco, Miguel Rivolta Veracoechea",Centro Integral De Educación Privad,,3
921498,5,"Mateo, Ramirez Gamboa",Santo Tomas (Santo Tomas),,2
921498,6,"Matheo, Gonzalez Hernandez",Felix Arcadio Montero,,2
921498,7,"Matthew, Joel Villafuerte Mora",Felix Arcadio Montero,,1
921498,8,"Alejandro, Miguel Segura Zarate",Lucila Gurdian Morales,,0
921499,1,"Alysa Chacon Hernandez,",CTP CIT,,5
921499,2,"Amanda, Araya Garita",Escuela Josefina Sagrada Familia,,4
921499,3,"Kate, Daniela Rodriguez Arguedas",Cleto Gonzalez Viquez(Heredia),,3
921499,4,"Eileen, Cardona Candelo",España (San Antonio),,3
921499,5,"Fatima Lucia Solano Loaiza,",Esc. Fidel Chavez,,2.5
921499,6,"Amy, Hernandez Calvo",Cleto Gonzalez Viquez(Heredia),,2.5
921499,7,"Ana, Sofía Puentes Torrealba",Santo Tomas (Santo Tomas),,1.5
921499,8,"Sofia, Vanessa Zuñiga Montero",Felix Arcadio Montero,,1.5
921499,9,"Alanna, Isabela Alpizar Vargas",Santo Tomas (Santo Tomas),,1.5
921499,10,"Valeria, Michelle Fernandez Peña",Felix Arcadio Montero,,0.5
921499,11,"Itzel, Samantha Leon Carazo",Fidel Chaves Murillo,,0
921501,1,"Matias, Oviedo Zamora",Escuela Josefina Sagrada Familia,,5
921501,2,"Carlos, Humberto Chacon Barboza",España,,4
921501,3,"Mathias, Castro Laurent",Caspari Montessori International Sc,,4
921501,4,"Dominic, Chacon Martinez",Cleto Gonzalez Viquez,,4
921501,5,"Roberth, Orozco Gonzalez",Pbro. Ricardo Salas Campos,,3
921501,6,"Justian, Altamirano Otero",Cleto Gonzalez Viquez,,3
921501,7,"Sebastian, Rojas Castro",Pbro. Ricardo Salas Campos,,3
921501,8,"Sebastian, Montenegro Elizondo",Felix Arcadio Montero,,3
921501,9,"Yekson, Rallo Barreda",Estados Unidos De America,,3
921501,10,"Daniel, Josue Carmona Espinoza",Caspari Montessori International Sc,,3
921501,11,"Nathan, Steve Ziezar Vargas",Santiago,,2.5
921501,12,"Ian, Lopez Brenes",Santiago,,2.5
921501,13,"Adrian, Valerio Sanchez",Estados Unidos De America,,2
921501,14,"Gabriel, Garcia",CIT,,2
921501,15,"Fernando, Chavarria Gomez",Pedro Murillo Perez,,2
921501,16,"Luigi Abis Rodriguez,",Cristobal Colon,,2
921501,17,"Saul, Corella",CIT,,2
921501,18,"Yago, Santiago Venegas Rodriguez",Pedro Murillo Perez,,2
921501,19,"Bryan, Samuel Alfaro Cabrera",Santo Tomas (Santo Tomas),,1
921501,20,"Dereck, Gabriel Laguna Sanchez",Felix Arcadio Montero,,1
921501,21,"Roberto, Alonso Campos Barquero",Santo Tomas (Santo Tomas),,1
921501,22,"Abdias, Roberto Silva Navidad",Jose Ezequiel Gonzalez Vindas,,0
921502,1,"Ariana, Soto Barrantes",Estados Unidos De America,,5
921502,2,"Brianna, Torres Venegas",España,,4
921502,3,"Sara, Altamirano Otero",Cleto Gonzalez Viquez,,3
921502,4,"Emily, Ramirez Castillo",España,,3
921502,5,"Alexia, Del Socorro Cortes Bermudez",Estados Unidos De America,,3
921502,6,"Daniela, Chaves Valdez",Cleto Gonzalez Viquez,,3
921502,7,"Helena, Ovares Leon",Cubujuqui,,3
921502,8,"Isabella, Rodriguez Chavarria",Cubujuqui,,3
921502,9,"Saray, Salome Giraldo Garcia",Felix Arcadio Montero,,3
921502,10,"Luciana, Ocampo Zamora",Santo Tomas (Santo Tomas),,2
921502,11,"Maria, Valentina Gonzalez Solano",Cristobal Colon,,2
921502,12,"Maya, Del Milagro Chacon Solano",Felix Arcadio Montero,,2
921502,13,"Hilary, Naomy Montero Taleno",Pbro. Ricardo Salas Campos,,1.5
921502,14,"Amy, Espinoza",CIT,,1.5
921502,15,"Camila, Guevara Arce",Santo Tomas (Santo Tomas),,1
921502,16,"Amanda, Lucia Galagarza Zuñiga",Colonia Isidreña (San Isidro),,0
921503,1,"Jose, Edwin Chavez Rodriguez",Centro Integral De Educación Privad,,5
921503,2,"José, Alejandro Rincón Betancourt",Colegio Santa María De Guadalupe,,4
921503,3,"Eliot, Jozeph Reyes Molina",Liceo Exp.Bilingüe De Belen,,4
921503,4,"Matthew, Varela Castellon",C.T.P. De Ulloa,,3
921503,5,"Joseph, Alejandro Herrera Ramirez",Liceo Rural Vara Blanca,,3
921503,6,"Matias, Arguello Artavia",Colegio Santa María De Guadalupe,,3
921503,7,"Ian, Daniel Blanco Navas",C.T.P. De Ulloa,,3
921503,8,"Travis, Kreis Barrantes",Unidad Pedagógica El Roble,,2.5
921503,9,"Juan, Pablo Rojas Morales",Colegio Claretiano,,2.5
921503,10,"Aaron, Jose Ureña Badilla",Colegio Claretiano,,2
921503,11,"Keishrell, Taric Wilson Lopez",Liceo Santa Barbara,,2
921503,12,"Hector, Andres Solano Arce",Liceo Santa Barbara,,2
921503,13,"Cristian, Alejandro Chavarria Arroyo",Liceo San Jose De La Montaña,,2
921503,14,"Santiago, Matias Carvajal Sanchez",Liceo San Jose De La Montaña,,1
921503,15,"Santiago, Daniel Barrantes Perez",liceo Ing Manuel Benavides R,,1
921503,16,"Allan, Jassir Romero Blandon",Liceo La Aurora,,0
921504,1,"Abigail, Calderon Brenes",Liceo Ing Carlos A Pascua Z.,,4
921504,2,"Irene, Morera Mena",Colegio Santa María De Guadalupe,,3
921504,3,"Camila, Sofia Vega Vega",Colegio Santa María De Guadalupe,,2
921504,4,"Tiffany, Abarca Azofeifa",Liceo Exp.Bilingüe De Belen,,1
921504,5,"Sophia, Alany Granados Cervantes",Liceo Samuel Saenz Flores,,0
921515,1,"Gabriel Espinoza Franco,",Liceo Santo Domingo,,
921515,1,"Josue Chavarria Cubero,",Liceo Santo Domingo,,
921515,1,"Julian La Touche Barrantes,",Liceo Santo Domingo,,
921515,1,"Kane Navas Pereira,",Liceo Santo Domingo,,
921515,2,"Jeidell Brant Araya,",Liceo de Heredia,,
921515,2,"JOSE ANGEL GUILLEN GONZALEZ,",Liceo de Heredia,,
921515,2,"JOSHUA JOHAN CAMPOS SOLANO,",Liceo de Heredia,,
921515,2,"Santiago Quiros Villalobos,",Liceo de Heredia,,
921515,3,"JHONAN JOSUE RODRIGUEZ CAMPOS,",Liceo San Jose de la Montaña,,
921515,3,"JOSHUA MANUEL PIEDRA BARRANTES,",Liceo San Jose de la Montaña,,
921515,3,"KENNETH JESUS CAMPOS CHAVARRIA,",Liceo San Jose de la Montaña,,
921515,3,"MATHIAS RIVERA SANCHEZ,",Liceo San Jose de la Montaña,,
921515,3,"NEYTHAN SAMUEL LOPEZ RAMOS,",Liceo San Jose de la Montaña,,
921515,4,"DIEGO GERARDO VALERIO ARROYO,",Colegio Santa Maria de Guadalupe,,
921515,4,"ISAAC DANIEL SAENZ RODRIGUEZ,",Colegio Santa Maria de Guadalupe,,
921515,4,"JAIR MATIAS SALAZAR CERDAS,",Colegio Santa Maria de Guadalupe,,
921515,4,"NEAL MATTIAS ARGUEDAS CANO,",Colegio Santa Maria de Guadalupe,,
921515,5,"CALEB GABRIEL SALAZAR CARBALLO,",Colegio Claretiano,,
921515,5,"DYLAN JESUS JIMENEZ CAMBRONERO,",Colegio Claretiano,,
921515,5,"JOSE DAVID GONZALEZ LOPEZ,",Colegio Claretiano,,
921515,5,"RAFAEL ALEJANDRO CATIVO CARVAJAL,",Colegio Claretiano,,
921515,6,"DANIEL ESPINOZA MOLINA,",Liceo Exp Bilingue de Belen,,
921515,6,"FABIO ANDRES GUTIERREZ DE LA CRU,",Liceo Exp Bilingue de Belen,,
921515,6,"ROBERTO ISAAC CORRALES HERNANDEZ,",Liceo Exp Bilingue de Belen,,
921515,6,"STEVE ZUÑIGA CASCANTE,",Liceo Exp Bilingue de Belen,,
921515,7,"DARIEN JOEL ANGULO ACUÑA,",Liceo Ing Manuel Benavidez,,
921515,7,"JEFERSON ZARATE LOPEZ,",Liceo Ing Manuel Benavidez,,
921515,7,"JUSTIN ALONSO AGUERO GONZALEZ,",Liceo Ing Manuel Benavidez,,
921515,7,"Milton Francisco Lanuza Méndez,",Liceo Ing Manuel Benavidez,,
921516,1,"EMANUEL ESPINOZA,",Liceo San Jose de la Montaña,,
921516,1,"GABRIEL ANTONIO CARVAJAL ALFARO,",Liceo San Jose de la Montaña,,
921516,1,"JEIBRAHAM HAZIEL ESQUIVEL DELGAD,",Liceo San Jose de la Montaña,,
921516,1,"JOHA RODRIGUEZ,",Liceo San Jose de la Montaña,,
921516,2,"FELIPE BARRANTES TRIGUEROS,",Colegio Claretirano,,
921516,2,"JOSE DANIEL FLORES CAMPOS,",Colegio Claretirano,,
921516,2,"MAURO ALBERTO CAMACHO VALERIO,",Colegio Claretirano,,
921516,2,"SANTIAGO PEREZ CASTRO,",Colegio Claretirano,,
921516,2,"SEBASTIAN LUNA ULATE,",Colegio Claretirano,,
921516,3,"ESTEBAN MENA,",Liceo Exp Bilingue Belen,,
921516,3,"ESTEBAN RAMIREZ,",Liceo Exp Bilingue Belen,,
921516,3,"ISAAC HERRERA,",Liceo Exp Bilingue Belen,,
921516,3,"JEFRY CONTRERAS,",Liceo Exp Bilingue Belen,,
921516,4,"ANDREW DANIEL ARROYO ASTORGA,",Liceo Ing Manuel Benavides,,
921516,4,"EXSAU ARTURO BIZCAINO MOLINA,",Liceo Ing Manuel Benavides,,
921516,4,"HENRY JOSUE HERNANDEZ RIZO,",Liceo Ing Manuel Benavides,,
921516,4,"SAMUEL LIN LIAO,",Liceo Ing Manuel Benavides,,
921516,5,"ERNESTO ZAMORA QUIROS,",Colegio Santa Maria de Guadalupe,,
921516,5,"GABRIEL ALEXANDER VILLALOBOS GON,",Colegio Santa Maria de Guadalupe,,
921516,5,"IVAN MATEO ORTIZ IBARRA,",Colegio Santa Maria de Guadalupe,,
921516,5,"SANTIAGO NAVARRO VARGAS,",Colegio Santa Maria de Guadalupe,,
921516,6,"BRIANS GABRIEL ZUÑIGA HERNANDEZ,",Liceo de Heredia,,
921516,6,"JORGE RAILEY ROJAS CEDEÑO,",Liceo de Heredia,,
921516,6,"JORGE ROJAS,",Liceo de Heredia,,
921516,6,"TAI YORZUHAT CHAVARRIA ARIAS,",Liceo de Heredia,,
921852,1,"ANA MARIA CORRALES CORRALES,",CENTRO EDUCATIVO FRAY FELIPE,,4
921852,2,"RACHEL NICOLE SERRANO FONSECA,",ESCUELA CONCEPCION (PLATANARES,,3
921852,3,"NAHOMY ISABELLA MORA CORDERO,",ESCUELA PEDRO PEREZ ZELEDON,,2
921852,4,"SAMANTHA RIVERA SANCHEZ,",ESCUELA SINAI,,1
921852,5,"JERELYN LEANCY UREÑA BONILLA,",ESCUELA LAS LAGUNAS DE DANIEL FLORE,,0
921853,1,"SAMUEL MONGE ARAYA,",CENTRO EDUCATIVO FRAY FELIPE,,5
921853,2,"AARON PIEDRA VILLAREVIA,",ESCUELA GUADALUPE,,4
921853,3,"FIDEL CORRALES CORRALES,",CENTRO EDUCATIVO FRAY FELIPE,,3
921853,4,"IAN BADILLA FLORES,",ESCUELA LA CENIZA,,3
921853,5,"JUAN DIEGO MORA SALAZAR,",ESCUELA LABORATORIO DANIEL FLORES,,2
921853,6,"KEVIN MAURICIO MENA ESTRADA,",ESCUELA LABORATORIO DANIEL FLORES,,2
921853,7,"ISAAC MATEO CAMACHO VENEGAS,",ESCUELA I.D.A. JORON,,2
921853,8,"DYLAN ESTEBAN SEGURA VALVERDE,",ESCUELA HERNAN RODRIGUEZ RUIZ,,2
921853,9,"GAEL CAMACHO ZUÑIGA,",ESCUELA LAS LAGUNAS DE DANIEL FLORE,,2
921853,10,"ANDRES ALEXANDER HERNANDEZ CORDE,",ESCUELA MIRAVALLES,,0
921854,1,"BRIANNA ISABELLA VINDAS MENDEZ,",ESCUELA LABORATORIO DANIEL FLORES,,5
921854,2,"SOFIA CORDOVA ELIZONDO,",ESCUELA LABORATORIO DANIEL FLORES,,4
921854,3,"ANYELIZ RUBY VALVERDE ARIAS,",ESCUELA CONCEPCION (PLATANARES),,3.5
921854,4,"LEONELA FRANCINI GRANADOS NUÑEZ,",ESCUELA PUEBLO NUEVO (CAJON),,3
921854,5,"SARA ABISAG CESPEDES ROJAS,",ASOCIACION EDUCATIVA DEL VALLE,,3
921854,6,"STEISY YURELI ABARCA HERNANDEZ,",ESCUELA PUEBLO NUEVO (CAJON),,2.5
921854,7,"LILA GONZALEZ CARMONA,",BILINGUAL MULTIDISCIPLINARY SCHOOL,,2.5
921854,8,"ARIANA VALENTINA CAMACHO CORDERO,",ESCUELA SINAI,,2.5
921854,9,"ISABELLA CESPEDES AGUILAR,",ESCUELA LAS LAGUNAS DE DANIEL FLORE,,2
921854,10,"JHOSELYN ARIANA FLORES BADILLA,",ESCUELA LAS LAGUNAS DE DANIEL FLORE,,2
921854,11,"VICTORIA VALVERDE AGUERO,",ESCUELA PEÑAS BLANCAS,,2
921854,12,"MARIA PAULINA SANDERS GARCIA,",BILINGUAL MULTIDISCIPLINARY SCHOOL,,1
921854,13,"GISLENA ABIGAIL ROJAS ARCE,",ESCUELA HERNAN RODRIGUEZ RUIZ,,1
921854,14,"ALLISON VANESSA RODRIGUEZ RODRIG,",ESCUELA MIRAVALLES,,0
921855,1,"SAMUEL JOSUE BEITIA RETANA,",ESCUELA LINDA VISTA,,5
921855,2,"YEISON DAVID VARGAS VARGAS,",BILINGUAL MULTIDISCIPLINARY SCHOOL,,4
921855,3,"JAVIER ALONSO CHINCHILLA SOLIS,",ESCUELA JERUSALEN,,4
921855,4,"JOSE SANTIAGO RAMIREZ VEGA,",BILINGUAL MULTIDISCIPLINARY SCHOOL,,4
921855,5,"JOSE JULIAN SOLANO SANDOVAL,",ESCUELA RODRIGO FACIO BRENES,,4
921855,6,"IAN MATIAS SEGURA DOBLES,",Escuela Republica de Mexico,,3.5
921855,7,"NAIYEL STIF ABARCA HERNANDEZ,",PUEBLO NUEVO (CAJON),,3
921855,8,"SEBASTIAN VENEGAS MIRANDA,",ESCUELA HERNAN RODRIGUEZ RUIZ,,3
921855,9,"JOSE PABLO SALAS ROJAS,",ESCUELA LABORATORIO DANIEL FLORES,,3
921855,10,"JULIAN MORA GUZMAN,",ESCUELA LABORATORIO DANIEL FLORES,,3
921855,11,"EDWIN FABRICIO LEIVA SALAZAR,",ESCUELA ROSARIO ARRONIZ,,3
921855,12,"ROBERTO JOSE CULBRETH MC CONNELL,",ESCUELA LINDA VISTA,,3
921855,13,"MATTHEW JOSE SEGURA VALVERDE,",ESCUELA HERNAN RODRIGUEZ RUIZ,,2.5
921855,14,"SAMUEL RIVERA SANCHEZ,",ESCUELA SINAI,,2
921855,15,"BYRON SEBASTIAN NAVARRO HERNANDE,",PUEBLO NUEVO (CAJON),,2
921855,16,"SANTIAGO QUESADA SOLANO,",ASOCIACIÓN EDUCATIVA DEL VALLE,,2
921855,17,"JOSAFAT CARVAJAL MARIN,",ESCUELA SAGRADA FAMILIA,,2
921855,18,"ABDIEL JASAH VARGAS TREJOS,",ESCUELA QUEBRADA HONDA (DANIEL FLOR,,2
921855,19,"MATT GUILLERMO MENDEZ ALVARADO ,",ESCUELA LAS LAGUNAS DE DANIEL FLORE,,2
921855,20,"CARLOS DANIEL VALVERDE MOLANO,",ESCUELA LA CENIZA,,2
921855,21,"ISAAC JESUS HERNANDEZ ROMERO,",ESCUELA ROSARIO ARRONIZ,,2
921855,22,"KALEB RAMIREZ OTAROLA,",ESCUELA PEDRO PEREZ ZELEDON,,1
921855,23,"ANDRE JULIAN ILAMA BARRIENTOS,",ESCUELA MIRAVALLES,,1
921855,24,"MATIAS JESUS VARELA HERRERA,",ESCUELA I.D.A. JORON,,1
921855,25,"KENDALL JULIAN BONILLA ZUÑIGA,",ESCUELA I.D.A. JORON,,1
921855,26,"ALEJANDRO CHRYSSOPULOS FAJARDO,",CENTRO EDUCATIVO FRAY FELIPE,,0
921862,1,"EMILY NATHASHA LOPEZ SOLIS,",ESCUELA LAS LAGUNAS DE DANIEL FLORES,,
921862,1,"KATTY MEJÍAS BENAVÍDEZ,",ESCUELA LAS LAGUNAS DE DANIEL FLORES,,
921862,1,"KEITHY SAMANTA RODRIGUEZ QUESADA,",ESCUELA LAS LAGUNAS DE DANIEL FLORES,,
921862,1,"NAHOMY SOFIA AGUILAR MARTINEZ,",ESCUELA LAS LAGUNAS DE DANIEL FLORES,,
921862,1,"SUSSY BELEN ACUÑA BADILLA,",ESCUELA LAS LAGUNAS DE DANIEL FLORES,,
921862,2,"FIORELLA GARITA HERRERA,",ESCUELA LABORATORIO DANIEL FLORES,,
921862,2,"MARIA SOFIA BADILLA SAENZ,",ESCUELA LABORATORIO DANIEL FLORES,,
921862,2,"NATALY SOFIA MORA SALAZAR,",ESCUELA LABORATORIO DANIEL FLORES,,
921862,2,"SALOME NAIARA ALVARADO BADILLA,",ESCUELA LABORATORIO DANIEL FLORES,,
921863,1,"AARON JOEL MENA ACUÑA,",ESCUELA LAS LAGUNAS DE DANIEL FLORES,,
921863,1,"CRISTOPHER ALEXIS ARIAS VARGAS,",ESCUELA LAS LAGUNAS DE DANIEL FLORES,,
921863,1,"JEAN CARLO VIVAS VARGAS,",ESCUELA LAS LAGUNAS DE DANIEL FLORES,,
921863,1,"JUAN DIEGO QUESADA GONZALEZ,",ESCUELA LAS LAGUNAS DE DANIEL FLORES,,
921863,1,"RANCES ESNAIDER UMAÑA MORA,",ESCUELA LAS LAGUNAS DE DANIEL FLORES,,
921863,2,"ETHAN BARY ALPIZAR HERNANDEZ,",ESCUELA LABORATORIO DANIEL FLORES,,
921863,2,"ISAAC MORA SANCHEZ,",ESCUELA LABORATORIO DANIEL FLORES,,
921863,2,"JEAN PAULO ASTUA QUESADA,",ESCUELA LABORATORIO DANIEL FLORES,,
921863,2,"JEREMIAS JOSE REYES GAMBOA,",ESCUELA LABORATORIO DANIEL FLORES,,
922239,1,"VAIOLETH ALISHA ERF VARGAS,",C.T.P. DE SAN ISIDRO DE EL GEN,,5
922239,2,"SOFIA QUESADA SOLANO,",ASOCIACION EDUCATIVA DEL VALLE,,4
922239,3,"DARIANA PAOLA UMAÑA VARGAS,",LICEO LAS MERCEDES,,3
922239,4,"SARA FERRETO SANDI,",C.T.P. DE SAN ISIDRO DE EL GEN,,3
922239,5,"DANNA CAMILA GONZALEZ RETANA,",LICEO UNESCO,,3
922239,6,"MARIA JOSE CHINCHILLA MONGE,",LICEO LAS MERCEDES,,3
922239,7,"LUANA SOFIA VALENCIANO HIDALGO,",COLEGIO LA ASUNCION,,2
922239,8,"GENESIS NATASHA CALVO MONGE,",LICEO RURAL SANTIAGO DE SAN PE,,1
922239,9,"ALMA HAUBEN HURTADO,",BILINGUAL MULTIDISCIPLINARY SCHOOL,,1
922239,10,"SOFIA ARCIA CORRALES,",LICEO UNESCO,,0
922240,1,"SANTIAGO DUARTE MOLINA,",LICEO FERNANDO VOLIO JIMENEZ,,4.5
922240,2,"SHANE STEVENS SEQUEIRA SOLIS,",LICEO DE SINAI,,4.5
922240,3,"SEBASTIAN BRAWN GARRO,",COLEGIO LA ASUNCION,,3
922240,4,"EITHAN ALEJANDRO CARRANZA GONZAL,",C.T.P. DE SAN ISIDRO DE EL GEN,,3
922240,5,"JAHEL FARID FALLAS CAMBRONERO,",C.T.P. DE SAN ISIDRO DE EL GEN,,3
922240,6,"SAULO STIFF MOYA VILLANUEVA,",C.T.P. GENERAL VIEJO,,3
922240,7,"ALEX JOSE CEDEÑO SALAZAR,",LICEO LAS MERCEDES,,3
922240,8,"REYNER GABRIEL ARROYO LORIA,",LICEO LAS MERCEDES,,2.5
922240,9,"BYRON ALEXANDER MONGE VALVERDE,",COLEGIO LA ASUNCION,,2.5
922240,10,"JESUS ALEJANDRO RODRIGUEZ BARRAN,",LICEO UNESCO,,2
922240,11,"EMILIANO MATIAS MARIN GEBARA,",BILINGUAL MULTIDISCIPLINARY SCHOOL,,2
922240,12,"GABRIEL ISAAC RODRIGUEZ ZUÑIGA,",LICEO UNESCO,,1
922240,13,"AMIR BALLESTERO HERNANDEZ,",BILINGUAL MULTIDISCIPLINARY SCHOOL,,1
922240,14,"GENESIS NATASHA CALVO MONGE,",LICEO RURAL SANTIAGO DE SAN PE,,0
922245,1,"ASHLY CRISTAL VELEZ ARIAS,",LICEO FERNANDO VOLIO JIMENEZ,,
922245,1,"ELIZABETH SOFIA BADILLA MENA,",LICEO FERNANDO VOLIO JIMENEZ,,
922245,1,"Emily Naomi Pavón Díaz,",LICEO FERNANDO VOLIO JIMENEZ,,
922245,1,"JESSICA ANGUIMASSIELL MONGE LOPE,",LICEO FERNANDO VOLIO JIMENEZ,,
922245,1,"MARIA GUADALUPE BARQUERO GUZMAN,",LICEO FERNANDO VOLIO JIMENEZ,,
922245,2,"BRIGITE CAMILA ESQUIVEL SANTAMAR,",LICEO DE SINAI,,
922245,2,"CARMEN PILAR BENAVIDES CUBERO,",LICEO DE SINAI,,
922245,2,"CRISTEL DANIELA MENDEZ TORRES,",LICEO DE SINAI,,
922245,2,"CRISTY ROCIO MENDEZ TORRES,",LICEO DE SINAI,,
922245,2,"KYHARA MARIEL VEGA AGUERO,",LICEO DE SINAI,,
922247,1,"JIMENA CORRALES ABARCA,",CENTRO EDUCATIVO FRAY FELIPE,,7
922247,2,"YAZMIN NAZARETH RODRIGUEZ ARIAS,",LICEO DE SINAI,,6
922247,3,"YAXIRY MARIA LEIVA SALAZAR,",LICEO AEROPUERTO,,5
922247,4,"KERLYN SAMANTHA BONILLA UREÑA,",LICEO FERNANDO VOLIO JIMENEZ,,4
922247,5,"HEIDY TAIRI MARIN SANDI,",C.T.P. DE SAN ISIDRO DE EL GEN,,3
922247,6,"NATALY FERNANDA CHINCHILLA MONGE,",LICEO LAS MERCEDES,,2
922247,7,"DANNA MASSIEL NAVARRO AGUERO,",C.T.P. DE SAN ISIDRO DE EL GEN,,1
922247,8,"JENNIFER MARIANA MASIS CORDERO,",LICEO RURAL SANTIAGO DE SAN PE,,0
922248,1,"JOSE ALFREDO CASTRO MEZA,",C.T.P. DE SAN ISIDRO DE EL GEN,,5
922248,2,"JEUDY SNAYDER LIRA FUENTES,",LICEO UNESCO,,4
922248,3,"JUAN PABLO VALVERDE CORDERO,",C.T.P. DE SAN ISIDRO DE EL GEN,,3
922248,4,"GABRIEL CORDERO ESQUIVEL,",LICEO UNESCO,,3
922248,5,"CARLOS GUILLERMO FRANCO MATARRIT,",LICEO DE SINAI,,2.5
922248,6,"MOISES ANTONIO RAMIREZ CORDERO,",LICEO AEROPUERTO,,2
922248,7,"SANTIAGO PICADO UREÑA,",ASOCIACION EDUCATIVA DEL VALLE,,2
922248,8,"ANDREW JESUS HERNANDEZ ROJAS,",LICEO LAS MERCEDES,,2
922248,9,"SEBASTIAN CEPEDES VILLAREDA,",ASOCIACION EDUCATIVA DEL VALLE,,1.5
922248,10,"ANDREW SAMUEL CHINCHILLA JIMENEZ,",LICEO FERNANDO VOLIO JIMENEZ,,0
922261,1,"Breyner, Dihayner Brown Morales",Liceo Rural Usekla,,2
922261,2,"Gerson, Divier Jimenez Vallejos",Colegio Indigena Shiroles,,1
922261,3,"Warner, Josue Ramirez Lopez",Liceo Rural Gavilan,,0
922262,1,"Hernandez, Yulierka",,,5
922262,2,"Morales, Jerome",,,4
922262,3,"Aaron, Gabriel Morales Ellis",Rancho Grande,,3
922262,4,"Adriel, Zahir Morales Lopez",China Kicha,,2.5
922262,5,"Dilan, Yair Sevilla Lopez",Rancho Grande,,2
922262,6,"Yohan, Langomas Abellan",Bribri (Bratsi),,2
922262,7,"Joshua, Arom Dominguez Torres",China Kicha,,1.5
922263,1,"Alice, Eliza Morales Hernandez",Rancho Grande,,1.5
922263,3,"Ivani, Yaleini Paez Pascacio",Rancho Grande,,0
922265,1,"Ediel, Adriany Iglesias Fernandez",Rancho Grande,,4
922265,2,"Sebastian, Mora Menocal",Bribri (Bratsi),,3.5
922265,3,"Derian, Alexis Hernandez Moreno",Santo Tomas,,3.5
922265,4,"Reyes, Dorian",,,3.5
922265,5,"Keyner, Antonio Price Pascacio",Rancho Grande,,3
922265,6,"Asaya, Josias Alvarado Almengor",China Kicha,,3
922265,7,"Edye, Daniel Lopez Segura",China Kicha,,3
922265,8,"Dave, Andrey Arias Lopez",Rancho Grande,,2
922265,9,"Thiago, Jose Villanueva Garcia",Bribri (Bratsi),,2
922265,10,"Johan, Siviani Salmeron Quiros",Bribri (Bratsi),,1.5
922265,11,"Josue, Ryan Reyes Torres",Santo Tomas,,1
922265,12,"Deriel, Enrique Jackson Hernandez",Santo Tomas,,0
922266,1,"Zuniga, Isabella",,,3
922266,2,"Villalobos, Francella",,,3
922266,3,"Danicha, Maria Steller Cascante",Rancho Grande,,2
922266,4,"Hernandez, Maria",,,2
922266,5,"Aylin, Daniela Umaña Hernandez",Rancho Grande,,0
922269,1,"Yurmey, Dionisio Hernandez Morales",Liceo De Sepecue Nº 2,,5
922269,2,"Villanueva, Ader",,1400,4
922269,3,"Yaret, Adrian Morales Chacon",Liceo De Sulayöm,,4
922269,4,"Peñaranda, Dereck",,,3
922269,5,"Torres, Christian",,,3
922269,6,"Elber, Argenis Hernandez Villanueva",Liceo De Sulayöm,,3
922269,7,"Pereira, Emmanuel",,,3
922269,8,"Dereck, Alain Morales Hernandez",Liceo Rural Coroma,,3
922269,9,"Dereck, Yazith Pereira Reyes",Colegio Indigena Shiroles,,3
922269,10,"Artemis, Reyes Sanchez",Liceo De Sepecue Nº 2,,3
922269,11,"Morales, Jefferson",,,2.5
922269,12,"Jackson, Leandro",,,2
922269,13,"Dulce, Jimenez",,,2
922269,14,"Palacio, jensen",,,2
922269,15,"Montes, Jorhany",,,2
922269,16,"Morales, Jeirel",,,2
922269,17,"Barahona, yudeizi",,,1.5
922269,18,"Forliano, Romedal Ramirez Tellez",Colegio Indigena Shiroles,,1
922269,19,"Angell, Paul Varela Calvo",Colegio Indigena Shiroles,,1
922269,20,"Derek, Peñaranda Arce",Liceo Rural Coroma,,0
922273,1,"Brainer, Steven Garcia Morales",Liceo De Sepecue Nº 2,,5
922273,2,"Johan, Trejos Morales",Liceo De Sepecue Nº 2,,4
922273,3,"Keiner, Yariel Vargas Uva",Liceo Rural Usekla,,4
922273,4,"Alberth, Joel Blanco Diaz",Liceo De Sulayöm,,3.5
922273,5,"Juan, Carlos Cortes Medrano",Colegio Indigena Shiroles,,3.5
922273,6,"Arqueli, Delgado Fernandez",Liceo De Sepecue Nº 2,,3
922273,7,"Yeri, Alexander Morales Vargas",Liceo Rural Usekla,,3
922273,8,"Anderson, Manuel Lopez Gonzalez",Cindea Sepecue,,3
922273,9,"Reymond, Yasiel Hernandez Nelson",Liceo De Sulayöm,,3
922273,10,"Emilson, Yair Uva Kiambli",Liceo Rural Usekla,,3
922273,11,"Mendez, Roberto",Sulayo,,2
922273,12,"Luis, Jaseth Diaz Fernandez",Cindea Sepecue,,2
922273,13,"Jervin, Sibo Vargas Paez",Liceo Rural Katsi,,2
922273,14,"Leonel, Adrian Villalobos Badilla",C.T.P. De Talamanca,,2
922273,15,"Quiros, Nahomy",Chiroles,,2
922273,16,"Raymond, Martinez Morales",Liceo Rural Gavilan,,1.5
922273,17,"Dorian, Gabriel Quesada Montero",Liceo Rural Gavilan,,1.5
922273,18,"Paez, Jordan",chiroles,,1
922273,19,"Reynaldo, Jonaykel Diaz Sandoval",Liceo Rural Gavilan,,0
922274,1,"Angelica, Adriana Blanco Yaslin",Liceo De Sulayöm,,5
922274,2,"Obando, Yulmi",,1400,4
922274,3,"Almengor, Natasha",,1400,2
922274,6,"Keysha, Diaz Marin",Liceo De Sulayöm,,0
922568,1,"Chaves Solis, Santiago",LEBP Guapiles,,
922568,1,"Diaz Sequiera, Maikely",LEBP Guapiles,,
922568,1,"Irola Araya, Camila",LEBP Guapiles,,
922568,1,"Segura Paniagua, Vicente",LEBP Guapiles,,
922568,2,"Cubillo Nicholson, Sebastian",Liceo San Rafael,,
922568,2,"Quesada Rojas, Jean Paul",Liceo San Rafael,,
922568,2,"Sandi Jimenez, Sebastian",Liceo San Rafael,,
922568,2,"Vega Chaves, Alejandro",Liceo San Rafael,,
922569,1,"Hurtado Hernandez, Matias",San Francisco,,
922569,1,"Jia Jun, Zhen Cen",San Francisco,,
922569,1,"Quesada Quintanilla, Lexy",San Francisco,,
922569,2,"Herrera Vega, Jeremi",Liceo San Rafael,,
922569,2,"Mendez Segura, Jose David",Liceo San Rafael,,
922569,2,"Morera Calvo, Kendall",Liceo San Rafael,,
922569,2,"Rivera Jimenez, Jouser",Liceo San Rafael,,
922610,1,"Herrera, Edison",Sulayon,1400,
922610,1,"Iglesias, Ami",Sulayon,1400,
922610,1,"Lopez, Anthony",Sulayon,1400,
922610,2,"Arias, Lissy",CTP,1400,
922610,2,"Arroyo, Dorian",CTP,1400,
922610,2,"Cajina, Frederick",CTP,1400,
922610,2,"Chavez, Yoselyn",CTP,1400,
923827,1,"ARIANNA, SANDI ULATE",,,3
923827,2,"ZIREL, RIVERA HERNANDEZ",,,2
923827,3,"DANIELA, YURIDIA CARAZO AGUERO",,,1
923827,4,"BRITANY, NICOLE PRENDAS BERMUDEZ",,,0
923828,1,"ADAM, ALONSO MORA ROJAS",,,4.5
923828,2,"ETHAN, ALONSO VILLALOBOS NUÑEZ",,,4.5
923828,3,"GABRIEL, GUILLERMO HOCKE SUAREZ",,,4
923828,4,"ESTEBAN, JESUS ROJAS GUZMAN",,,4
923828,5,"DREIVIN, DE LOS ANGELES FERNANDEZ BOGAN",,,3.5
923828,6,"JUSTIN, DANIEL ENRIQUEZ NUÑEZ",,,3
923828,7,"JEFFREY, ALBERTO AMAYA VINDAS",,,3
923828,8,"CRISTOPHER, ANDREY ZUÑIGA ARAYA",,,3
923828,9,"ANDREW, MATIAS ARROYO BERMUDEZ",,,3
923828,11,"JESHUA, MAURICIO LOPEZ BADILLA",,,2.5
923828,12,"JOUSSER, ESTEBAN ZUÑIGA VIQUEZ",,,2.5
923828,13,"MATHIAS SANTIAGO, LEZCANO VILLAREAL",,,2
923828,14,"JOHAN, EMANUEL BLANCO ROJAS",,,2
923828,15,"HARBY, ALONSO ROMERO VARGAS",,,2
923828,16,"ANDRE, ALESSIO DELGADO MADRIGAL",,,2
923828,18,"MAVERICK, CALEB CASTRO HERRERA",,,1.5
923828,19,"JOSUE, IGNACIO QUIROS BLANCO",,,1
923828,20,"BENJAMIN, NOAH GARZA",,,1
923828,21,"JOCKSUEL, VARGAS ARGUEDAS",,,1
923828,22,"LEONARDO, GRANADOS CASTRO",,,0
923829,1,"ISABELLA, CORRALES LAURENT",,,3.5
923829,2,"BRISA, SAMANTHA VASQUEZ MURILLO",,,3.5
923829,3,"JEDELYN, BEJARANO ARROYO",,,2
923829,4,"ANNI, FRANCESCA JIMENEZ LOPEZ",,,1
923829,5,"JIMENA, MARIA CHACON HINRICHS",,,0
923831,1,"IVAN, JOSE ABARCA MONTERO",,,5
923831,2,"PABLO, ARUSH RODRIGUEZ ALTAMIRANO",,,4
923831,3,"IAN, SEBASTIAN MAGAÑA CARDENAL",,,4
923831,4,"JOSE, PABLO SOLANO BARQUERO",,,3.5
923831,5,"DONAL ALBERTO, LOPEZ CHAVARRIA",,,3
923831,6,"YADIER, MAURICIO BONILLA ARAUZ",,,3
923831,7,"LEYFDAN, DARYAN PICADO MONTERO",,,3
923831,8,"ENDERSON, CORDERO CORTES",,,2.5
923831,9,"VICTOR, FABIAN DIAZ AGUERO",,,2
923831,10,"YOHEL, FABRICCIO QUESADA CASTRO",,,2
923831,11,"ANDRES, GUEVARA LEZCANO",,,2
923831,12,"SANTIAGO, MATIAS HERRERA BEITA",,,2
923831,13,"SANTIAGO, CHINCHILLA ESPINOSA",,,1.5
923831,14,"EMANUELE, STEFANO JIMENEZ BARRANTES",,,1.5
923831,15,"SEBASTIAN, YAHIR OLMOS GONZALEZ",,,1
923832,1,"DERECK,",,,3
923832,2,"Yared,",,,1.5
923832,3,"JORDAN,",,,1
923832,4,"XAVI,",,,0.5
923833,1,"JORDAN, LEONARDO SEAS ALVAREZ",,,3
923833,2,"FROYLAN, DAVID VILLALOBOS MONTIEL",,,2
923833,3,"BRENDA, MARIA CABALLERO VEGA",,,1
923833,4,"JOSTYN, STEEFF GUTIERREZ UMAÑA",,,0
923835,1,"ANDRES, GUSTAVO GUTIERREZ ROA",LICEO DE CIUDAD NEILLY,,
923835,1,"ANDREY, FABRICIO ALVARADO ACOSTA",LICEO DE CIUDAD NEILLY,,
923835,1,"DANIEL, IOSEV TORRES RODRIGUEZ",LICEO DE CIUDAD NEILLY,,
923835,1,"OSCAR, MARIO ROJAS ALVAREZ",LICEO DE CIUDAD NEILLY,,
923835,2,"AARON, FELIPE QUIROS BLANCO",LICEO DE AGUA BUENA,,
923835,2,"ELIAS, JOSUE SALINA ANDRADE",LICEO DE AGUA BUENA,,
923835,2,"KENNETH, ALONSO ZUÑIGA FALLAS",LICEO DE AGUA BUENA,,
923835,2,"MATHEW, JOHEL AVILA VEGA",LICEO DE AGUA BUENA,,
923835,2,"MAYLON, GERARD MOLINA PASTRAN",LICEO DE AGUA BUENA,,
923835,3,"AARON, LOPEZ GRANDA",LICEO FINCA NARANJO,,
923835,3,"LAZARO, VALDELOMAR JIMENEZ",LICEO FINCA NARANJO,,
923835,3,"PETTER, SAMUEL RODRIGUEZ VALVERDE",LICEO FINCA NARANJO,,
923835,3,"RODERICK, ALEXANDER DEGRACIA MONTEZUMA",LICEO FINCA NARANJO,,
924661,1,"CASTRO MIRANDA, CLAUDIO",La Paz Community School Tempisque,,4
924661,2,"ARROYO MENDEZ, IAN GABRIEL",BELEN (BELEN),,3
924661,3,"CABALARI MARIN, JEIMGUEL AARON",PARAISO (VEINTISIETE DE ABRIL),,2
924661,4,"JIMENEZ CHAVARRIA, IAN GABRIEL",BELEN (BELEN),,1
924661,5,"RODRIGUEZ LEAL, EIKER ANDRES",PARAISO (VEINTISIETE DE ABRIL),,0
924668,1,"BORBON SANCHEZ, SOFIA DAYANA",EL COCO (SARDINAL),,2
924668,2,"VILLARREAL MORAGA, SZREM DALEZCA",JOSEFINA LOPEZ BONILLA,,0
924682,1,"ARIAS PEREIRA, RAINHEART YUBEI",SAN JUANILLO,,5
924682,2,"CASTRO MIRANDA, LUCIO",La Paz Community School Tempisque,,4
924682,3,"MEJIAS MORA, DERECK SAUL",LAKESIDE INTERTNATIONAL SCHOOL,,4
924682,4,"BEJARANO BARRIOS, MATHEO",SAN JUANILLO,,4
924682,5,"SAUMET, VALENTIN",VILLARREAL,,3.5
924682,6,"PORRAS GUTIERREZ, SANTIAGO",27 DE ABRIL,,3.5
924682,7,"DINARTE VARGAS, LUCIANO",LAKESIDE INTERTNATIONAL SCHOOL,,3
924682,8,"MURILLO SOLANO, EMILIA",LAKESIDE INTERTNATIONAL SCHOOL,,3
924682,9,"ESPINOZA RODRIGUEZ, JULIAN",PALMIRA (PALMIRA),,3
924682,10,"FIGUEIRAS MONCADA, MATHIAS",La Paz Community School Tempisque,,3
924682,11,"ROSALES BADILLA, JOCCER JOSE",HATILLO (TEMPATE),,3
924682,12,"VARGAS JARQUIN, JUAN DAVID",PALMIRA (PALMIRA),,2
924682,13,"NAVARRETE MENDEZ, KERIN YARIEL",BELEN (BELEN),,2
924682,14,"CAMPO SEVILLA, GABRIELA",27 DE ABRIL,,2
924682,16,"ARAYA CONTRERAS, BRYAN ELI",BELEN (BELEN),,2
924682,17,"MONTENEGRO OLIVAS, ARIELIS DANIS",27 DE ABRIL,,2
924682,18,"CASTRO MORA, KENNY",PACIFICA GARCIA F. (PALMIRA),,2
924682,19,"CASTANEDA ZUNIGA, RAFAEL",PACIFICA GARCIA F. (PALMIRA),,2
924682,20,"MIRANDA CASTRO, CATALINA",PALMIRA (PALMIRA),,1
924682,21,"RUIZ MONTERO, KALEB",PARAISO (VEINTISIETE DE ABRIL),,1
924682,22,"MOLINA HENRIQUEZ, KIANNY",PACIFICA GARCIA F. (PALMIRA),,0
924682,23,"RODRIGUEZ BADILLA, JEROK",27 DE ABRIL,,0
925034,1,"Mendez Cordoba, Winston",CTP Quepos,1400,
925034,1,"Munoz Salazar, Yagner",CTP Quepos,1400,
925034,1,"Rodriguez Salazar, Dixon",CTP Quepos,1400,
925034,1,"Sotela Godinez, Isaac",CTP Quepos,1400,
925034,,"Diaz Hernandez, Jocsan",LIceo Rural Cerros,1400,
925034,,"Flores Urbina, Johandy",LIceo Rural Cerros,1400,
925034,,"Jara Maroto, Milton",LIceo Rural Cerros,1400,
925034,,"Sanchez Rodriguez, Jayron",LIceo Rural Cerros,1400,
925036,1,"Cruz Estrada, Keylor",CTP Quepos,1400,
925036,1,"Fernandez Guzman, Fabricio",CTP Quepos,1400,
925036,1,"Melendes Quesada, Daymon",CTP Quepos,1400,
925036,1,"Somayoa Ortega, Jeyden",CTP Quepos,1400,
925036,,"Fallas Valverde, Bayron",Liceo Rural Cerros,1400,
925036,,"Gomez Molina, Anthony",Liceo Rural Cerros,1400,
925036,,"Marin Zuniga, Carlos",Liceo Rural Cerros,1400,
925036,,"Piedra Prado, Royner",Liceo Rural Cerros,1400,
925037,1,"Vargas Arguedas, Caleb",Londres Arguedas,1841,5
925037,2,"Arguedas Vargas, Samuel",CTP Matapalos,1400,4
925037,3,"Chacon Masis, Jared Eduardo",CTP Quepos,1438,3
925037,4,"Lopez Gutierrez, Raymak",CTP Matapalos,1400,3
925037,5,"Salazar Villalobos, Emiliano",CTP Quepos,1400,3
925037,6,"Solano Chinchilla, Kendall",CTP Parrita,1400,3
925037,7,"Umana Flores, Delyr",Liceo Rural Cerros,1400,3
925037,8,"Fallas Cerdas, Ever",CTP Quepos,1400,2
925037,10,"Jimenez Barboza, David",Liceo Quebrada,1400,2
925037,11,"Piedra Corrales, Justin",LIceo El Carmen,1400,2
925037,12,"Gomez Molina, Leonel",Liceo Rural Cerros,1400,2
925037,13,"Piedra Chaves, Joshua",Liceo El Carmen,1400,1
925038,1,"Villalobos Fallas, Yeferson",CTP Quepos,1400,2
925038,2,"Gavrilona, Evgenia",CTP quepos,1400,1
925038,3,"Calderon Camacho, Ashly",Rural El Carmen,1400,0
925039,1,"Chavarria Coro, Jeremy",CTP Quepos,1400,4.5
925039,2,"Zapata Carrillo, Kendrick",CTP Quepos,1400,4
925039,3,"Fernandez Gonzales, Nathan",CTP Quepos,1400,2.5
925039,4,"Chaves Calderon, Joysi",Licero Rural Cerros,1400,2
925039,5,"Calderon Gallegos, Messi",Liceo Rural Cerros,1400,1.5
925039,6,"Valle Madrigal, Dereck",CTP Parrita,1400,0.5
925040,1,"Guerra Castro, Micheyling",CTP Quepos,1400,2
925040,2,"Alvarado Mendez, Adara",Londres de Aguirre,1400,1
925040,3,"Umana Flores, Audreth",Liceo Rurar Cerros,1400,0
925629,1,"SAMUEL, GARCIA FAJARDO",St. Jude School,,5.5
925629,2,"JUDAH, MATEO AZOFEIFA SOLIS",BENJAMIN HERRERA ANGULO,,5
925629,5,"He Chen, Alejandro",ILPPAL,,4.5
925629,7,"Morales Fata, Said",,,4
925629,8,"AZAEL, AUGUSTO BAQUERO GRATEROL",I.E.G.B ANDRES BELLO LÓPEZ,,4
925629,11,"NICOLAS, DEL RIO RAMIREZ",St. Jude School,,4
925629,12,"Cruz Echeverri, Mathias",ILPPAL,,3.5
925629,15,"JOSUE, ISAAC FONSECA GALEANO",RAFAEL FRANCISCO OSEJO,,3.5
925629,17,"DAVID, FABRICIO CRUZ CANTILLANO",LAS BRISAS,,3
925629,20,"AGUSTIN, CERDAS SANCHO",ILPPAL,,3
925629,24,"Evans, Ilich Ulloa Vargas",LICEO JOSE FIDEL TRISTAN,,3
925629,25,"Castillo Mendez, Mathias Jared",ILPPAL,,2.5
925629,28,"Aguilar Delgado, Daniel",ILPPAL,,2
925629,29,"ARIEL, MATTIAS CAMPOS VILLALOBOS",LAS BRISAS,,2
925629,31,"CRISTOPHER, SAMUEL SANCHEZ PACHECO",BENJAMIN HERRERA ANGULO,,2
925629,35,"Campos, Ramos Marcelo Josué",LICEO JOSE FIDEL TRISTAN,,2
925629,36,"Huertas, González Gerardo",LICEO JOSE FIDEL TRISTAN,,2
925629,37,"SEBASTIAN, GERARDO BALDELOMAR RIVERA",GUACHIPELIN (SAN RAFAEL),,1.5
925629,38,"RANDALL, EZEQUIEL ESPINOZA VEGAS",I.E.G.B ANDRES BELLO LÓPEZ,,1
925629,40,"Cerdas Sancho, Agustin",ILPPAL,,0
925630,1,"VALENTINA, DE LOS ANGELES ZUÑIGA SANCHEZ",RAFAEL FRANCISCO OSEJO,,6
925630,2,"ELIZABETH, ALVAREZ ESCOTO",Carlos Sanabria Mora,,4
925630,3,"CHEILYN, DE LOS ANGELES MOLINARES ARTAV",LAS BRISAS,,4
925630,4,"HAYLEY, RODRIGUEZ PEREZ",RAFAEL FRANCISCO OSEJO,,3.5
925630,5,"Pineda Rivas, Leana",Yanuario Quesada,,3.5
925630,6,"CAMILA, HIDALGO ZAMBRANO",RAFAEL FRANCISCO OSEJO,,3
925630,9,"HAILEY, ARIANA SOLIS LARA",RAFAEL FRANCISCO OSEJO,,2.5
925630,11,"Saborio Marin, Amanda",Yanuario Quesada,,2
925630,12,"AMELIA, CHAVES HERNANDEZ",ILPPAL,,0
925724,1,"BEY CHAVARRIA, TIAGO",Journey School,,5
925724,2,"REDDING, SILAS",La Paz Community School,,4
925724,3,"PHILIPPART DE FOY, TITOUAN",La Paz Community School,,3
925724,4,"ADAM, BRECK",La Paz Community School,,3
925724,5,"CONTRERAS MEDINA, MARIANO ALBERTO",LAKESIDE INTERTNATIONAL SCHOOL,,2
925724,6,"MARTINELLI MARTINELLI, GABRIEL",C.T.P. DE SANTA CRUZ,,2
925724,7,"BELLIDO BAZAN, MATHIAS",C.T.P. 27 DE ABRIL,,1
925724,8,"DIAZ LANUZA, ABDIEL NOE",C.T.P. DE SARDINAL,,0
925726,1,"DIAZ MONCADA, ANA CAROLINA",LICEO PLAYA DEL COCO,,3
925726,2,"GRIJALBA RUIZ, ANA MERCEDES",C.T.P. DE SARDINAL,,2
925726,3,"DUARTE ALVAREZ, KIARA MARINA",LICEO DE VILLARREAL,,0.5
925728,1,"ACUNA MORA, DANIEL",LICEO DE SANTA CRUZ,,5
925728,2,"RUGGERI, MATEO",La Paz Community School Tempisque,,4
925728,3,"ALVAREZ ABURTO, DYLAN",C.T.P. DE SANTA CRUZ,,3.5
925728,4,"SALAS KREPIN, KOA",LICEO DE VILLARREAL,,3.5
925728,5,"CARAVACA ROMERO, MATHIAS",LAKESIDE INTERTNATIONAL SCHOOL,,3
925728,6,"CHAVES RAMIREZ, VICTOR",LICEO DE BELEN,,3
925728,7,"ULLOA MORALES, SANTIAGO",LAKESIDE INTERTNATIONAL SCHOOL,,3
925728,8,"SOLANO ARAUZ, TONY",C.T.P. DE CARRILLO,,3
925728,9,"RUIZ SOTO, LUIS DANIEL",C.T.P. DE CARRILLO,,3
925728,10,"ESPINOZA GOMEZ, JAHIR ANTONIO",LICEO DE SANTA CRUZ,,2
925728,11,"PADILLA SOLORZANO, ALEJANDRO",C.T.P. DE SANTA BARBARA,,2
925728,12,"ALVAREZ GUZMAN, ANGEL",C.T.P. 27 DE ABRIL,,2
925728,13,"CASTRO ARIAS, CALEB JOSUE",LICEO DE SANTA CRUZ,,2
925728,15,"MENDEZ RAMOS, ALEXANDER",C.T.P. 27 DE ABRIL,,2
925728,16,"DIAZ BUSTOS, ABDIEL ANDRES",LICEO DE VILLARREAL,,1
925728,17,"SEGURA CAMACHO, KRYSTELL",LICEO DE BELEN,,1
925728,18,"GARCIA ANGULO, JARID",LICEO DE SANTA CRUZ,,0
932542,1,"Monestel Sequeira, Andy Gabriel",Alba Ocampo Alvarado,1443,5
932542,2,"Chan Mejias, Douglas",Delia Oviedo de Acuna,,3.5
932542,4,"Caravaca Arias, Nicolas",John F. Kennedy,,2
932542,5,"Benavides Alvarez, Cesar",Delia Oviedo de Acuna,,1
932542,6,"Alfaro Gamboa, Adrian Caleb",Guapinol,,0
932550,1,"Cerdas Hurtado, Maria Isabella",Alba Ocampo Alvarado,1400,3
932550,2,"Monestel Corea, Michelle",Alba Ocampo Alvarado,,2
932550,3,"Sancho Rojas, Valery",Jose M. Calderon,,1
932550,4,"Arias Villegas, Aylin Michel",El Guayabo,,0
932564,1,"Casierra Bonilla, Francisco",Escuela John F. Kennedy,1400,
932564,1,"Viales Londono, Juan Pablo",Escuela John F. Kennedy,1400,
932564,1,"Rodriguez Porras, Rosa",Escuela John F. Kennedy,,
932564,1,"Vega Marin, Sebastian",Escuela John F. Kennedy,,
932564,2,"Bermudez Montero, Cesar Armando",Escuela Delia Oviedo de Acuna,,
932564,2,"Castro Mendez, Jocksan",Escuela Delia Oviedo de Acuna,,
932564,2,"Montoya Martinez, Luis Adolfo",Escuela Delia Oviedo de Acuna,,
932564,2,"Rodriguez Ortega, Andrey",Escuela Delia Oviedo de Acuna,,
932564,2,"Vargas Maradiaga, Joshua Gabriel",Escuela Delia Oviedo de Acuna,,
932564,3,"Garcia Cruz, Alejandro",Escuela Isabel Brown Brown,,
932564,3,"Miranda Lopez, Luis Fabian",Escuela Isabel Brown Brown,,
932564,3,"Rodriguez Villalobos, Dereck",Escuela Isabel Brown Brown,,
932564,3,"Villalta Bermudez, Johan",Escuela Isabel Brown Brown,,
932568,1,"Morales Vega, Mia Isabella",Escuela Isabel Brown Brown,,
932568,1,"Sancho Hernandez, Mia",Escuela Isabel Brown Brown,,
932568,1,"Soto Platero, Keisi",Escuela Isabel Brown Brown,,
932568,1,"Vanegas Platero, Alisa",Escuela Isabel Brown Brown,,
932568,2,"Alvarado Pizarro, Valentina",Escuela Alba Ocampo Alvarado,,
932568,2,"Alvarez Guido, Nathalia",Escuela Alba Ocampo Alvarado,,
932568,2,"Mejia Camacho, Valery Jimena",Escuela Alba Ocampo Alvarado,,
932568,2,"Mejia Camacho, Valery Sofia",Escuela Alba Ocampo Alvarado,,
932568,2,"Navarro White, Avril",Escuela Alba Ocampo Alvarado,,
932577,1,"Castillo Chavarria, Sebastian",Liceo Laboratorio de Liberia,1697,3
932577,2,"Marron Pizarro, Karlfred",Liceo de Guardia,1481,2
932577,3,"Cascante Martinez, Justin Andrey",Liceo de Guardia,,1
932577,4,"Bejarano Obando, Carlos",Centro Ed. Eulogio Lopez Obando,,0
932583,1,"Rivera Gutierrez, Geannina Isabela",Liceo Laboratorio de Liberia,1685,1
932583,2,"Rojas Vega, Eimy Tracy",CTP de la Fortuna,,1
932595,1,"Lobo Leiton, Alex",Liceo José María Gutierrez,,
932595,1,"Maroto Jimenez, Bernal",Liceo José María Gutierrez,,
932595,1,"Pryor Pryor, James",Liceo José María Gutierrez,,
932595,1,"Torres Ugalde, Jared",Liceo José María Gutierrez,,
932595,2,"Alvarado Ferreto, Osvaldo",Colegio Técnico Profesional Fortuna de Bagace,,
932595,2,"Arias Varela, Adonays",Colegio Técnico Profesional Fortuna de Bagace,,
932595,2,"Chacon Madrigal, Gabriel",Colegio Técnico Profesional Fortuna de Bagace,,
932595,2,"Trejos Barboza, Juan",Colegio Técnico Profesional Fortuna de Bagace,,
932595,3,"Cordero Victor, Eidan",Liceo Experimental Bilingue de La Cruz,,
932595,3,"Mejia Almanzor, Kathleen",Liceo Experimental Bilingue de La Cruz,,
932595,3,"Portillo Bautista, Naghell",Liceo Experimental Bilingue de La Cruz,,
932652,1,"Morales Vasquez, Thiago Marcel",La Amistad,,5
932652,2,"Beitia Retana, Samuel Josue",Linda Vista,,4
932652,3,"Rodriguez Medrano, Iker",Barrio Alemania,,3
932652,4,"Morales Leiton, Mateo",Santiago,,2
932652,5,"Vargas Vargas, Yeison David",BMS,,0
932852,1,"Vindas Mendez, Brianna Isabella",Laboratorio,,5
932852,2,"Sandi Miranda, Aleska",La Esperanza Golfito,,4
932852,3,"Vargas Mendez, Sheyla Francini",La Julieta,,3
932852,4,"Cordova Elizondo, Sofia",Laboratorio,,2
932852,5,"Jimenez Sanchez, Victoria",Barrio Alemania,,1
932852,6,"Moya Najera, Victoria",San Antonio,,0
932853,1,"Castro Meza, Jose Alfredo",CTP San Isidro,,4
932853,2,"Villalobos Nunez, Ethan Alonso",Kennedy Bilingue School,,3
932853,3,"Delgado Figueroa, Abelardo",Liceo Yery,,3
932853,5,"Lira Fuentes, Jeudy Snayder",Liceo Unesco,,2
932853,6,"Quiros Picado, Cristofer",Liceo Academico Buenos Aires,,0
932855,1,"Corrales Abarca, Jimena",Centro educativo Fray Felipe,,4.5
932855,2,"Rodriguez Arias, Nazareth",Liceo de Sinai,,4
932855,3,"Rivera Hernandez, Zirel",Liceo Ciudad Neily,,3
932855,4,"Delgado Figueroa, Maria",Liceo Yery,,2.5
932855,5,"Sandi Ulate, Ariana",Italo Costarricense,,0
932857,1,"Aguilar Solorzano, Matteo Antonio",Barrio Canada,,
932857,1,"Alvarez Quesada, Cristopher Josue",Barrio Canada,,
932857,1,"Cordero Carranza, Kail Alonso",Barrio Canada,,
932857,1,"Fonseca Sanchez, Zahir Felipe",Barrio Canada,,
932857,2,"Gallardo Gonzalez, Kadeen Daviel",Juan Lara Alfaro,,
932857,2,"Gomez Montero, Noa Felipe",Juan Lara Alfaro,,
932857,2,"Gonzalez Alvarez, Reynard Isaac",Juan Lara Alfaro,,
932857,2,"Morgan Aizpurua, Santiago Ulises",Juan Lara Alfaro,,
932857,3,"Arias Vargas, Cristopher Alexis",Las Lagunas,,
932857,3,"Mena Acuna, Aaron Joel",Las Lagunas,,
932857,3,"Quesada Gonzalez, Juan Diego",Las Lagunas,,
932857,3,"Umana Mora, Rances Esnaider",Las Lagunas,,
932857,3,"Vivas Vargas, Jean Carlo",Las Lagunas,,
932857,4,"Alpizar Hernandez, Ethan Bary",Laboratorio,,
932857,4,"Astua Quesada, Jean Paulo",Laboratorio,,
932857,4,"Mora Sanchez, Isaac",Laboratorio,,
932857,4,"Reyes Gamboa, Jeremias Jose",Laboratorio,,
932858,1,"Acuna Badilla, Sussy Belen",Las Lagunas,,
932858,1,"Aguilar Martinez, Nahomy Sofia",Las Lagunas,,
932858,1,"Lopez Solis, Emily Nathasha",Las Lagunas,,
932858,1,"Mejias Benavidez, Katty",Las Lagunas,,
932858,1,"Rodriguez Quesada, Keithy Samanta",Las Lagunas,,
932858,2,"Alvarado Badilla, Salome Naiara",Laboratorio,,
932858,2,"Badilla Saenz, Maria Sofia",Laboratorio,,
932858,2,"Garita Herrera, Fiorella",Laboratorio,,
932858,2,"Mora Salazar, Nataly Sofia",Laboratorio,,
932859,1,"Webb Perez, Cristian Jose",Liceo Unesco,1461,
932859,1,"Gonzalez Retana, Fabian Daniel",Liceo Unesco,1403,
932859,1,"Naranjo Mora, Marco Ricardo",Liceo Unesco,1400,
932859,1,"Arias Monestel, Dilan",Liceo Unesco,,
932859,1,"Hernandez Badilla, Anthony Rafael",Liceo Unesco,,
932859,2,"Torres Rodriguez, Daniel Iosev",Liceo Ciudad Neily,1481,
932859,2,"Alvarado Acosta, Andrey Fabricio",Liceo Ciudad Neily,1403,
932859,2,"Rojas Alvarez, Oscar Mario",Liceo Ciudad Neily,1400,
932859,2,"Gustavo Roa, Andres Gustavo",Liceo Ciudad Neily,,
932859,3,"Lobo Beita, Yeiner Daniel",CTP San Isidro,1400,
932859,3,"Aguirre Mora, David Andres",CTP San Isidro,,
932859,3,"Escartin Martinez, Angel Esteban",CTP San Isidro,,
932859,3,"Garita Rivera, Harold Santiago",CTP San Isidro,,
932859,3,"Herrera Bonilla, Keudin Mauricio",CTP San Isidro,,
932859,4,"Porras Fonseca, Josue",Liceo Académico Buenos Aires,,
932859,4,"Quesada Fernandez, Evans",Liceo Académico Buenos Aires,,
932859,4,"Quiros Picado, Cristofer",Liceo Académico Buenos Aires,,
932859,4,"Vargas Castillo, Matias",Liceo Académico Buenos Aires,,
932859,5,"Avila Vega, Mathew Johel",Liceo Agua Buena,,
932859,5,"Molina Pastran, Maylon Gerard",Liceo Agua Buena,,
932859,5,"Quiros Blanco, Aaron Felipe",Liceo Agua Buena,,
932859,5,"Salina Andrade, Elias Josue",Liceo Agua Buena,,
932859,5,"Zuniga Fallas, Kenneth Alonso",Liceo Agua Buena,,
932860,1,"Retana Marin, Jennifer Daniela",Liceo Sinai,1400,
932860,1,"Madriz Hidalgo, Rouss Briseth",Liceo Sinai,,
932860,1,"Ulate Arguedas, Kendry Yilena",Liceo Sinai,,
932860,1,"Valverde Rodriguez, Nicole",Liceo Sinai,,
932860,2,"Aguilar Jimenez, Meichel Celeste",Colegio Finca Naranjo,,
932860,2,"Gonzalez Espinoza, Sahara Valeska",Colegio Finca Naranjo,,
932860,2,"Hernandez Araya, Brandy Valeria",Colegio Finca Naranjo,,
932860,2,"Mc Cabe Hernandez, Evenly Imperio",Colegio Finca Naranjo,,
932860,2,"Montoya Cruz, Brithany Ariana",Colegio Finca Naranjo,,
932935,1,"Ramirez Elizondo, Javier",Colegio Bilingue San Ramon A,1403,
932935,1,"Garcia Hidalgo, Juan Carlos",Colegio Bilingue San Ramon A,1400,
932935,1,"Nunez Robles, Bryan Josue",Colegio Bilingue San Ramon A,1400,
932935,1,"Ramirez Elizondo, Julian",Colegio Bilingue San Ramon A,1400,
932935,2,"Gonzales Ramirez, Felipe",GSD,,
932935,2,"Gonzalez Ramirez, Ignacio",GSD,,
932935,2,"Mora Cubero, Andre",GSD,,
932935,2,"Navarra Alvarez, Domenico Leonardo",GSD,,
932935,2,"Vindas Salazar, Jose Maria",GSD,,
932935,3,"Aleman Sibaja, Antonio",Escuela San Gerardo,,
932935,3,"Barrantes Sibaja, Emiliano",Escuela San Gerardo,,
932935,3,"Osario Polimeni, Emiliano",Escuela San Gerardo,,
932935,3,"Ramirez Carballo, Mathias Nael",Escuela San Gerardo,,
932935,4,"Aguilar Alvarado, Cesar Enrique",Escuela Timoleon Morera Soto,1400,
932935,4,"Gonzalez Arguedas, Gabriel",Escuela Timoleon Morera Soto,,
932935,4,"Mena Arias, Adriel",Escuela Timoleon Morera Soto,,
932935,4,"Molina Castillo, Felipe Jose",Escuela Timoleon Morera Soto,,
932935,4,"Ramirez Gonzales, Sebastian",Escuela Timoleon Morera Soto,,
932935,5,"Aleman Alpizar, Gael Francisco",Eida Vargas Carranza A,,
932935,5,"Alpizar Sequiera, Steven",Eida Vargas Carranza A,,
932935,5,"Giovanni Reynosa, Yader",Eida Vargas Carranza A,,
932935,6,"Campos Madrigal, Matias",Colegio Bilingue San Ramon B,,
932935,6,"Rojas Alpizar, Emanuel",Colegio Bilingue San Ramon B,,
932935,6,"Rojas Alpizar, Gabriel",Colegio Bilingue San Ramon B,,
932935,6,"Villalobos Guerraro, Jose Andres",Colegio Bilingue San Ramon B,,
932936,1,"Rojas Gomez, Mariangel",Escuela Pacto del Jocote,1423,
932936,1,"Jimenez Ugalde, Isabella",Escuela Pacto del Jocote,1400,
932936,1,"Chavez Chavarria, Nataly Viviana",Escuela Pacto del Jocote,,
932936,1,"Perez Almanza, Keyli",Escuela Pacto del Jocote,,
932936,2,"Bastos Monge, Sarah",Humminbird School,,
932936,2,"Bragg Marin, Michelle Sophia",Humminbird School,,
932936,2,"Gondola Alvarado, Emma Isabel",Humminbird School,,
932936,2,"Obando Brenes, Valentina",Humminbird School,,
932936,3,"Chassoul Perez, Sofia",Colegio Bilingue San Ramon,,
932936,3,"Fernandez Cascante, Angelica",Colegio Bilingue San Ramon,,
932936,3,"Rodriguez Alvarez, Fatima",Colegio Bilingue San Ramon,,
932936,3,"Vega Campos, Malena",Colegio Bilingue San Ramon,,
932937,1,"Gonzales Arguedas, Felipe",Escuela Timoleon Morera Soto,,4
932937,2,"Bejarano Tames, Michael Andres",Naranjo,1697,4
932937,3,"Herrera Carmona, Jhoel",Poas,1565,3.5
932937,4,"Alvarez Ramirez, Emanuel",Alajuela,1639,2.5
932937,5,"Yirald Henao, Samuel",Escuela Juan Jose Valverde,,1
932937,6,"Moya Moya, Dereck Uriel",Escuela manuel Quesada Bastos,,0
932938,1,"Jimenez Solera, Michella",Codea,1533,5
932938,2,"Barboza Viquez, Angelica",Codea,1518,4
932938,3,"Delgado Arroyo, Brithany Natasha",Ccdr Heredia,1521,3
932938,4,"Jimenez Retana, Jullian",Escuela Eida Vargas Carranza,,2
932938,5,"Saborio Valverde, Johanna",Naranjo,1400,1
932938,6,"Miranda Chacon, Lia Victoria",Naranjo,1400,0
932940,1,"Sandi Quiros, Carlos Alberto",Liceo San Jose de Alajuela,1439,
932940,1,"Castillo Aragon, Jeremy Joshua",Liceo San Jose de Alajuela,1409,
932940,1,"Porras Mora, Dereck Antonio",Liceo San Jose de Alajuela,1400,
932940,1,"Murillo Ferrufino, Emmanuel Josue",Liceo San Jose de Alajuela,,
932940,1,"Venegas Masis, Dylan Manuel",Liceo San Jose de Alajuela,,
932940,2,"Navarro Chaves, Esteban",LEB de Grecia,,
932940,2,"Quesada Chaves, Antonio",LEB de Grecia,,
932940,2,"Suarez Gonzales, Joel",LEB de Grecia,,
932940,2,"Zumbado Ugalde, Sebastian",LEB de Grecia,,
932940,3,"Duran Mejia, Randy Fahin",CTP Rosario Naranjo,1400,
932940,3,"Campos Obando, Santiago Josue",CTP Rosario Naranjo,,
932940,3,"Carrales Chavarria, Oscar",CTP Rosario Naranjo,,
932940,3,"Dorothe Dieza, Marie",CTP Rosario Naranjo,,
932940,3,"Gonzales Garcia, James",CTP Rosario Naranjo,,
932940,4,"Carranza Guitierrez, Bayron",Liceo de Palmares,,
932940,4,"Hernandez Carranza,",Liceo de Palmares,,
932940,4,"Obando Castillo, Sleider",Liceo de Palmares,,
932940,4,"Rodiguez Aburto, Jean Carlo",Liceo de Palmares,,
932940,4,"Zuniga Jimenez, Diego",Liceo de Palmares,,
932940,5,"Angulo Mendoza, Bryan",CTP Zarcero,,
932940,5,"Castro Soto, Emanuel",CTP Zarcero,,
932940,5,"Garcia Perez, Caleb",CTP Zarcero,,
932940,5,"Mata Quijaro, Arturo",CTP Zarcero,,
932940,6,"Aguero Conejo, Daniel Yoel",CTP Atenas,,
932940,6,"Gonzalez Beita, Kevin Haziel",CTP Atenas,,
932940,6,"Morera Sandoval, Sebastian",CTP Atenas,,
932940,6,"Soledad Hurtado, Guillermo Jose",CTP Atenas,,
932942,1,"Aguero Monge, Alicia Natalia",Codea,1576,5
932942,2,"Lobo Meneses, Andrea Alejandra",Codea,1485,3.5
932942,3,"Sanchez Sanchez, Karen Eliza",CTP Calle Zamora,,3
932942,4,"Barquero Godoy, Genesis Victoria",Codea,1488,2.5
932942,5,"Leal Retana, Britanny",CTP Calle Zamora,,1
932942,6,"Martinez Martinez, Krisbel Belen",CTP Piedades Sur,,0
932943,1,"Campos Munoz, Valentina",Liceo Redentorista San Alfonso,1802,
932943,1,"Medina Mayorga, Raquel",Liceo Redentorista San Alfonso,1504,
932943,1,"Bermudez Hernandez, Amanda",Liceo Redentorista San Alfonso,1400,
932943,1,"Lopez Bustos, Daniela",Liceo Redentorista San Alfonso,1400,
932943,2,"Buhrs Aguilar, Ineke Natasha",GSD International School,,
932943,2,"Pizarro Oviedo, Ana Lucia",GSD International School,,
932943,2,"Rizo-Patron Cantu, Andrea",GSD International School,,
932943,2,"Schiffino Aguilar, Isabella",GSD International School,,
932943,3,"Alvarado Torres, Genesis",Liceo de Palmares,,
932943,3,"Montoya Barboza, Jimena Paila",Liceo de Palmares,,
932943,3,"Torres Morales, Maria Jose",Liceo de Palmares,,
932943,3,"Vargas Sancho, Susan Elena",Liceo de Palmares,,
933046,1,"GUIDO ROJAS, HORACIO",LEPANTO ABIERTO,,
933046,1,"HIDALGO AGUINAGA, SANTIAGO",LEPANTO ABIERTO,,
933046,1,"MARTINEZ CORDONCILLO, JOHAN",LEPANTO ABIERTO,,
933046,1,"VEGA DUARTES, JIMMY",LEPANTO ABIERTO,,
933046,,"ALVARADO CASTILLO, AARON",MONTAÑA GRANDE ABIERTO,,
933046,,"BOLAÑOS CASTILLO, ARLYN",LICEO ACADEMICO LEPANTO,,
933046,,"CANALES GOMEZ, FABIANA",MONTAÑA GRANDE FEMENINO,,
933046,,"CARMONA CASTILLO, HECTOR",MONTAÑA GRANDE ABIERTO,,
933046,,"CASTRO HERNANDEZ, RANGELA",LICEO ACADEMICO LEPANTO,,
933046,,"CORTES MATARRITA, ALEXA",LEPANTO FEMENINO,,
933046,,"CRUZ ZUÑIGA, JOSE ANDRES",MONTAÑA GRANDE ABIERTO,,
933046,,"FERNANDEZ MENA, VALERIA",MONTAÑA GRANDE FEMENINO,,
933046,,"HIDALGO PEREZ, AUDREY",LEPANTO FEMENINO,,
933046,,"LEYTON ZUÑIGA, ALLISON",MONTAÑA GRANDE FEMENINO,,
933046,,"MARTINEZ SOTO, KESHLY",LICEO ACADEMICO LEPANTO,,
933046,,"MENA HIDALGO, IAN",MONTAÑA GRANDE ABIERTO,,
933046,,"MONTES CEDEÑO, KEISY",MONTAÑA GRANDE FEMENINO,,
933046,,"OVARES SOTO, JIMENA",LEPANTO FEMENINO,,
933046,,"SILES ALVAREZ, SOFIA",LEPANTO FEMENINO,,
933046,,"TORRES OBANDO, NAZARETH",LICEO ACADEMICO LEPANTO,,
933907,1,"MARÍA, JOSE MORA LOPEZ",WEST COLLEGE,,3.5
933907,2,"KEYCI, PAMELA HERNÁNDEZ BRENES",COLEGIO MONSEÑOR SANABRIA,,2.5
933907,3,"MARIANA, LEITÓN RIVAS",NUESTRA SÑRA DE DESAMPARADOS,,1
933907,5,"VALERY, DANIELA TORIBIO CAMBRONERO",CTP Puriscal,,0
933909,1,"VICTOR, IVÁN ARAUZ MORALES",Darío Flores H.,,4.5
933909,2,"SAMUEL, GARCÍA FAJARDO",ST JUDE SCHOOL,,4
933909,3,"SAMUEL, JESUS RAMIREZ ACUÑA",REPÚBLICA DE FRANCIA,,3.5
933909,4,"JUDAH, MATEO AZOFEIFA SOLIS",BENJAMÍN HERRERA ANGULO,,3
933909,5,"JOHAN, MEDINA SOLANO",ESCUELA GABRIEL BRENES,,3
933909,6,"JUAN, PABLO BONILLA QUIRÓS",ESCUELA GABRIEL BRENES,,3
933909,7,"MIKEL, GAEL ARRIETA LOPEZ",I.E.G.B JANUARIO QUESADA,,2
933909,8,"NICOLAS, CALDERON MORA",Complejo Educ. Santa Lucia,,2
933909,9,"DAVID, MORA CUBILLO",ESCUELA DR. CALDERÓN MUÑOZ,,2
933909,11,"SAMUEL, GONZÁLEZ BENAVIDEZ",IEGB REPÚBLICA DE PANAMÁ,,1
936588,1,"Jose Francisco, Chin Huezo",El Carmen,1400,5
936588,2,"Anthony, Barrantes Barrios",Bruselas (Macacona),1400,3.5
936588,4,"Ari Gabriel, Braibant Quiros",,,2
936588,5,"Alexander, Scott Grayson",,,1
936588,6,"Luis Andres, Ceciliano Fonseca",Sistema Educativo Colegio Ecoturíst,1400,0
936589,1,"Salma, Fertig Valverde",Ficus tree,1400,2
936589,2,"Alexa Maria, Li Alcazar",Countryside Academy,1400,0
936590,1,"Caleb, Vargas Arguedas",LICEO RURAL LONDRES DE AGUIRRE,1954,5
936590,2,"Jose Javier, Hernandez Ocampo",LICEO JOSE MARTI,1400,4
936590,3,"Jared Eduardo, Chacon Masis",C.T.P. DE QUEPOS,1438,3
936590,4,"Samuel Alejandro, Arguedas Vargas",C.T.P. DE MATAPALO,1524,1
936591,1,"Cindy Julieth, Bonilla Castillo",C.T.P. DE SANTA ELENA,1462,3
936591,2,"Reychel Tamara, Aguero Contreras",Sistema Educativo Sancti Spíritus,1400,2
936591,3,"Jazmin, Picado Bonilla",Esparza,1400,1
936591,4,"Genesis Liseth, Rodriguez Luna",C.T.P. DE PARRITA,1400,0
936592,1,"Isaac Dario, Garcia May",DELIA URBINA GUEVARA,1400,
936592,1,"Leo, Morales Ramos",DELIA URBINA GUEVARA,1400,
936592,1,"Fabian Alexandro, Tripovich Zuniga",DELIA URBINA GUEVARA,1400,
936592,1,"Eithan, Vargas Gonzalez",DELIA URBINA GUEVARA,1400,
936592,2,"Mathias Francisco, Arias Moya",EL MOJON (ESPIRITU SANTO),1400,
936592,2,"Eithan Adrian, Gonzalez Calderon",EL MOJON (ESPIRITU SANTO),1400,
936592,2,"Hector Isaack, Gonzalez Calderon",EL MOJON (ESPIRITU SANTO),1400,
936592,2,"Esaud Donaldo, Perez Mora",EL MOJON (ESPIRITU SANTO),1400,
936592,2,"Sebastian Josue, Zamora Marin",EL MOJON (ESPIRITU SANTO),1400,
936593,1,"Brandon Adrian, Ramirez Ordonez",C.T.P DE SANTA ELENA,1515,
936593,1,"Fabian, Campos Prendas",C.T.P DE SANTA ELENA,1452,
936593,1,"Dennis, Castro Cruz",C.T.P DE SANTA ELENA,1400,
936593,1,"Randall Jose, Diaz Cunningham",C.T.P DE SANTA ELENA,1400,
936593,2,"Joshua, Gonzalez Ramirez",C.T.P ESPARZA,1407,
936593,2,"Yadiel Andres, Vargas Palma",C.T.P ESPARZA,1400,
936593,2,"Michael, Vega Badilla",C.T.P ESPARZA,1400,
936593,2,"Fabian, Vega Mora",C.T.P ESPARZA,1400,
936593,3,"Bayron Stefan, Fallas Valverde",LICEO RURAL CERROS,1400,
936593,3,"Anthony Gabriel, Gomez Molina",LICEO RURAL CERROS,1400,
936593,3,"Carlos Yared, Marin Zuniga",LICEO RURAL CERROS,1400,
936593,3,"Royner Joxander, Piedra Prado",LICEO RURAL CERROS,1400,
936593,,"Keylor Emiliano, Cruz Estrada",C.T.P. DE QUEPOS,1400,
936593,,"Fabricio David, Fernandez Guzman",C.T.P. DE QUEPOS,1400,
936593,,"Daymon Nathan, Melendez Quesada",C.T.P. DE QUEPOS,1400,
936593,,"Jeyden Gabriel, Somayoa Ortega",C.T.P. DE QUEPOS,1400,
940317,1,"Villalta Pizarro, Emanuel Isaac",CATIE,1417,
940317,1,"Calvo Paniagua, Kaleb Alessandro",CATIE,1400,
940317,1,"Diaz Mora, Isai Mateo",CATIE,1400,
940317,1,"Orozco Sanchez, Matias",CATIE,1400,
940317,1,"Ortega Valerin, Mariangel",CATIE,1400,
940317,2,"Carvajal Esquivel, Isaac Santiago",Cecilio Lindo,1400,
940317,2,"Lazo Araya, Gerson Abdiel",Cecilio Lindo,1400,
940317,2,"Ortega Solano, Francisco",Cecilio Lindo,1400,
940317,2,"Quesada Montenegro, Cristopher",Cecilio Lindo,1400,
940317,3,"Brenes Calderon, Juan Pablo",Ricardo Jimenez Oreamuno,1452,
940317,3,"Chaves Solis, Moises Leonardo",Ricardo Jimenez Oreamuno,1445,
940317,3,"Aguirre Herrera, Julian",Ricardo Jimenez Oreamuno,1400,
940317,3,"Arias Quiros, Abraham",Ricardo Jimenez Oreamuno,1400,
940317,4,"Azofeifa Abarca, Sebastian",Escuela de Orosi,1400,
940317,4,"Garro Morales, Jaime",Escuela de Orosi,1400,
940317,4,"Gomez Ugalde, Haziel",Escuela de Orosi,1400,
940317,4,"Madrigal Fernandez, Emmanuel",Escuela de Orosi,1400,
940317,4,"Sanchez Chaves, Luciana Maria",Escuela de Orosi,1400,
940317,5,"Blanco Castro, Gabriel",Escuela Manuel Castro Blanco,1400,
940317,5,"Blanco Castro, Sebastian",Escuela Manuel Castro Blanco,1400,
940317,5,"Leiva Urena, Sebastian",Escuela Manuel Castro Blanco,1400,
940317,5,"Urena Fernandez, Andrey",Escuela Manuel Castro Blanco,1400,
940317,5,"Urena Fernandez, Carlos Daniel",Escuela Manuel Castro Blanco,1400,
940319,1,"Castro Gomez, Emma",CATIE,1400,
940319,1,"Novoa Rodriguez, Valeria",CATIE,1400,
940319,1,"Sanchez Norddal, Anna",CATIE,1400,
940319,1,"Vilchez Chain, Elisa",CATIE,1400,
940319,2,"Coto Lacayo, Maria",Goicoechea,1400,
940319,2,"Granados Castillo, Diana",Goicoechea,1400,
940319,2,"Osorio Tercero, Ashly Samantha",Goicoechea,1400,
940319,2,"Otarola Vargas, Samanta",Goicoechea,1400,
940319,3,"Cordero Jimenez, Kendra Samantha",Guayabal,1400,
940319,3,"Duran Sandoval, Siara",Guayabal,1400,
940319,3,"Fernandez Valverde, Melany de los Angeles",Guayabal,1400,
940319,3,"Mena Solano, Arlene de los Angeles",Guayabal,1400,
940319,3,"Rojas Vega, Ariana Judit",Guayabal,1400,
940320,1,"Fonseca Rowe, Christopher",Laboratorio,1400,5
940320,2,"Salazar Segura, Kevin",Mariano Cortes,1400,4
940320,3,"Rivera Retana, Jose",Esc. Manuel Castro B.,1400,2.5
940320,5,"Fallas Zamora, Isaac",Esc. Republica de Bolivia,1400,1
940320,6,"Aguilar Vivas, Santiago",Esc. Villas de Ayarco,1400,0
940322,1,"Morales Karpinsky, Yuliana",Jenaro Bonilla,1452,5
940322,2,"Calvo Salas, Alannah Lucia",Laboratorio,1411,3.5
940322,4,"Cordero Perez, Angie Roxana",Carlos Luis Valverde Vega,1400,2
940322,5,"Solano Fallas, Karime",Esc. Leon Cortes Castro,1400,1
940322,6,"Cordero Naranjo, Sara",Guadalupe,1400,0
940323,1,"Brenes Sanchez, Joseph Josue",Santa Teresita,1400,
940323,1,"Fernandez Castro, Aldo Gabriel",Santa Teresita,1400,
940323,1,"Quijano Flores, Axel Snider",Santa Teresita,1400,
940323,1,"Solis Lopez, Randall Jose",Santa Teresita,1400,
940323,1,"Valerio Gonzalez, Luis Miguel",Santa Teresita,1400,
940323,2,"Porras Aguilar, Moises David",CTP de la Suiza,1460,
940323,2,"Gutierrez Valverde, Derek Joan",CTP de la Suiza,1400,
940323,2,"Mora Urtecho, John David",CTP de la Suiza,1400,
940323,2,"Sanchez Gomez, Jehudy Andres",CTP de la Suiza,1400,
940323,2,"Zuniga Sojo, Emmanuel Jose",CTP de la Suiza,1400,
940323,3,"Baes Torres, Kendall",Cole. Francisca Carrasco J.,1400,
940323,3,"Leiva Quesada, Brandon",Cole. Francisca Carrasco J.,1400,
940323,3,"Mayen Figueroa, Edwin Josue",Cole. Francisca Carrasco J.,1400,
940323,3,"Quiros Gonzalez, Zeth",Cole. Francisca Carrasco J.,1400,
940323,3,"Vargas Guerrero, James Josue",Cole. Francisca Carrasco J.,1400,
940323,4,"Cruz Vargas, Derek Antuan",Liceo de Copey,1400,
940323,4,"Duran Mora, Erickson Manuel",Liceo de Copey,1400,
940323,4,"Monge Mata, Israel",Liceo de Copey,1400,
940323,4,"Solano Salazar, Jeremy",Liceo de Copey,1400,
940323,4,"Valverde Sanabria, Andres Isaac",Liceo de Copey,1400,
940323,5,"Arguello Madriz, Mathias",CTP de Orosi,1400,
940323,5,"Fuentes Cabrera, Andy",CTP de Orosi,1400,
940323,5,"Hidalgo Ramirez, Emmanuel David",CTP de Orosi,1400,
940323,5,"Solano Berrocal, Jose Pablo",CTP de Orosi,1400,
940323,5,"Trejos Rodriguez, Gabriel",CTP de Orosi,1400,
940323,6,"Martinez Valverde, Kendall Alexis",Liceo Llano Bonito,1400,
940323,6,"Mora Alvarado, Matias",Liceo Llano Bonito,1400,
940323,6,"Porras Perez, Kendall Luis",Liceo Llano Bonito,1400,
940323,6,"Ulloa Sandi, Jeremy Dionosio",Liceo Llano Bonito,1400,
940324,1,"Nunez Vargas, Medelyn Nicole",LEB Turrialba,1465,
940324,1,"Quesada Montenegro, Maria Paula",LEB Turrialba,1464,
940324,1,"Calvo Salas, Ayelen Luciana",LEB Turrialba,1418,
940324,1,"Jimenez Serrano, Luna",LEB Turrialba,1400,
940324,2,"Badilla Urena, Fatima",Liceo Copey,1400,
940324,2,"Espinoza Espinoza, Elixsa Pamela",Liceo Copey,1400,
940324,2,"Flores Chinchilla, Guadalupe",Liceo Copey,1400,
940324,2,"Peraza Acuna, Hanna",Liceo Copey,1400,
940324,3,"Fernandez Zamorano, Guadalupe",Cole. Francisca Carrasco J.,1400,
940324,3,"Gaitan Vasquet, Ashley",Cole. Francisca Carrasco J.,1400,
940324,3,"Herrera Mendoza, Mayeli",Cole. Francisca Carrasco J.,1400,
940324,3,"Molina Marin, Yenevit Vanessa",Cole. Francisca Carrasco J.,1400,
940324,3,"Viquez Chaves, Kisha Norelly",Cole. Francisca Carrasco J.,1400,
940325,1,"Cossio Carvajal, Bruno",Colegio Experimental Bilingue Jose,1953,5
940325,2,"Brizuela Hidalgo, Sebastian",CTP Fernando Volio Jimenez,1758,4
940325,3,"Salazar Banez, Fabian",LR San Joaquin,1400,3
940325,4,"Picado Martinez, Rodrigo",CATIE,1400,1
940326,1,"Salazar Gould, Kristy Valeria",IET,1815,5
940326,2,"Alvarado Machado, E. Daniela",Colegio San Luis Gonzaga,1558,4
940326,3,"Rivera Vargas, Raquel",Liceo de San Carlos,1400,2
940326,4,"Hernandez Barboza, Estela",Miravalle,1400,2
940326,5,"Jimenez Cascante, Sarhay",Santa Teresita,1400,1.5
940326,6,"Carranza Mayorga, Keysi Nicole",CTP Jose Daniel Flores Zavaleta,1400,0.5
945211,1,"Rivera Gutierrez, Geannina Isabela",LICEO LABORATORIO,1685,4.5
945211,2,"Salazar Gould, Kristy Valeria",INST. CLODOMIRO PICADO T.,1815,4.5
945211,3,"Araya Vaciana, Breyssi Yasiri",COLEGIO DEPORTIVO DE LIMON,1460,3.5
945211,4,"Diaz Charpentier, Ashly Valeria",LICEO EXP. BILINGUE DE POCOCI,1654,3
945211,5,"Paniagua Ramirez, Valeska Sofia",LICEO DE HEREDIA,,3
945211,6,"Bonilla Castillo, Cindy Julieth",C.T.P. DE SANTA ELENA,1462,2.5
945211,7,"Mora Lopez, Maria Jose",West College,1557,2.5
945211,8,"Aguero Monge, Alicia Natalia",LICEO SAN RAFAEL,1576,2
945211,9,"Corrales Abarca, Jimena",Centro educativo Fray Felipe,1457,2
945211,10,"Vargas Gomez, Mariana",LICEO DE NICOYA,,1.5
945211,11,"Flores Ugarte, Angela Jogeyling",Liceo Rural La Guaria de Pocosol,,1
945212,1,"Vargas Arguedas, Caleb",LICEO RURAL LONDRES DE AGUIRRE,1954,4
945212,2,"Barrantes Granados, Ian Daniel",LICEO MONSEÑOR RUBEN ODIO,1947,4
945212,3,"Ramirez Aguilar, Julian Jose",Colegio Saint Francis - Secundaria,1918,4
945212,4,"Cossio Carvajal, Bruno",Liceo experimental bilingüe jose Fi,1953,3
945212,5,"Castro Meza, Jose Alfredo",C.T.P. DE SAN ISIDRO DE EL GEN,1458,3
945212,6,"Estrada Rodriguez, Hendrik",LICEO DE NARANJO,1591,2.5
945212,7,"Garcia Morales, Brainer Steven",LICEO DE SEPECUE Nº 2,1400,2
945212,8,"Castillo Chavarria, Sebastian",LICEO LABORATORIO,1685,2
945212,9,"Mora Solano, Gian Carlos",LICEO EXP. BILINGUE DE POCOCI,1658,2
945212,10,"Acuna Mora, Daniel",LICEO DE SANTA CRUZ,1400,2
945212,11,"Jimenez Rojas, Isaac",LICEO EXPERIMETAL BILINGUE CLAUDIO,1490,1.5
945217,1,"Rodriguez Gonzalez, Santiago",Colegio Humanistico Costarricense Campus Nico,1494,
945217,1,"Gomez Fallas, Gabriel",Colegio Humanistico Costarricense Campus Nico,1474,
945217,1,"Herrera Baltodano, Marvin",Colegio Humanistico Costarricense Campus Nico,1474,
945217,1,"Chavarria Avila, Freddy",Colegio Humanistico Costarricense Campus Nico,,
945217,1,"Torres Moraga, Andres",Colegio Humanistico Costarricense Campus Nico,,
945217,2,"Ramos Rodriguez, Daniel",CTP Granadilla,1756,
945217,2,"Rivera Mora, Gabriel",CTP Granadilla,1477,
945217,2,"Mora Acuna, Johnny Gabriel",CTP Granadilla,1419,
945217,2,"Marvez Abinazar, Juan Andres",CTP Granadilla,1400,
945217,2,"Montero Sanchez, Brayan",CTP Granadilla,,
945217,3,"Bonilla Venegas, Yordey David",Liceo Exp. Bilingue de Pococi,1620,
945217,3,"Chaves Solis, Santiago",Liceo Exp. Bilingue de Pococi,1578,
945217,3,"Segura Paniagua, Vicente",Liceo Exp. Bilingue de Pococi,1505,
945217,3,"Irola Araya, Camila",Liceo Exp. Bilingue de Pococi,1485,
945217,3,"Diaz Sequeira, Maikely Jesus",Liceo Exp. Bilingue de Pococi,1400,
945217,4,"Gabb Diaz, Nayareth",CTP Talamanca,1533,
945217,4,"Jarquin Pizarro, Seyni Lisbeth",CTP Talamanca,1417,
945217,4,"Chavez Diaz, Yadier Jose",CTP Talamanca,1400,
945217,4,"Gab Arias, Guebel Calet",CTP Talamanca,1400,
945217,4,"Leonel, Villalobos",CTP Talamanca,1400,
945217,5,"Webb Perez, Cristian Jose",Liceo Unesco,1461,
945217,5,"Gonzalez Retana, Fabian Daniel",Liceo Unesco,1403,
945217,5,"Naranjo Mora, Marco Ricardo",Liceo Unesco,1400,
945217,5,"Arias Monestel, Dilan",Liceo Unesco,,
945217,5,"Hernandez Badilla, Anthony",Liceo Unesco,,
945217,6,"Campos Prendas, Fabian",CTP de Santa Elena,1452,
945217,6,"Castro Cruz, Dennis",CTP de Santa Elena,1400,
945217,6,"Diaz Cuninhham, Randall",CTP de Santa Elena,,
945217,6,"Ramirez Ordonez, Brandon",CTP de Santa Elena,,
945217,7,"Ugalde Chaves, Carlo Cesar",Liceo Experimental Bilingue Claudio Bonilla A,1604,
945217,7,"Castro Padilla, Carlos Daniel",Liceo Experimental Bilingue Claudio Bonilla A,,
945217,7,"Oviedo Murillo, Carlos",Liceo Experimental Bilingue Claudio Bonilla A,,
945217,7,"Ramirez Martinez, Jose Adrian",Liceo Experimental Bilingue Claudio Bonilla A,,
945217,7,"Sandi Avendano, Jorge",Liceo Experimental Bilingue Claudio Bonilla A,,
945217,8,"Sandi Quiros, Carlos Alberto",Liceo San Jose de Alajuela,1439,
945217,8,"Castillo Aragon, Jeremy Joshua",Liceo San Jose de Alajuela,1409,
945217,8,"Porras Mora, Dereck Antonio",Liceo San Jose de Alajuela,1400,
945217,8,"Venegas Masis, Dylan",Liceo San Jose de Alajuela,,
945217,9,"Brenes Sanchez, Joseph",Liceo Santa Teresita,,
945217,9,"Fernandez Castro, Aldo",Liceo Santa Teresita,,
945217,9,"Quijano, Axel",Liceo Santa Teresita,,
945217,9,"Solis Lopez, Randall",Liceo Santa Teresita,,
945217,9,"Valerio Gonzalez, Luis Miguel",Liceo Santa Teresita,,
945217,10,"Leon Villarreal, Kenneth Gabriel",CTP Puriscal,1413,
945217,10,"Cordero Mora, Jose Daniel",CTP Puriscal,1402,
945217,10,"Madrigal Mora, Jeferson Fernando",CTP Puriscal,1400,
945217,10,"Aragon Rojas, Benjamin",CTP Puriscal,,
945217,10,"Lacayo Madrigal, Randall",CTP Puriscal,,
945217,11,"Bernal Jesus Maroto Jimenez,",Liceo Jose Maria Gutierrez,,
945217,11,"Jared Esteban Torres Ugalde,",Liceo Jose Maria Gutierrez,,
945217,11,"Lobo Leiton, Alex",Liceo Jose Maria Gutierrez,,
945217,11,"Pryor Pryor, James",Liceo Jose Maria Gutierrez,,
945220,1,"Campos Munoz, Valentina",Liceo Redentorista San Alfonso,1809,
945220,1,"Medina Mayorga, Raquel",Liceo Redentorista San Alfonso,1504,
945220,1,"Bermudez Hernandez, Amanda",Liceo Redentorista San Alfonso,1429,
945220,1,"Lopez Bustos, Daniela",Liceo Redentorista San Alfonso,1400,
945220,2,"Camila Guevara Rodriguez,",Liceo San Jose de la Montaña,,
945220,2,"Cristina Guevara Rodriguez,",Liceo San Jose de la Montaña,,
945220,2,"GENESIS JOSEBETH MONGE HERRERA,",Liceo San Jose de la Montaña,,
945220,2,"MARIA FERNANDA GOMEZ CABRERA,",Liceo San Jose de la Montaña,,
945220,2,"SARA ELENA MENDEZ CARBALLO,",Liceo San Jose de la Montaña,,
945220,3,"Nunez Vargas, Medelyn Nicole",Liceo Exp. Bilingue de Turrialba,1465,
945220,3,"Quesada Montenegro, Maria Paula",Liceo Exp. Bilingue de Turrialba,1464,
945220,3,"Calvo Salas, Ayelen Luciana",Liceo Exp. Bilingue de Turrialba,1418,
945220,3,"Jimenez Serrano, Luna Rosa",Liceo Exp. Bilingue de Turrialba,,
945220,4,"Martinez Soto, Keshly Yanicza",Colegio Lepanto,1400,
945220,4,"Arlyn Bolaños Castillo,",Colegio Lepanto,,
945220,4,"NAZARETH TORRES OBANDO,",Colegio Lepanto,,
945220,4,"RANGELA SHARITH CASTRO HERNANDEZ,",Colegio Lepanto,,
945220,4,"YUDITH JIMENEZ OVARES,",Colegio Lepanto,,
945220,5,"Valverde Rodriguez, Nicole",Liceo SINAI,1400,
945220,5,"Cristel Daniela Mendez Torres,",Liceo SINAI,,
945220,5,"Cristy Rocio Mendez Torres,",Liceo SINAI,,
945220,5,"ROUSS BRISETH MADRIZ HIDALGO,",Liceo SINAI,,
945220,5,"YEILYN ADRIANA ESQUIVEL ZUÑIGA,",Liceo SINAI,,
945220,6,"Torres Ugalde, Mariel Suseth",Liceo Jose Maria Gutierrez,1400,
945220,6,"Arianna Villalobos Picado,",Liceo Jose Maria Gutierrez,,
945220,6,"Dora Krumniklová,",Liceo Jose Maria Gutierrez,,
945220,6,"EMILIA DE LOS ÁNGELES SILVA VILL,",Liceo Jose Maria Gutierrez,,
945220,7,"Alicia Fernanda Chavarria Bravo,",CTP la Carpio,,
945220,7,"Ashley Naomi Jiron Suazo,",CTP la Carpio,,
945220,7,"JADE YANISCHIA ROMERO RIVERA,",CTP la Carpio,,
945220,7,"KIMBERLY DAYANA URBINA GARCIA,",CTP la Carpio,,
945220,8,"Amitzarith Vanessa Picado Sandov,",IEGB Paraiso,,
945220,8,"Astrith Areyka Ortiz Solano,",IEGB Paraiso,,
945220,8,"HAZEL NAYELI CONCEPCION OROZCO,",IEGB Paraiso,,
945220,8,"VIKKY BOLIVAR ALFARO,",IEGB Paraiso,,
948410,1,"Campos Munoz, Valentina",Liceo Redentorista San Alfonso,1809,
948410,1,"Medina Mayorga, Raquel",Liceo Redentorista San Alfonso,1504,
948410,1,"Bermudez Hernandez, Amanda",Liceo Redentorista San Alfonso,1429,
948410,1,"Lopez Bustos, Daniela",Liceo Redentorista San Alfonso,1400,
948410,2,"Nunez Vargas, Medelyn Nicole",Liceo Exp. Bilingue de Turrialba,1465,
948410,2,"Quesada Montenegro, Maria Paula",Liceo Exp. Bilingue de Turrialba,1464,
948410,2,"Calvo Salas, Ayelen Luciana",Liceo Exp. Bilingue de Turrialba,1418,
948410,2,"Jimenez Serrano, Luna Rosa",Liceo Exp. Bilingue de Turrialba,,
948410,3,"Camila, Guevara Rodriguez",Liceo San Jose de la MontaÃ±a,,
948410,3,"Cristina, Guevara Rodriguez",Liceo San Jose de la MontaÃ±a,,
948410,3,"GENESIS, JOSEBETH MONGE HERRERA",Liceo San Jose de la MontaÃ±a,,
948410,3,"MARIA, FERNANDA GOMEZ CABRERA",Liceo San Jose de la MontaÃ±a,,
948410,3,"SARA, ELENA MENDEZ CARBALLO",Liceo San Jose de la MontaÃ±a,,
948410,4,"Martinez Soto, Keshly Yanicza",Colegio Lepanto,1400,
948410,4,"Arlyn, BolaÃ±os Castillo",Colegio Lepanto,,
948410,4,"NAZARETH, TORRES OBANDO",Colegio Lepanto,,
948410,4,"RANGELA, SHARITH CASTRO HERNANDEZ",Colegio Lepanto,,
948410,4,"YUDITH, JIMENEZ OVARES",Colegio Lepanto,,
948410,5,"Torres Ugalde, Mariel Suseth",Liceo Jose Maria Gutierrez,1400,
948410,5,"Arianna, Villalobos Picado",Liceo Jose Maria Gutierrez,,
948410,5,"Dora, KrumniklovÃ¡",Liceo Jose Maria Gutierrez,,
948410,5,"EMILIA, DE LOS ÃNGELES SILVA VILLALOB",Liceo Jose Maria Gutierrez,,
948410,6,"Valverde Rodriguez, Nicole",Liceo SINAI,1400,
948410,6,"Cristel, Daniela Mendez Torres",Liceo SINAI,,
948410,6,"Cristy, Rocio Mendez Torres",Liceo SINAI,,
948410,6,"ROUSS, BRISETH MADRIZ HIDALGO",Liceo SINAI,,
948410,6,"YEILYN, ADRIANA ESQUIVEL ZUÃ‘IGA",Liceo SINAI,,
948410,7,"Alicia, Fernanda Chavarria Bravo",CTP la Carpio,,
948410,7,"Ashley, Naomi Jiron Suazo",CTP la Carpio,,
948410,7,"JADE, YANISCHIA ROMERO RIVERA",CTP la Carpio,,
948410,7,"KIMBERLY, DAYANA URBINA GARCIA",CTP la Carpio,,
948410,8,"Amitzarith, Vanessa Picado Sandoval",IEGB Paraiso,,
948410,8,"Astrith, Areyka Ortiz Solano",IEGB Paraiso,,
948410,8,"HAZEL, NAYELI CONCEPCION OROZCO",IEGB Paraiso,,
948410,8,"VIKKY, BOLIVAR ALFARO",IEGB Paraiso,,
948411,1,"Bonilla Venegas, Yordey David",Liceo Exp. Bilingue de Pococi,1620,
948411,1,"Chaves Solis, Santiago",Liceo Exp. Bilingue de Pococi,1578,
948411,1,"Segura Paniagua, Vicente",Liceo Exp. Bilingue de Pococi,1505,
948411,1,"Irola Araya, Camila",Liceo Exp. Bilingue de Pococi,1485,
948411,1,"Diaz Sequeira, Maikely Jesus",Liceo Exp. Bilingue de Pococi,1400,
948411,2,"Ugalde Chaves, Carlo Cesar",Liceo Experimental Bilingue Claudio Bonilla A,1604,
948411,2,"Castro Padilla, Carlos Daniel",Liceo Experimental Bilingue Claudio Bonilla A,,
948411,2,"Oviedo Murillo, Carlos",Liceo Experimental Bilingue Claudio Bonilla A,,
948411,2,"Ramirez Martinez, Jose Adrian",Liceo Experimental Bilingue Claudio Bonilla A,,
948411,2,"Sandi Avendano, Jorge",Liceo Experimental Bilingue Claudio Bonilla A,,
948411,3,"Campos Prendas, Fabian",CTP de Santa Elena,1452,
948411,3,"Castro Cruz, Dennis",CTP de Santa Elena,1400,
948411,3,"Diaz Cuninhham, Randall",CTP de Santa Elena,,
948411,3,"Ramirez Ordonez, Brandon",CTP de Santa Elena,,
948411,4,"Ramos Rodriguez, Daniel",CTP Granadilla,1756,
948411,4,"Rivera Mora, Gabriel",CTP Granadilla,1477,
948411,4,"Mora Acuna, Johnny Gabriel",CTP Granadilla,1419,
948411,4,"Marvez Abinazar, Juan Andres",CTP Granadilla,1400,
948411,4,"Montero Sanchez, Brayan",CTP Granadilla,,
948411,5,"Rodriguez Gonzalez, Santiago",Colegio Humanistico Costarricense Campus Nico,1494,
948411,5,"Gomez Fallas, Gabriel",Colegio Humanistico Costarricense Campus Nico,1474,
948411,5,"Herrera Baltodano, Marvin",Colegio Humanistico Costarricense Campus Nico,1474,
948411,5,"Chavarria Avila, Freddy",Colegio Humanistico Costarricense Campus Nico,,
948411,5,"Torres Moraga, Andres",Colegio Humanistico Costarricense Campus Nico,,
948411,6,"Webb Perez, Cristian Jose",Liceo Unesco,1461,
948411,6,"Gonzalez Retana, Fabian Daniel",Liceo Unesco,1403,
948411,6,"Naranjo Mora, Marco Ricardo",Liceo Unesco,1400,
948411,6,"Arias Monestel, Dilan",Liceo Unesco,,
948411,6,"Hernandez Badilla, Anthony",Liceo Unesco,,
948411,7,"Gabb Diaz, Nayareth",CTP Talamanca,1533,
948411,7,"Jarquin Pizarro, Seyni Lisbeth",CTP Talamanca,1417,
948411,7,"Chavez Diaz, Yadier Jose",CTP Talamanca,1400,
948411,7,"Gab Arias, Guebel Calet",CTP Talamanca,1400,
948411,7,"Leonel, Villalobos",CTP Talamanca,,
948411,8,"Leon Villarreal, Kenneth Gabriel",CTP Puriscal,1413,
948411,8,"Cordero Mora, Jose Daniel",CTP Puriscal,1402,
948411,8,"Madrigal Mora, Jeferson Fernando",CTP Puriscal,1400,
948411,8,"Aragon Rojas, Benjamin",CTP Puriscal,,
948411,8,"Lacayo Madrigal, Randall",CTP Puriscal,,
948411,9,"Sandi Quiros, Carlos Alberto",Liceo San Jose de Alajuela,1439,
948411,9,"Castillo Aragon, Jeremy Joshua",Liceo San Jose de Alajuela,1409,
948411,9,"Porras Mora, Dereck Antonio",Liceo San Jose de Alajuela,1400,
948411,9,"Venegas Masis, Dylan",Liceo San Jose de Alajuela,,
948411,10,"Bernal, Jesus Maroto Jimenez",Liceo Jose Maria Gutierrez,,
948411,10,"Jared, Esteban Torres Ugalde",Liceo Jose Maria Gutierrez,,
948411,10,"Lobo Leiton, Alex",Liceo Jose Maria Gutierrez,,
948411,10,"Pryor Pryor, James",Liceo Jose Maria Gutierrez,,
948411,11,"Brenes Sanchez, Joseph",Liceo Santa Teresita,,
948411,11,"Fernandez Castro, Aldo",Liceo Santa Teresita,,
948411,11,"Quijano, Axel",Liceo Santa Teresita,,
948411,11,"Solis Lopez, Randall",Liceo Santa Teresita,,
948411,11,"Valerio Gonzalez, Luis Miguel",Liceo Santa Teresita,,
948412,1,"Diaz Charpentier, Ashly Valeria",LICEO EXP. BILINGUE DE POCOCI,1654,4.5
948412,2,"Rivera Gutierrez, Geannina Isabela",LICEO LABORATORIO,1685,3.5
948412,3,"Salazar Gould, Kristy Valeria",INST. CLODOMIRO PICADO T.,1815,3
948412,4,"Aguero Monge, Alicia Natalia",LICEO SAN RAFAEL,1576,3
948412,5,"Paniagua Ramirez, Valeska Sofia",LICEO DE HEREDIA,,3
948412,6,"Mora Lopez, Maria Jose",West College,1557,3
948412,7,"Araya Vaciana, Breyssi Yasiri",COLEGIO DEPORTIVO DE LIMON,1460,3
948412,8,"Corrales Abarca, Jimena",Centro educativo Fray Felipe,1457,2
948412,9,"Bonilla Castillo, Cindy Julieth",C.T.P. DE SANTA ELENA,1462,2
948412,10,"Vargas Gomez, Mariana",LICEO DE NICOYA,,2
948412,11,"Flores Ugarte, Angela Jogeyling",Liceo Rural La Guaria de Pocosol,,1
948413,1,"Barrantes Granados, Ian Daniel",LICEO MONSEÃ‘OR RUBEN ODIO,1947,4.5
948413,2,"Cossio Carvajal, Bruno",Liceo experimental bilingÃ¼e jose F,1953,3.5
948413,3,"Castillo Chavarria, Sebastian",LICEO LABORATORIO,1685,3.5
948413,4,"Vargas Arguedas, Caleb",LICEO RURAL LONDRES DE AGUIRRE,1954,3.5
948413,5,"Mora Solano, Gian Carlos",LICEO EXP. BILINGUE DE POCOCI,1658,3
948413,6,"Ramirez Aguilar, Julian Jose",Colegio Saint Francis - Secundaria,1918,3
948413,7,"Jimenez Rojas, Isaac",LICEO EXPERIMETAL BILINGUE CLAUDIO,1490,2
948413,8,"Acuna Mora, Daniel",LICEO DE SANTA CRUZ,1400,2
948413,9,"Estrada Rodriguez, Hendrik",LICEO DE NARANJO,1591,2
948413,10,"Garcia Morales, Brainer Steven",LICEO DE SEPECUE NÂº 2,1400,2
948413,11,"Castro Meza, Jose Alfredo",C.T.P. DE SAN ISIDRO DE EL GEN,1458,1
949242,1,"Fernandez Mayorga, Elena",COLEGIO INTERNACIONAL SEK COSTA RIC,1586,5
949242,2,"Jimenez Solera, Michella",MANUELA SANTAMARIA RODRIGUEZ,1528,3.5
949242,3,"Salas Chinchilla, Mariangel",ROBERTO LOPEZ VARELA,1483,3.5
949242,4,"Vindas Mendez, Brianna",LABORATORIO DANIEL FLORES,1400,3
949242,5,"Morales Karpinsky, Yuliana",JENARO BONILLA A. (TURRIALBA),1452,3
949242,6,"Artavia Brenes, Zoe",BARRIO LOS ANGELES,1424,3
949242,7,"Montes Arce, Victoria",LEPANTO (LEPANTO),1432,3
949242,8,"Cerdas Hurtado, Isabella",ALBA OCAMPO ALVARADO (LIBERIA),1400,2
949242,9,"Sanchez Lopez, Maripaz",JUAN FELIX ESTRADA (VENECIA),,2
949242,10,"Chaves Carmona, Megan",LOS CORALES (LIMON),,1
949242,11,"S.N, Alexa",MARIA C. ALCAZAR,,1
949242,12,"Rodriguez Acevedo, Belinda",LEPANTO (LEPANTO),,0
949279,1,"Rojas Gomez, Mariangel",Pacto del Jocote,1423,
949279,1,"Chaves Chavarria, Nataly Viviana",Pacto del Jocote,1400,
949279,1,"Jimenez Ugalde, Isabella",Pacto del Jocote,1400,
949279,1,"Perez Almonza, Keily",Pacto del Jocote,,
949279,2,"Cortes Matarrita, Alexa",Lepanto,,
949279,2,"Hernandez Obando, Maria Pia",Lepanto,,
949279,2,"Hidalgo Perez, Audrey",Lepanto,,
949279,2,"Siles Alvarez, Sofia",Lepanto,,
949279,3,"Acuna Badilla, Suusy Belen",Escuela Las Lagunas de Daniel Flores,,
949279,3,"Aguilar Martinez, Nahomy Sofia",Escuela Las Lagunas de Daniel Flores,,
949279,3,"Lopez Solis, Emily",Escuela Las Lagunas de Daniel Flores,,
949279,3,"Mejias Benavides, Kathy Celeste",Escuela Las Lagunas de Daniel Flores,,
949279,3,"Rodriguez Quesada, Keithy Sofia",Escuela Las Lagunas de Daniel Flores,,
949279,4,"Rivera Perez, Ariany Sofia",Los Corales,,
949279,4,"Spence Gonzalez, Kayshani Niahara",Los Corales,,
949279,4,"Sterling Faver, Alyah Taish",Los Corales,,
949279,4,"Torres Fernandez, Moncerratt Naomi",Los Corales,,
949279,4,"Torres Fernandez, Natalie Paola",Los Corales,,
949279,5,"Chaves Solis, Sofia",Anita Grande,1409,
949279,5,"Bello Chinchilla, Issie Joslyn",Anita Grande,,
949279,5,"Garcia Mendez, Alannis Naomy",Anita Grande,,
949279,5,"Suaza Chaves, Ebonny Selisha",Anita Grande,,
949279,6,"Chain Vilchez, Elisa",Colegio Cientifico Interamericano CATIE,,
949279,6,"Gomez Castro, Ema",Colegio Cientifico Interamericano CATIE,,
949279,6,"Novoa Rodriguez, Valeria",Colegio Cientifico Interamericano CATIE,,
949279,6,"Sanchez Nordal, Ana",Colegio Cientifico Interamericano CATIE,,
949279,7,"Canales Gomez, Fabina",Montaña Grande,,
949279,7,"Fernandez Mena, Valeria",Montaña Grande,,
949279,7,"Leyton Zuniga, Allison",Montaña Grande,,
949279,7,"Montes Cedeno, Keisy",Montaña Grande,,
949279,8,"Morales Vega, Mia Isabela",Isabel Brown Brown,,
949279,8,"Sancho Hernandez, Mia",Isabel Brown Brown,,
949279,8,"Soto Platero, Keisi",Isabel Brown Brown,,
949279,8,"Vanegas Platero, Alisa Raquel",Isabel Brown Brown,,
949284,1,"Guerrero Diaz, Leticia Fiorella",Republica de Honduras,1602,
949284,1,"Loria Molina, Sofia",Republica de Honduras,1583,
949284,1,"Mena Sanchez, Janiel Jesus",Republica de Honduras,1540,
949284,1,"Marin Vargas, Aaron",Republica de Honduras,1529,
949284,1,"Carrillo Fallas, Derek",Republica de Honduras,1480,
949284,2,"Charpentier Badilla, Ian Sebastian",Colegio Bilengue San Francisco de Asis,1510,
949284,2,"Villalobos Chinchilla, Mattias",Colegio Bilengue San Francisco de Asis,1453,
949284,2,"Garita Zuniga, Jose Pablo",Colegio Bilengue San Francisco de Asis,1400,
949284,2,"Yepes Zayas, Samuel",Colegio Bilengue San Francisco de Asis,1400,
949284,2,"Albujar Mendoza, Mauricio",Colegio Bilengue San Francisco de Asis,,
949284,3,"Orna Chaves, David Gabriel",Caspari Montessori IS,1580,
949284,3,"Orna Chaves, Alejandro Jesus",Caspari Montessori IS,1508,
949284,3,"Yepes Ramirez, Tomas Javier",Caspari Montessori IS,1436,
949284,3,"Badilla Saenz, Fabian",Caspari Montessori IS,,
949284,3,"Rodriguez Vargas, Nicolas",Caspari Montessori IS,,
949284,4,"Ramirez Elizondo, Javier",Colegio Bilingue San Ramon,1403,
949284,4,"Garcia Hidalgo, Juan Carlos",Colegio Bilingue San Ramon,1400,
949284,4,"Nunez Robles, Bryan Josue",Colegio Bilingue San Ramon,1400,
949284,4,"Ramirez Elizondo, Julian",Colegio Bilingue San Ramon,1400,
949284,4,"Villalobos Guerrero, Jose Andres",Colegio Bilingue San Ramon,,
949284,5,"Villalta Pizarro, Emanuel Isaac",Colegio Cientifico Interamericano CATIE,1417,
949284,5,"Calvo Paniagua, Caleb",Colegio Cientifico Interamericano CATIE,,
949284,5,"Mora Diaz, Isai",Colegio Cientifico Interamericano CATIE,,
949284,5,"Orozco Sanchez, Matias",Colegio Cientifico Interamericano CATIE,,
949284,5,"Ortega Valerin, Mariangel",Colegio Cientifico Interamericano CATIE,,
949284,6,"Casierra Bonilla, Francisco",John.F Kennedy (Liberia),1400,
949284,6,"Viales Londono, Juan Pablo",John.F Kennedy (Liberia),1400,
949284,6,"Rodriguez Porras, Rosa",John.F Kennedy (Liberia),,
949284,6,"Vega Marin, Sebastian",John.F Kennedy (Liberia),,
949284,7,"Garcia Angulo, Girianny Daciela",Los Corales,,
949284,7,"Iwuala Francis, Dennister Chidi",Los Corales,,
949284,7,"Pacheco Lean, Yeirel",Los Corales,,
949284,7,"Soto Mora, Zlathanie Mariely",Los Corales,,
949284,7,"Vargas Solano, Santiago",Los Corales,,
949284,8,"Rojas Alvarez, Denilson Fernando",Delia Urbina Guevara,1400,
949284,8,"Garcia May, Isaac",Delia Urbina Guevara,,
949284,8,"Morales Ramos, Leo",Delia Urbina Guevara,,
949284,8,"Tripovich Zuniga, Fabian",Delia Urbina Guevara,,
949284,8,"Vargas Gonzalez, Eithan",Delia Urbina Guevara,,
949284,9,"Aguilar Solorzano, Matteo",Barrio Canada,,
949284,9,"Alvarez Quesada, Cristopher",Barrio Canada,,
949284,9,"Caballero Muñoz, Andres",Barrio Canada,,
949284,9,"Cordero Carranza, Kail",Barrio Canada,,
949284,9,"Fonseca Sanchez, Zahir",Barrio Canada,,
949284,10,"Hidalgo Aguinaga, Eddy Santiago",Lepanto,1400,
949284,10,"Guido Rojas, Horacio",Lepanto,,
949284,10,"Martinez Cordoncillo, Yojan",Lepanto,,
949284,10,"Vega Duarte, Jimmy",Lepanto,,
949284,11,"Alvarado Castillo, Aaron Rodrigo",Montaña Grande,,
949284,11,"Carmona Castillo, Hector",Montaña Grande,,
949284,11,"Eras Venegas, Gabriel",Montaña Grande,,
949284,11,"Villalobos Monge, Darrell",Montaña Grande,,
949284,12,"Acevedo Mora, Gael",San Rafael,,
949284,12,"Arias Rojas, Adrian",San Rafael,,
949284,12,"Jimenez Villalobos, Naomy",San Rafael,,
949284,12,"Solis Roman, Lara",San Rafael,,
949294,1,"Lezcano Martinez, Christopher",MAURO FERNANDEZ ACUNA,1586,4.5
949294,2,"Arauz Morales, Victor Ivan",DARIO FLORES HERNANDEZ,1509,3.5
949294,3,"Herrera Castro, David Elian",LA COLINA (LIMON),1581,3.5
949294,4,"Morales Vasquez, Thiago Marcel",LA AMISTAD,1465,3
949294,5,"Campos Aguilar, Aaron Andres",COLONIA NAZARETH (HORQUETAS),1443,3
949294,6,"Gonzalez Arguedas, Felipe",TIMOLEON MORERA SOTO,1653,2.5
949294,7,"Navarro Torres, Juan David",Lepanto,1450,2.5
949294,8,"Chin Huezo, Jose Francisco",EL CARMEN (PUNTARENAS),,2.5
949294,9,"Fonseca Rowe, Christopher",LABORATORIO DE TURRIALBA 58,1400,2.5
949294,10,"Monestel Sequeira, Andy Gabriel",ALBA OCAMPO ALVARADO (LIBERIA),1443,1.5
949294,11,"Arrieta Rojas, Eithan Matias",SANTA FE (AGUAS ZARCAS),,1
949294,12,"Castillo Araya, Isaid David",LEPANTO (LEPANTO),,0
949857,1,"Morales Karpinsky, Yuliana",JENARO BONILLA A. (TURRIALBA),1452,4
949857,2,"Jimenez Solera, Michella",MANUELA SANTAMARIA RODRIGUEZ,1528,3.5
949857,3,"Salas Chinchilla, Mariangel",ROBERTO LOPEZ VARELA,1483,3.5
949857,4,"Montes Arce, Victoria",LEPANTO (LEPANTO),1432,3
949857,5,"Vindas Mendez, Brianna",LABORATORIO DANIEL FLORES,1400,3
949857,6,"Artavia Brenes, Zoe",BARRIO LOS ANGELES,1424,3
949857,7,"Cerdas Hurtado, Isabella",ALBA OCAMPO ALVARADO (LIBERIA),1400,3
949857,8,"Sanchez Lopez, Maripaz",JUAN FELIX ESTRADA (VENECIA),,2.5
949857,9,"Fernandez Mayorga, Elena",COLEGIO INTERNACIONAL SEK COSTA RIC,1586,2
949857,10,"Rodriguez Acevedo, Belinda",LEPANTO (LEPANTO),,1
949857,11,"S.N, Alexa",MARIA C. ALCAZAR,,1
949857,12,"Chaves Carmona, Megan",LOS CORALES (LIMON),,0.5
949858,1,"Arauz Morales, Victor Ivan",DARIO FLORES HERNANDEZ,1509,4
949858,2,"Herrera Castro, David Elian",LA COLINA (LIMON),1581,3.5
949858,3,"Lezcano Martinez, Christopher",MAURO FERNANDEZ ACUNA,1586,3.5
949858,4,"Gonzalez Arguedas, Felipe",TIMOLEON MORERA SOTO,1653,3
949858,5,"Morales Vasquez, Thiago Marcel",LA AMISTAD,1465,3
949858,6,"Navarro Torres, Juan David",Lepanto,1450,3
949858,8,"Fonseca Rowe, Christopher",LABORATORIO DE TURRIALBA 58,1400,3
949858,9,"Monestel Sequeira, Andy Gabriel",ALBA OCAMPO ALVARADO (LIBERIA),1443,2
949858,10,"Arrieta Rojas, Eithan Matias",SANTA FE (AGUAS ZARCAS),,1
949858,11,"Chin Huezo, Jose Francisco",EL CARMEN (PUNTARENAS),,1
949858,12,"Castillo Araya, Isaid David",LEPANTO (LEPANTO),,0
949860,1,"Acuna Badilla, Suusy Belen",Escuela Las Lagunas de Daniel Flores,,
949860,1,"Aguilar Martinez, Nahomy Sofia",Escuela Las Lagunas de Daniel Flores,,
949860,1,"Lopez Solis, Emily",Escuela Las Lagunas de Daniel Flores,,
949860,1,"Mejias Benavides, Kathy Celeste",Escuela Las Lagunas de Daniel Flores,,
949860,1,"Rodriguez Quesada, Keithy Sofia",Escuela Las Lagunas de Daniel Flores,,
949860,2,"Rojas Gomez, Mariangel",Pacto del Jocote,1423,
949860,2,"Chaves Chavarria, Nataly Viviana",Pacto del Jocote,1400,
949860,2,"Jimenez Ugalde, Isabella",Pacto del Jocote,1400,
949860,2,"Perez Almonza, Keily",Pacto del Jocote,,
949860,3,"Cortes Matarrita, Alexa",Lepanto,,
949860,3,"Hernandez Obando, Maria Pia",Lepanto,,
949860,3,"Hidalgo Perez, Audrey",Lepanto,,
949860,3,"Siles Alvarez, Sofia",Lepanto,,
949860,4,"Rivera Perez, Ariany Sofia",Los Corales,,
949860,4,"Spence Gonzalez, Kayshani Niahara",Los Corales,,
949860,4,"Sterling Faver, Alyah Taish",Los Corales,,
949860,4,"Torres Fernandez, Moncerratt Naomi",Los Corales,,
949860,4,"Torres Fernandez, Natalie Paola",Los Corales,,
949860,5,"Canales Gomez, Fabina",MontaÃ±a Grande,,
949860,5,"Fernandez Mena, Valeria",MontaÃ±a Grande,,
949860,5,"Leyton Zuniga, Allison",MontaÃ±a Grande,,
949860,5,"Montes Cedeno, Keisy",MontaÃ±a Grande,,
949860,6,"Chaves Solis, Sofia",Anita Grande,1409,
949860,6,"Bello Chinchilla, Issie Joslyn",Anita Grande,,
949860,6,"Garcia Mendez, Alannis Naomy",Anita Grande,,
949860,6,"Suaza Chaves, Ebonny Selisha",Anita Grande,,
949860,7,"Chain Vilchez, Elisa",Colegio Cientifico Interamericano CATIE,,
949860,7,"Gomez Castro, Ema",Colegio Cientifico Interamericano CATIE,,
949860,7,"Novoa Rodriguez, Valeria",Colegio Cientifico Interamericano CATIE,,
949860,7,"Sanchez Nordal, Ana",Colegio Cientifico Interamericano CATIE,,
949860,8,"Morales Vega, Mia Isabela",Isabel Brown Brown,,
949860,8,"Sancho Hernandez, Mia",Isabel Brown Brown,,
949860,8,"Soto Platero, Keisi",Isabel Brown Brown,,
949860,8,"Vanegas Platero, Alisa Raquel",Isabel Brown Brown,,
949864,1,"Guerrero Diaz, Leticia Fiorella",Republica de Honduras,1602,
949864,1,"Loria Molina, Sofia",Republica de Honduras,1583,
949864,1,"Mena Sanchez, Janiel Jesus",Republica de Honduras,1540,
949864,1,"Marin Vargas, Aaron",Republica de Honduras,1529,
949864,1,"Carrillo Fallas, Derek",Republica de Honduras,1480,
949864,2,"Charpentier Badilla, Ian Sebastian",Colegio Bilengue San Francisco de Asis,1510,
949864,2,"Villalobos Chinchilla, Mattias",Colegio Bilengue San Francisco de Asis,1453,
949864,2,"Garita Zuniga, Jose Pablo",Colegio Bilengue San Francisco de Asis,1400,
949864,2,"Yepes Zayas, Samuel",Colegio Bilengue San Francisco de Asis,1400,
949864,2,"Albujar Mendoza, Mauricio",Colegio Bilengue San Francisco de Asis,,
949864,3,"Orna Chaves, David Gabriel",Caspari Montessori IS,1580,
949864,3,"Orna Chaves, Alejandro Jesus",Caspari Montessori IS,1508,
949864,3,"Yepes Ramirez, Tomas Javier",Caspari Montessori IS,1436,
949864,3,"Badilla Saenz, Fabian",Caspari Montessori IS,,
949864,3,"Rodriguez Vargas, Nicolas",Caspari Montessori IS,,
949864,4,"Casierra Bonilla, Francisco",John.F Kennedy (Liberia),1400,
949864,4,"Viales Londono, Juan Pablo",John.F Kennedy (Liberia),1400,
949864,4,"Rodriguez Porras, Rosa",John.F Kennedy (Liberia),,
949864,4,"Vega Marin, Sebastian",John.F Kennedy (Liberia),,
949864,5,"Garcia Angulo, Girianny Daciela",Los Corales,,
949864,5,"Iwuala Francis, Dennister Chidi",Los Corales,,
949864,5,"Pacheco Lean, Yeirel",Los Corales,,
949864,5,"Soto Mora, Zlathanie Mariely",Los Corales,,
949864,5,"Vargas Solano, Santiago",Los Corales,,
949864,6,"Aguilar Solorzano, Matteo",Barrio Canada,,
949864,6,"Alvarez Quesada, Cristopher",Barrio Canada,,
949864,6,"Caballero MuÃ±oz, Andres",Barrio Canada,,
949864,6,"Cordero Carranza, Kail",Barrio Canada,,
949864,6,"Fonseca Sanchez, Zahir",Barrio Canada,,
949864,7,"Ramirez Elizondo, Javier",Colegio Bilingue San Ramon,1403,
949864,7,"Garcia Hidalgo, Juan Carlos",Colegio Bilingue San Ramon,1400,
949864,7,"Nunez Robles, Bryan Josue",Colegio Bilingue San Ramon,1400,
949864,7,"Ramirez Elizondo, Julian",Colegio Bilingue San Ramon,1400,
949864,7,"Villalobos Guerrero, Jose Andres",Colegio Bilingue San Ramon,,
949864,8,"Rojas Alvarez, Denilson Fernando",Delia Urbina Guevara,1400,
949864,8,"Garcia May, Isaac",Delia Urbina Guevara,,
949864,8,"Morales Ramos, Leo",Delia Urbina Guevara,,
949864,8,"Tripovich Zuniga, Fabian",Delia Urbina Guevara,,
949864,8,"Vargas Gonzalez, Eithan",Delia Urbina Guevara,,
949864,9,"Villalta Pizarro, Emanuel Isaac",Colegio Cientifico Interamericano CATIE,1417,
949864,9,"Calvo Paniagua, Caleb",Colegio Cientifico Interamericano CATIE,,
949864,9,"Mora Diaz, Isai",Colegio Cientifico Interamericano CATIE,,
949864,9,"Orozco Sanchez, Matias",Colegio Cientifico Interamericano CATIE,,
949864,9,"Ortega Valerin, Mariangel",Colegio Cientifico Interamericano CATIE,,
949864,10,"Hidalgo Aguinaga, Eddy Santiago",Lepanto,1400,
949864,10,"Guido Rojas, Horacio",Lepanto,,
949864,10,"Martinez Cordoncillo, Yojan",Lepanto,,
949864,10,"Vega Duarte, Jimmy",Lepanto,,
949864,11,"Acevedo Mora, Gael",San Rafael,,
949864,11,"Arias Rojas, Adrian",San Rafael,,
949864,11,"Jimenez Villalobos, Naomy",San Rafael,,
949864,11,"Solis Roman, Lara",San Rafael,,
949864,12,"Alvarado Castillo, Aaron Rodrigo",MontaÃ±a Grande,,
949864,12,"Carmona Castillo, Hector",MontaÃ±a Grande,,
949864,12,"Eras Venegas, Gabriel",MontaÃ±a Grande,,
949864,12,"Villalobos Monge, Darrell",MontaÃ±a Grande,,
1127279,1,"Samuel, Josue Beita Retana",7-5,,5
1127279,2,"Gabriel, Martinez Gamboa",8-1,,3.5
1127279,3,"Jose, Pablo Salas Rojas",7-1,,3.5
1127279,4,"Javier, Alonso Chinchilla Solís",7-3,,3
1127279,5,"Brianna, Vindas Méndez",7-1,,3
1127279,6,"Ian, Yohap Valverde Castro",8-1,,3
1127279,7,"Ethan, Samuel Naranjo",8-2,,2.5
1127279,8,"Andres, David Chavez Zuñiga",7-7,,2.5
1127279,9,"Arjen, Matias Hidalgo Godinez",8-1,,2.5
1127279,10,"Santiago, Segura Cruz",8-2,,2.5
1127279,11,"Yandir, Alvarez Mora",7-1,,2
1127279,12,"Guillermo, Cespedes Alvarado",7-5,,1
1127279,13,"Matthew, Segura Valverde",7-1,,1
1127279,14,"Andres, Mateo Calderon Segura",8-4,,0
1127279,15,"Borbon Rivera, Cristopher",8-5,,0
1127279,16,"Brian, Hidalgo Quiros",7-4,,0
1127279,17,"Freddy, Dimas Mena Abarca",8-3,,0
1127279,18,"Josue, Francisco Castro",7-2,,0
1127279,19,"Luis, Fabricio Arias Jimenez",7-8,,0
1127279,20,"Mateo, Murillo Delgado",7-2,,0
1127279,21,"Max, Santiago Solis Esteller",8-5,,0
1127279,22,"Yulian, Franshesko Fonseca Hidalgo",8-7,,0
1127281,1,"Shane, Stevens Sequeira Solís",9-4,,5
1127281,2,"Steven, Daniel Mora Venegas",9-3,,4
1127281,3,"Alonso, Díaz Carvajal",10-6,,4
1127281,4,"Jared, Fabián Mora Cordero",9-1,,3
1127281,5,"Yeilyn, Esquivel Zuñiga",10-5,,3
1127281,6,"Kyhara, Mariel Vega Agüero",9-4,,3
1127281,7,"Cristy, Rocio Mendez Torres",9-5,,2.5
1127281,8,"Dereck, Yair Monge Hernandez",11-1bi,,2.5
1127281,9,"Cristel, Daniela Mendez Torres",9-5,,2
1127281,10,"Jose, Daniel Monge Hernandez",8-4,,2
1127281,11,"Sebastian, Marin Arroyo",8-6,,2
1127281,12,"Amada, Luz Culbreth Mcconnell",9-2,,1
1127281,13,"Cristofer, Rivera Borbón",8-5,,1
1127281,14,"Deiler, Jael Mora Vargas",10-4,,0
1131890,1,"Cazares Mena, Ricardo Antonio",,,4.5
1131890,2,"Morales Leiton, Mateo",,,4.5
1131890,3,"Fonseca Martinez, Maikel Stev",,,4
1131890,4,"Mora Hernandez, Leo Marcel",,,4
1131890,5,"Mora, Alonso",,,3
1131890,6,"Rojas, Tarik",,,3
1131890,7,"Mora Steinvorth, Matteo",,,3
1131890,8,"Rodriguez, José",,,3
1131890,9,"Brenes Soto, Jose Eduardo",,,3
1131890,10,"Solano, Joan",,,3
1131890,11,"Gonzales, Elian",,,2.5
1131890,12,"Cordero Miranda, Josafat",,,2.5
1131890,13,"Parras, Robran",,,2
1131890,14,"Carrillo Rodriguez, Dylan",,,2
1131890,15,"Parra Rodriguez, Eidhan",,,2
1131890,16,"Arroyo Alvarez, Marvin",,,2
1131890,17,"Pitti Jimenez, Thiago",,,2
1131890,18,"Rojas, Damian",,,2
1131890,19,"Jimenez Gonzalez, Jerson",,,1
1131890,20,"Haey, Matias",,,1
1131890,21,"R, Oldemar",,,1
1131891,1,"Mathias Fernando, Cordero Rodriguez",,,4
1131891,2,"Emiliano, Blanco Villalobos",,,4
1131891,3,"John Eduardo, Vindas Barrantes",,,3.5
1131891,4,"Theo, Godinez Molina",,,3.5
1131891,5,"Eithan, Chacon",,,3
1131891,6,"Mathias Enrique, Perez Mena",,,3
1131891,7,"Martinez Segura, Gael",,,2
1131891,8,"Isaac, Vargas Lobo",,,2
1131891,9,"Daniel Josue, Vargas Lobo",,,2
1131891,10,"David, Vargas Lobo",,,1.5
1131891,11,"Sebastian Nose, Alvarado Camacho",,,1.5
1131891,12,"Bermudez Cascante, Calet",,,1
1131891,13,"Andrew, Madrigal",,,0
1131891,14,"Jefferson Thomas, Lopez Cisneros",,,0
1131891,15,"Lian Dariel, Corrales Mora",,,0
1131891,16,"Yeiden Zaid, Parra Jimenez",,,0
1131920,1,"Briana Julissa, Suarez Umaña",,,4.5
1131920,2,"Bristhany, Cascante",,,4
1131920,3,"Jimena Maria, Barrantes Cedeño",,,2.5
1131920,4,"Maria Camila, Fonseca Lopez",,,2.5
1131920,5,"Nazareth, Carrillo",,,1.5
1131920,6,"Perez Lopez, Celeste",,,0
1131920,7,"Arianna Masiel, Porras Valerio",,,0
1131920,8,"Luciana, Gonzales Arias",,,0
1131921,1,"Lopez Cespedes, Bianca",,,4.5
1131921,2,"Abarca Montenegro, Amada",,,4.5
1131921,3,"Bianca Priscila, Abarca Ponce",,,4
1131921,4,"Fatima, Vargas Lobo",,,3.5
1131921,5,"Lucia, Campos Umaña",,,3
1131921,6,"Dhariana Jusleicy, Mora Blanco",,,3
1131921,7,"Fiorella Maria, Araya Fallas",,,3
1131921,8,"Karolyn Massiel, Hocke Sanchez",,,3
1131921,9,"Mora fallas, Lashmy",,,2.5
1131921,10,"Madelyn, Perez",,,2.5
1131921,11,"Susana Darien, Vargas Rojas",,,2
1131921,12,"Quiros Jimenez, Francine",,,2
1131921,13,"Jimena Milagro, Chinchilla Guevara",,,2
1131921,14,"Kiara Mariello, Murillo Cespedes",,,1.5
1131921,15,"Perez Lopez, Lucero",,,1
1131921,16,"Amanda, Arias Chavarria",,,0
1131921,17,"Priscila, Abarca Ponce",,,0
1131921,18,"Danna, Castillo Carranza",,,2
1131921,19,"Briana Chantiel, Corrales Sanchez",,,2
1131922,1,"Khaleb, Molina Jimenez",,,5
1131922,2,"Kahel, Gonzalez Campos",,,4
1131922,3,"Nahum Jatniel, Barquero Arrieta",,,4
1131922,4,"David Santiago, Chaves Chinchilla",,,4
1131922,5,"Joshua, Espinoza Ureña",,,4
1131922,6,"Isaak, Molina Jimenez",,,4
1131922,7,"Eythan, Chavarria Arias",,,3
1131922,8,"Felipe, Villalobos",,,3
1131922,9,"Gabriel Santiago, Gamboa Gonzalez",,,3
1131922,10,"Jesus Adrian, Villalobos Vega",,,3
1131922,11,"Dayron Noel, Torres Campos",,,3
1131922,12,"Josue Li, Torres",,,3
1131922,13,"Mateo, Batista Rodriguez",,,3
1131922,14,"Jeferson Jafeth, Torres Hernandez",,,2.5
1131922,15,"Alexa Maria, Aguilar Villalobos",,,2.5
1131922,16,"Kaleth, Miranda",,,2
1131922,17,"Piero, Colina Valverde",,,2
1131922,18,"Andrea, Chinchilla Valverde",,,2
1131922,19,"Jared Emanuel, Valverde Gonzalez",,,2
1131922,20,"Alany Samantha, Espinoza Zuñiga",,,2
1131922,21,"Mateo, Perez Lizano",,,2
1131922,22,"barrantes Ceddeno, Mateo",,,2
1131922,23,"Elizabeth, Araya Castillo",,,2
1131922,24,"Luis Alonso, Quiros Vargas",,,1.5
1131922,25,"Nazareth Daniela, Araya Vargas",,,1
1131922,26,"Isaac Jose, Monge Perez",,,1
1131922,27,"Domminic Fernando, Cruz Mendez",,,1
1131922,28,"Garcia Valverde, Sebastian",,,1
1131922,29,"Billy Mathias, Meza Mata",,,0.5
1131922,30,"Deivid Francisco, Venegas Araya",,,0
1131922,31,"Mateo Alejanndro, Cedeño Barrantes",,,0
1131922,32,"Neidhan David, Carranza Salas",,,0
1131923,1,"Santiago, Herrera Beita",,,4.5
1131923,2,"Pablo Esteban, Sibaja Delgado",,,4.5
1131923,3,"Kail, Cordero Carranza",,,4
1131923,4,"Johan Vinicio, Artavia Picado",,,3.5
1131923,5,"Rodriguez campos, jeikel",,,3.5
1131923,6,"Miranda Abrego, Elisco",,,3
1131923,7,"Cedeno Flores, Jareth",,,3
1131923,8,"Flores Montezuma, Alejandro",,,3
1131923,9,"Pablo, Gonzalez Villabos",,,3
1131923,10,"David Eliecer, Gonzalez Badilla",,,2
1131923,11,"Vasquez Cedeno, Argell",,,2
1131923,12,"Sebastian, Jimenez Monge",,,2
1131923,13,"Arce Castro, Yoseth",,,2
1131923,14,"Mendez Marin, Aldair",,,2
1131923,15,"Carrera Gonzales, Kendal",,,1
1131923,16,"Umana Mora, Argen",,,1
1131923,17,"Vargas Rios, Sebastian",,,1
1131923,18,"Yeicol David, Sibaja Chavez",,,1
1131923,19,"Jesus Adrian, Valverde Zuñiga",,,0
1131924,1,"Justin, Nuñez",,,5
1131924,2,"Angelo, Rodriguez Badilla",,,3
1131924,3,"Dreivin, Fernandez Bogantes",,,3
1131924,4,"Prendas Rivera, Sebastian",,,3
1131924,5,"Ignacio, Ramirez Batista",,,3
1131924,6,"Mora Elizando, Juan",,,3
1131924,7,"Santiago, Campos Campos",,,2
1131924,8,"Jeancarlo, Alvarez Quesada",,,2
1131924,9,"Quiros Blanco, aaron",,,1
1131924,10,"Neitan, Solin Mejias",,,0
1131925,1,"Cordero Cortes, Anderson",,,3
1131925,2,"Benjamin, Garza",,,2
1131925,3,"Jousser, Zuñiga Viquez",,,1
1131927,1,"AGUILAR SOLORZAN, Matteo",BARRIO CANADA 3,,
1131927,1,"CABALLERO MUÑOZ, Matteo",BARRIO CANADA 3,,
1131927,1,"ROJAS MONTERO, Alexa",BARRIO CANADA 3,,
1131927,1,"ROJAS MONTERO, Alexa",BARRIO CANADA 3,,
1131927,1,"SIBAJA VELASQUEZ, Esteban",BARRIO CANADA 3,,
1131927,2,"GONZALEZ JIMENEZ, Samir",LA UNION 2,,
1131927,2,"MONTEZUMA GUILLEN, Diago",LA UNION 2,,
1131927,2,"MORALES VARGAS, Samuel",LA UNION 2,,
1131927,2,"VILLEGAS MARIN, Ronald",LA UNION 2,,
1131934,1,"Vargas, Sheyla",,,5
1131934,2,"Montes Zuñiga, Moserrath",,,4
1131934,3,"Boza Cardenal, Samantha",,,3
1131934,4,"VILLALOBOS ESQUIVEL, NATALIA",,,3
1131934,5,"DIAZ AGUILAR, Sopfia",,,3
1131934,6,"Meza Navarrete, Saydi",,,2
1131934,7,"R, Tilsia",,,2
1131934,8,"Chaves, Nazareth",,,1.5
1131934,9,"Mora Cortes, Sheilyn",,,1.5
1131949,1,"Corrales Laurent, Isabella",,,2
1131949,2,"Mesen rios, Asley",,,1
1131949,3,"Solano Monge, Emili",,,0
1133860,1,"Mora Acuña, Sebastián",,1400,5
1133860,2,"Salas Villalobos, Santiago",,1400,3.5
1133860,3,"Guerrero Céspedez, Bastian",,1400,3.5
1133860,4,"Delgado Ríos, Jeremy",,1400,3
1133860,5,"Céspedes Valerio, Dilan",,1400,3
1133860,6,"Alpízar Chacón, Xavier",,1400,2
1133860,7,"Espinoza Rojas, Emiliano",,1400,2
1133860,8,"García Ballestero, Darien",,1400,2
1133860,9,"Varela Quesada, José Andrés",,1400,1
1135774,1,"CECILIANO FONSECA, LUIS",,1400,5
1135774,2,"BRAIBANT QUIROS, ARI",,1400,4
1135774,3,"DURAN BEJARANO, YADZELL",,1400,3.5
1135774,4,"CORRALES MARTINEZ, JACOB",,1400,3.5
1135774,5,"MURILLO MORA, YARED",,1400,3
1135774,6,"RIVERA SANCHEZ IAN, ZAHIR",,1400,3
1135774,7,"JIMENEZ ARIAS, DAMIAN",,1400,3
1135774,8,"DOMINGUEZ GARRO, GABRIEL",,1400,3
1135774,9,"SANDI VARGAS, DYLAN",,1400,2
1135774,10,"LOPEZ ALVAREZ, YEUDIN",,1400,2
1135774,11,"AGUILAR JIMENEZ, ANGELO",,1400,2
1135774,12,"FONSECA ARCE, DARIEL",,1400,2
1135774,13,"COLISTA PEREZ, ISABELLA",,1400,1
1135774,14,"HIDALGO MORA, MARCO",,1400,1
1135774,15,"ARGUEDAS VARGAS, SANTIAGO",,1400,0
1135774,16,"CHAVARRIA SANCHEZ, NOAH",,1400,0
1135774,17,"CORONADO PEREZ, THIAGO DUHAM",,1400,0
1135774,18,"QUINTEROS CHAVEZ, PEDRO",,1400,0
1135774,19,"REGALADO JARA, JOSE",,1400,0
1135774,20,"RIVAS JIMENEZ, ESTEBAN DANIEL",,1400,0
1135774,21,"ROMERO PEREZ, ENOC",,1400,0
1135775,1,"CHAVARRIA CORO, JEREMY",,,5
1135775,2,"SOTELA GODINEZ, ISAAC",,,4
1135775,3,"SUAREZ CARRANZA, BENJAMIN OWEN",,,3
1135775,4,"MENDEZ CORDOBA, WINSTON ALBERTO",,,3
1135775,5,"FLORES URBINA, JOHANDY DANIEL",,,2
1135775,6,"DIAZ HERNANDEZ, JOCSAN JOSUE",,,2
1135775,7,"FLORES ZUÑIGA, KEYNELL ANDRES",,,1
1135775,8,"MEZA QUIROS, JEYDEN OMAR",,,0
1135775,9,"VARGAS CALDERON, DENIS JOSUE",,,0
1135776,1,"CHACON MASIS, JARED EDUARDO",,,4
1135776,2,"PEREZ LOPEZ, ETHAN SAMIR",,,4
1135776,3,"ZANNONI FLORES, LEO",,,3.5
1135776,4,"QUESADA GARITA, EMILIANO",,,3.5
1135776,5,"MORRIS OBANDO, SAMUEL MICHAEL",,,3
1135776,6,"LOPEZ GUTIERREZ, RAYMAK SNIDER",,,3
1135776,7,"ARAUZ MENDEZ, RANDALL JAFETH",,,3
1135776,8,"MELENDEZ QUESADA, DAYMON NATHAN",,,2
1135776,9,"PIEDRA PRADO, ROYNER JOXANDER",,,1
1135776,10,"CAMPOS MICHAEL, JAVIER",,,0
1135776,11,"MORA HIDALGO, YEISON DANIEL",,,0
1135776,12,"WESLEY PRADO, BAYRON ALBERTO",,,0
1135777,1,"Vargas Arguedas, Caleb",,1858,2
1135777,2,"Diaz Palacios, Jefri",,1400,1
1135777,3,"Salas Campos, Luis",,1400,0
1135780,1,"ALVARADO MENDEZ, ADARA CAMILA",,1400,5
1135780,2,"GUERRA CASTRO, MICHEYLING JULIANA",,1400,4
1135780,3,"ESTELLER ALCAZAR, STEFANNY TATIANA",,1400,2
1135780,4,"ROJAS SUAREZ, ANYEL DARITZA",,1400,2
1135780,5,"CHAVES FALLAS, FATIMA GRACIELA",,1400,1.5
1135780,6,"JIMENEZ FALLAS, KEISY JAZMIN",,1400,0.5
1135781,1,"AGUERO CONTRERAS, REYCHEL TAMARA",,,5
1135781,2,"LADOSHINA, ANASTASIIA",,,3.5
1135781,4,"UMAÑA FLORES, AUDRETH VALESKA",,,2
1135781,5,"OBANDO JIMENEZ, GIPZY PRISILLA",,,1
1135781,6,"JARA MAROTO, ELIZABETH",,,0
1136299,1,"Cordero Cortes, Enderson",,,5
1136299,2,"Magana Cardenal, Ian Sebastian",,,3.5
1136299,3,"Vargas Chavarria, Oscar Jose",,,3
1136299,4,"SIBAJA DELGADO, PABLO ESTEBAN",,,2.5
1136299,5,"Rodriguez Altamirano, Pablo Arush",,,2
1136299,6,"GWAM AGUERO, DEREK GABRIEL",,,2
1136299,7,"HERRERA BEITA, SANTIAGO MATIAS",,,1
1136299,8,"LOPEZ CHAVARRIA, DONALD ALBERTO",,,1
1136301,1,"ALVAREZ QUESADA, CRISTOPHER JOSUE",C.T.P. UMBERTO MELLONI CAMPANINI,,
1136301,1,"CABALLERO MUÑOZ, ANDRES FELIPE",C.T.P. UMBERTO MELLONI CAMPANINI,,
1136301,1,"DELGADO MONGE, VICTOR MANUEL",C.T.P. UMBERTO MELLONI CAMPANINI,,
1136301,1,"Rodriguez Jimenez, Aylim",C.T.P. UMBERTO MELLONI CAMPANINI,,
1136301,1,"SANABRIA ARAYA, Sebastian",C.T.P. UMBERTO MELLONI CAMPANINI,,
1136301,2,"MARTINEZ VILLALOBOS, MATTHEW",LICEO CIUDAD NEILY,,
1136301,2,"MONGE TORRES, AUDREY ANTUAN",LICEO CIUDAD NEILY,,
1136301,2,"RODRIGUEZ PITTI IAN, Joseph",LICEO CIUDAD NEILY,,
1136301,3,"DIAZ AGUERO, VICTOR FABIAN",EXPERIMENTAL BILINGÜE DE AGUA BUENA,,
1136301,3,"HERNANDEZ SALAS, Lucas",EXPERIMENTAL BILINGÜE DE AGUA BUENA,,
1136301,3,"Lobo Zamora, Damian Sleith",EXPERIMENTAL BILINGÜE DE AGUA BUENA,,
1136301,3,"VARGAS GOMEZ, EVAN FARIT",EXPERIMENTAL BILINGÜE DE AGUA BUENA,,
1136301,4,"BARRANTES AGUERO, JOSUE ENRIQUE",C.T.P. DE SABALITO,,
1136301,4,"HIDALGO BOGANTES, Ismael",C.T.P. DE SABALITO,,
1136301,4,"ZAMORA MIRANDA, MAURO ANDRES",C.T.P. DE SABALITO,,
1136301,4,"ZELEDON CHONG, ISAAC FABIAN",C.T.P. DE SABALITO,,
1136313,1,"AVILA RUIZ, ANDREY FABRICIO",LICEO CIUDAD NEILY,,
1136313,1,"BONILLA ARAUZ, YADIER MAURICIO",LICEO CIUDAD NEILY,,
1136313,1,"ESQUIVEL PEREZ, ADRIAN JOSE",LICEO CIUDAD NEILY,,
1136313,1,"RAMIREZ GRANADOS, AUSTIN EMILIO",LICEO CIUDAD NEILY,,
1136313,2,"HERNANDEZ SALAS, ISAAC",EXPERIMENTAL BILINGÜE DE AGUA BUENA,,
1136313,2,"MENDOZA AVILA, CEDREKC ADRIAN",EXPERIMENTAL BILINGÜE DE AGUA BUENA,,
1136313,2,"PIMENTEL ARAYA, ALONSO",EXPERIMENTAL BILINGÜE DE AGUA BUENA,,
1136313,2,"RIVERA ONEAL, XAVI ISRAEL",EXPERIMENTAL BILINGÜE DE AGUA BUENA,,
1136313,3,"LOPEZ GRANDA, AARON",COLEGIO FINCA NARANJO,,
1136313,3,"OLMOS GONZALEZ, SEBASTIAN YAHIR",COLEGIO FINCA NARANJO,,
1136313,3,"RODRIGUEZ VALVERDE, PETTER SAMUEL",COLEGIO FINCA NARANJO,,
1136330,1,"SUAREZ UMAÑA, TEYLOR DAMIAN",,,4
1136330,2,"Torres Rodriguez, Daniel Iosev",,1532,4
1136330,3,"Abarca Montero, Ivan Jose",,,3
1136330,4,"SALINA ANDRADE, ELIAS JOSUE",,,3
1136330,5,"Mora Rojas, Adam Alonso",,,3
1136330,6,"Solano Barquero, Jose Pablo",,,2
1136330,7,"ENRIQUEZ NUÑEZ, JUSTIN DANIEL",,,1
1136330,8,"Rodriguez Badilla, Angelo Fabricio",,,0
1137471,1,"Sandi Miranda, Aleska",,,5
1137471,2,"CORRALES LAURENT, ISABELLA",,,4
1137471,3,"Mesen Rios, Ashey Mariana",,,3
1137471,4,"SANTAMARIA MORA, SANTAMARIA MORA SHAUNY TAMARA",,,2
1137471,5,"GONZALEZ ALVAREZ, YADRIELA MAYLEN",,,2
1137471,6,"MURILLO AGUERO, ANGELYN MARCELA",,,2
1137471,7,"GONZALEZ MORA, ELIZABETH ARLET",,,2
1140010,1,"Brenes Zuniga, Dharrel Yadid",Dr Rafael Calderon Munoz 1,,
1140010,1,"Gonzalez Mora, Neymar Jahaziel",Dr Rafael Calderon Munoz 1,,
1140010,1,"Hernandez Mendez, Dilan Andres",Dr Rafael Calderon Munoz 1,,
1140010,1,"Rugama Cisne, Justin Josue",Dr Rafael Calderon Munoz 1,,
1140010,1,"Viales Blandon, Mathew Jariel",Dr Rafael Calderon Munoz 1,,
1140010,2,"Alfaro Cordero, Ian Yadiel",Domingo Faustino Sarmiento 1,,
1140010,2,"Mora Diaz, Liang Josue",Domingo Faustino Sarmiento 1,,
1140010,2,"Obando Segura, Saul Eduardo",Domingo Faustino Sarmiento 1,,
1140010,2,"Rodriguez Monge, Ambar Elena",Domingo Faustino Sarmiento 1,,
1140010,3,"Fernandez Valerin, Isaac Daniel",Dr Rafael Calderon Munoz 2,,
1140010,3,"Gonzalez Murillo, Oziel Orlando",Dr Rafael Calderon Munoz 2,,
1140010,3,"Morales Araya, Mathew Caleb",Dr Rafael Calderon Munoz 2,,
1140010,3,"Vasquez Rivera, Luis Franco",Dr Rafael Calderon Munoz 2,,
1140010,3,"Zuniga Mendieta, Rolando Saul",Dr Rafael Calderon Munoz 2,,
1140010,4,"Alvarez Morales, Felipe",Domingo Faustino Sarmiento 2,,
1140010,4,"Bustillo Lopez, Dominick Jesus",Domingo Faustino Sarmiento 2,,
1140010,4,"Cascante Cardenas, Santiago",Domingo Faustino Sarmiento 2,,
1140010,4,"Chaves Morales, Joshua Jared",Domingo Faustino Sarmiento 2,,
1140010,5,"Arias Orozco, Maximiliano",La Fila,,
1140010,5,"Ballestero Matamoros, Felipe",La Fila,,
1140010,5,"Sanchez Sandi, Marcello",La Fila,,
1140011,1,"Chavarria Vargas, David Jesus",La Fila,,4.5
1140011,2,"Tencio Palacios, Jared Nathan",Dr Rafael Calderon Munoz,,4
1140011,3,"Camacho Quiros, Mathias",Braulio Odio Herrera,,4
1140011,4,"Bonilla Quiros, Juan Pablo",Gabriel Brenes Robles,,3.5
1140011,5,"Medina Solano, Johan",Gabriel Brenes Robles,,3.5
1140011,6,"Caamano Zapata, Pablo Enrique",Las Gravilias,,3.5
1140011,7,"Hidalgo Fallas, Julio Gabriel",Gabriel Brenes Robles,,3.5
1140011,8,"Ruiz Garro, Santiago",Reverendo Francisco Schmitz,,3
1140011,9,"Madrigal Castro, Caleb",Jose Maria Zeledon Brenes,,2.5
1140011,10,"Reyes Arias, Neithan Jasniel",Domingo Faustino Sarmiento,,2.5
1140011,11,"Rivera Ceciliano, Yorlan Fabian",Justo Maria Padilla Castro,,2.5
1140011,12,"Monge Arias, Randy Adriel",La Fila,,2.5
1140011,13,"Morales Piedra, Emilio",Cecilia Orlich Figueres,,2.5
1140011,14,"Monge Barboza, Tyrone Joel",Republica de Honduras,,2
1140011,15,"Torres Bonilla, David Santiago",Cecilia Orlich Figueres,,2
1140011,16,"Cabezas Castro, Mateo",Las Gravilias,,2
1140011,17,"Elizondo Vega, Angelo Damian",Dr Rafael Calderon Munoz,,2
1140011,18,"Jimenez Molina, Saul",Gabriel Brenes Robles,,2
1140011,19,"Mora Molina, Misael",Sector 7,,1
1140011,20,"Montero Rodriguez, Anthony",Finca Capri,,1
1140011,21,"Ceciliano Sandi, Yham",El Manzano,,0
1140011,22,"Zuniga Cortes, Fabricio",El Manzano,,0
1140012,1,"Davila Lazo, Franchesca Alandra",Dr Rafael Calderon Munoz,,4
1140012,2,"Fung Duran, Mei Li",La Fila,,2
1140012,3,"Vargas Guzman, Denisse Elena",Cecilia Orlich Figueres,,2
1140012,4,"Picado Mena, Nicole",Dr Rafael Calderon Munoz,,1.5
1140012,5,"Corriols Vargas, Florencia",Saint Michael School,,0.5
1140014,1,"Rojas Padilla, Alanna Valeria",Manuel Padilla Urena,,5
1140014,2,"Flores Elizondo, Valeria",La Fila,,4
1140014,3,"Get Aguero, Lucia",Educarte Preescolar-Primaria,,3
1140014,4,"Bonilla Rojas, Diego Gabriel",La Fila,,3
1140014,5,"Valverde Vindas, Santiago",La Fila,,3
1140014,6,"Monge Arias, Thiago Kaleb",La Fila,,2.5
1140014,7,"Espinoza Estrada, Breyden Calet",La Fila,,2
1140014,8,"Ballestero Matamoros, Lucia",La Fila,,1.5
1140014,9,"Corriols Vargas, Luciana",Saint Michael School,,1
1140019,1,"Irola Araya, Camila",Pococi,1484,1
1140021,1,"Garita Vargas, Zoe",,,2
1140021,2,"Molina Reyes, Kaylan Susana",,,0.5
1140022,1,"Quiros Cascante, Anferny",,,2
1140022,2,"Badilla Rodriguez, Cristofer",,,0
1140024,1,"Benavides Avila, Saul",Pococi,1491,5
1140024,2,"Navarro Hernandez, Endrick Santiago",Pococi,1400,4
1140024,3,"Sanchez Nunez, Matias",,,3
1140024,4,"Arias Perez, Yasit",,,3
1140024,5,"Gutierres Ramirez, Andres Daniel",,,3
1140024,6,"Chaves Rosello, Angel Santiago",,,3
1140024,7,"Retana Guerrero, Joel",,,3
1140024,8,"Salmeron Araya, Ian",,,3
1140024,9,"Garro Macnuty, Keileb",,,2
1140024,10,"Siu Siu, Gealberth Elson",,,2
1140024,11,"Zuniga Serrano, Lugo Santiago",,,2
1140024,12,"Martinez Linton, Darren Steven",,,1
1140024,13,"Azofeifa Ramirez, Manfred",,,1
1140024,14,"Cruz Garcia, Oscar Andrey",,,0
1140153,1,"Ocampo Sequeira, Ana Sofia",,1400,2
1140153,2,"Bobadilla Cespedes, Aleshka Taily",,1400,0
1140154,1,"Ruiz Sanchez, Alejandro",,1400,4.5
1140154,2,"Rodriguez Porras, Jose Miguel",,1400,4
1140154,3,"Mora Gabelman, Thiago",,1400,3
1140154,4,"Arias Atencio, Marcos Angelo",,1400,2.5
1140154,5,"Saxe Picado, Ernis Mateo",,1400,2
1140154,6,"Jimenez Ramirez, Jared Sair",,1400,2
1140154,7,"Hernandez Barrientos, Emanuel",,1400,2
1140175,1,"Otarola Moraga, Rayner Jared",Sistem Educativo Cenit,1400,5
1140175,2,"Zamora Diaz, Gael",Moracia,1400,4
1140175,3,"Arze Aguero, Jose Fernando",Colegio Santa Ana,1400,4
1140175,4,"Charaja Umana, Cristopher Andres",Sistema Educativo Cenit,1458,3.5
1140175,5,"Flores Lopez, Jose",Cuajiniquil,1400,3.5
1140175,6,"Jarquin Rojas, Mathew",Alba Ocampo Alvarado,1400,3
1140175,7,"Loria Gonzalez, Walner",Pijije,1400,3
1140175,8,"Hidalgo Leiva, Aaron Martin",Fausto Guzmán Calvo,1400,3
1140175,9,"Montoya Ibanez, Oscar Santiago",Colegio Santa Ana,1400,3
1140175,10,"Bolanos Aburto, Ethan Eduardo",Cuajiniquil,1400,3
1140175,11,"Rodriguez Rivera, Ian Santiago",Ascensión Esquivel Ibarra,1400,2
1140175,12,"Torres Rodriguez, Oliver Mateo",El Guayabo,1400,2
1140175,13,"Villegas Toledo, Neithan",Santa Cecilia,1400,2
1140175,14,"Rodriguez Villalobos, Dereck Jose",Isabel Brown Brown,1400,2
1140175,15,"Castillo Arroyo, Mathew",Santa Cecilia,1400,2
1140175,16,"Alvarado Granados, Sdriell Gael",Isabel Brown Brown,1400,2
1140175,17,"Salazar Pena, Jayden Aron",Fausto Guzmán Calvo,1400,1
1140175,18,"Torres Reyes, Engelberth Santiago",Alba Ocampo Alvarado,1400,1
1140175,19,"Oses Cortes, Ezequiel Aaron",El Guayabo,1400,1
1140175,20,"Garcia Bermudez, Saul",Corazón de Jesús,1400,0
1140197,1,"Rodriguez Membreno, Sebastian",Liceo Laboratorio de Liberia,1551,5
1140197,2,"Mendez Ordonez, Johanan",Liceo de Bagaces,1400,4
1140197,3,"Viales Londono, Juan",Sistema Educativo Cenit,1400,3
1140197,4,"Tijerino Salazar, Ian Josue",Liceo de Guardia,1402,3
1140197,5,"Espinoza Mendoza, Sofia",Sistema Educativo Cenit,1400,3
1140197,6,"Baltodano Valdez, Jorge Isaac",Colegio Canas Dulces,1400,3
1140197,7,"Hidalgo Leiva, Isaac",C.T.P Fortuna de Bagaces,1400,2
1140197,8,"Ruiz Solano, Rolvin",Colegio Quebrada Grande,1400,2
1140197,9,"Alfaro Gamboa, Adrian Caleb",C.T.P Barrio Irvin,1400,2
1140197,10,"Guzman Villegas, Isaac",Colegio José María Gutiérrez,1400,2
1140197,11,"Duarte Arias, Carlos",Colegio Quebrada Grande,1400,1
1140197,12,"Eras Segura, Eikel",Colegio Canas Dulces,1400,0
1140287,1,"Soto Platero, Keisi",Isabel Brown Brown,1400,4
1140287,2,"Liang Rodríguez, Kiara",Colegio Bilingue Ciudad Blanca,1400,4
1140287,3,"Briceno Esquivel, Samantha",Ascension Esquivel Ibarra,1400,4
1140287,4,"Álvarez Guido, Nathalia",Alba Ocampo Alvarado,1400,3
1140287,5,"Arias Villegas, Aylin",El Guayabo,1400,3
1140287,6,"Cisneros Vasquez, Analia",General Tomás Guardia Gutiérrez,1400,3
1140287,7,"Torres Rodríguez, Amanda",El Guayabo,1400,3
1140287,8,"Contreras Gonzalez, Monserrath",Santa Cecilia,1400,2
1140287,9,"Hernández Hernández, Keilyn",Santa Cecilia,1400,2
1140287,10,"Ruiz Solano, Betzabe",Marcelino García Flamenco,1400,1
1140287,11,"Artavia Granados, Alaia",Moracia,1400,1
1140327,1,"Benavides, Nuñez Sebastian Haziel",La Guaria,,5
1140327,2,"Delgado, Miranda Thiago Nicolas",Daniel Solórzano Murillo,,3.5
1140327,3,"Elizondo, Rodriguez Angel Gabriel",Daniel Solórzano Murillo,,3.5
1140327,4,"Chaves, Castillo Mateo",Santiago Crespo Calvo,,3.5
1140327,5,"García, Salazar David Abimael",Manuel Quesada Bastos,,3
1140327,6,"Flores, Salas Fabian",Colegio Bilingüe San Ramón,,3
1140327,7,"Gomez, Quesada Israel",Manuel Quesada Bastos,,3
1140327,8,"Rojas, Loria Jose Pablo",Sarchí Norte,,2.5
1140327,9,"Umaña, Mora Daniel Josue",Colegio Bilingüe San Ramón,,2.5
1140327,10,"Rodriguez, Guzman Jared Santiago",La Guaria,,2
1140327,11,"Cubero, Palma Ezequiel",El Cruce De Cirrí,,2
1140327,12,"Soto, Miranda Jhon",Álvaro Terán Seco,,2
1140327,13,"Vargas, Ramirez Pablo Gaddiel",Álvaro Terán Seco,,2
1140327,14,"Jimenez, Gonzalez Saul",Félix Ángel Salas Cabezas,,1.5
1140327,15,"Monestel, Sanchez Caleb",Ermida Blanco Gonzalez,,1
1140328,1,"Araya, Sanchez Ishbell",La Guaria,,1
1140329,1,"Castro, Miranda Fabian",Otilio Ulate Blanco,,5
1140329,2,"Bejarano, Tames Michael Andres",Santiago Crespo Calvo,,4.5
1140329,3,"Zuñiga, Alfaro Felipe",Alfonso Monge Ramírez,,4
1140329,4,"Castro, Salazar Mateo",Otilio Ulate Blanco,,4
1140329,5,"Lacayo, Kolyzhikhin Ivan",Sep International School,,3.5
1140329,6,"Segura, Vasquez Jaime Emanuel",Fermín Rodríguez Cordero,,3.5
1140329,7,"Santamaria, Jimenez Israel",Laboratorio,,3
1140329,8,"Segnini, Quesada Diego",Colegio Bilingüe San Ramón,,3
1140329,9,"Gamboa, Vargas Santiago",Jorge Washington,,3
1140329,10,"Miranda, Solano Brandon Alejandro",Monseñor Juan Vicente Solís Fernánd,,3
1140329,11,"Araya, Jimenez Abraham Josue",Álvaro Terán Seco,,3
1140329,12,"Arredondo, Varela Patrick Elias",Monseñor Juan Vicente Solís Fernánd,,3
1140329,13,"Morales, Palma Ian Adrian",El Cruce De Cirrí,,3
1140329,14,"Rojas, Mora Ruben",Federico Salas Carvajal,,3
1140329,15,"Sanchez, Loria Alejandro",Santiago,,3
1140329,16,"Fernandez, Montero Evan",Mixta San Rafael,,3
1140329,17,"Lopez, Santamaria Luis Davit",Jorge Washington,,2.5
1140329,18,"Ortiz, Loria Demian Alonso",Sarchí Norte,,2.5
1140329,19,"Carvajal, Oliver Kaleb Facundo",Valle Azul,,2.5
1140329,20,"Gomez, Quesada Nicolas",Manuel Quesada Bastos,,2.5
1140329,21,"Matamoros, Rojas Matias Gael",Sarchí Norte,,2.5
1140329,22,"De, Candido Perez Julian",Los Robles,,2
1140329,23,"Cruz, Mendoza Dylan Jesus",Unidad Pedagógica Rural Bajos De To,,2
1140329,24,"Madrigal, Mojica Kahel Mathias",Manuel Quesada Bastos,,2
1140329,25,"Rodriguez, Alvarado Jose Pablo",Pbro. Venancio De Oña Y Martínez,,2
1140329,26,"Campos, Madrigal Matias Francisco",Colegio Bilingüe San Ramón,,1.5
1140329,27,"Loria, Corrales Dario",Gerardo Badilla Mora,,1.5
1140329,28,"Elizondo, Vargas Ismael",Valle Azul,,1.5
1140329,29,"Torres, Porras Moises",Álvaro Terán Seco,,1.5
1140329,30,"Rodriguez, Araya Aaron Samuel",Alto Castro,,1.5
1140329,31,"Cartin, Zuñiga Isaac Javier",Mixta San Rafael,,1
1140329,32,"Leal, Retana Ethan Javier",La Unión San Ramón,,1
1140329,33,"Valencia, Cascante Evans Fernando",La Unión,,0.5
1140329,34,"Hernandez, Dormuz Geiner Josue",República De Cuba,,0
1140329,35,"Rodriguez, Guzman Oscar Daniel",La Guaria,,0
1140329,36,"Steller, Perez Wilberth Gabriel",República De Cuba,,0
1140330,1,"Lacayo, Kolyzhikhin Jazmin",Sep International School,,4
1140330,2,"Torres, Alvarez Lucia",Palmitos,,3
1140330,3,"Varela, Leon Irina",Unidad Pedagógica San Francisco,,3
1140330,4,"Aviles, Alfaro Leonor Victoria",Sarchí Norte,,2
1140330,5,"Solano, Oses Isabella",Sarchí Norte,,2
1140330,6,"Salazar, Rodriguez Kiara Guilliana",Álvaro Terán Seco,,1
1140330,7,"Castro, Alpizar Karolina",República De Cuba,,1
1140330,8,"Arroyo, Lara Tiany Samantha",República De Cuba,,0
1140330,9,"Rojas, Segura Lia Fabiana",Dr. Ricardo Moreno Cañas,,0
1140471,1,"Valverde, Chavarria Yoel Jesus",C.T.P. Calle Zamora,,3
1140471,2,"Castro Lumbi, Jescar",ISJAG,,1
1140473,1,"Varela, Rodriguez Joan Steven",Experimental Bilingüe De San Ramón,,5
1140473,2,"Araya, Salazar Jeiner Johan",Experimental Bilingüe De Palmares,,3.5
1140473,3,"Zuñiga, Alfaro Elias",Experimental Bilingüe De Naranjo,,3.5
1140473,4,"Rugama, Vivas Dennis Albeiro",Colegio De Naranjo,,3
1140473,5,"Dondi, Castro Fabrizzio",Experimental Bilingüe De San Ramón,,3
1140473,6,"Ulate, Morales Sebastian",Sep International School,,3
1140473,7,"Madrigal, Salazar Dominik Jose",Unidad Pedagógica Rural Bajos De To,,3
1140473,8,"Valle, Centeno Maikel Fernando",C.T.P. Zarcero,,2.5
1140473,9,"Cambronero, Villalobos Josias Mauricio",C.T.P. De Piedades Sur,,2.5
1140473,10,"Morales, Chacon Emanuel",Colegio Bilingüe San Ramón,,2
1140473,11,"Guzman, Vasquez Thiago",Experimental Bilingüe De Palmares,,1.5
1140473,12,"Jimenez, Arredondo Sebastian",C.T.P. Zarcero,,1.5
1140473,13,"Jara, Lazo Mathias",C.T.P. De Piedades Sur,,1
1140473,14,"Hernandez, Zuñiga Jose Samuel",C.T.P. Santo Cristo De Esquipulas,,0
1140474,1,"Estrada, Rodriguez Hendrik Alexander",Colegio De Naranjo,,5
1140474,2,"Sanchez, Sanche Juan Tobias",C.T.P. Calle Zamora,,4
1140474,3,"Chavarria, Barboza Stiveen",ISJAG,,4
1140474,4,"Gonzalo, Villalobos Mauro",Sep International School,,3
1140474,5,"Mora, Piñeiro Mathew",Experimental Bilingüe De San Ramón,,3
1140474,6,"Gonzalo, Villalobos Dario",Sep International School,,2.5
1140474,7,"Chaves, Arnuero Fabian Mauricio",ISJAG,,2
1140474,8,"Rodriguez, Cordero Jose Pablo",C.T.P. Calle Zamora,,2
1140474,9,"Rosales, Tellez Jeans Carlos",Unidad Pedagógica Rural Bajos De To,,1.5
1140474,10,"Chacon, Rojas Dominic",C.T.P. Zarcero,,1.5
1140474,11,"Rodriguez, Beltran Diego Esteban",C.T.P. De Piedades Sur,,1.5
1140474,12,"Rodriguez, Rodriguez Gabriel",C.T.P. Zarcero,,0
1140477,1,"Villalobos, Alcazar Claire",Experimental Bilingüe De Naranjo,,4
1140477,2,"Araya, Calero Sofia Nazareth",Colegio De Naranjo,,3
1140477,3,"Cortes, Matarrita Alexa Thamia",C.T.P. De Piedades Sur,,2
1140477,4,"Monge, Sanchez Katerine Fernanda",Instituto Julio Acosta García,,2
1140477,5,"Rodriguez, Leon Natalia",Experimental Bilingüe De Palmares,,2
1140477,6,"Jimenez, Valverde Mariana",Sep International School,,2
1140477,7,"Vasquez, Navarro Fabiola",Experimental Bilingüe De Palmares,,1.5
1140477,8,"Rojas, Ramirez Aileen Mariana",C.T.P. De Piedades Sur,,0.5
1140477,9,"Lopez, Alpizar Ariana",C.T.P. Zarcero,,0
1140477,10,"Mena, Araya Isabella",C.T.P. Rosario De Naranjo,,0
1140478,1,"Leal, Retana Brittany",C.T.P. Calle Zamora,,2
1140478,2,"Mora, Naranjo Fatima",Sep International School,,0
1140688,1,"Villarreal Chavarria, Amy",Colegio Felipe Perez,1400,3
1140688,2,"Cerdas Hurtado, Maria",CTP Liberia,1400,2
1140688,3,"Salazar Cerdas, Sherlyn",Liceo de Guardia,1400,1
1140688,4,"Giraldo Casas, Valentina",Liceo Laboratorio de Liberia,1400,0
1140773,1,"Rivera Gutierrez, Geannina Isabela",Liceo Laboratorio de Liberia,1776,4
1140773,2,"Cerdas Amador, Matias",Científico de Costa Rica,1686,4
1140773,3,"Arias Varela, Adonay",C.T.P Fortuna de Bagaces,1400,4
1140773,4,"Marron Pizarro, Karlfred",Liceo de Guardia,1487,4
1140773,5,"Cerdas Hurtado, Jose",CTP Liberia,1400,3
1140773,6,"Torres Angulo, Gary Esteban",Liceo de Guardia,1473,3
1140773,7,"Rosales Garcia, Alex",Instituto de Guanacaste,1400,3
1140773,8,"Rios Briceno, Joshua",Liceo Laboratorio de Liberia,1400,2
1140773,9,"Rios Fernandez, Brayton",CTP Barrio Irvin,1400,2
1140773,10,"Chavez Villalta, Willem",CBCB,1400,2
1140773,11,"Zuniga Arias, Jason",CTP Fortuna de Bagaces,1400,2
1140773,12,"Gonzales Fajardo, Liam",Colegio Canas Dulces,1400,1
1140773,13,"Chacon Acosta, Axel",Colegio Jose Maria Gutierrez,1400,1
1140780,1,"Charaja Umana, Nataly Crisbeth",Sistema Educativo Cenit,1552,2.5
1140780,2,"Rojas Vega, Eimy",C.T.P Fortuna de Bagaces,1400,2
1140780,3,"Garcia Valdez, Xochilth Fernanda",C.T.P De Liberia,1545,1.5
1140780,4,"Benavidez Acuna, Nesli",Liceo de Guardia,1400,0
1140789,1,"Sequeira Matute, Isaac",Científico de Costa Rica de Guanaca,1400,1
1140789,2,"Chacon Madrigal, Gabriel",C.T.P Fortuna de Bagaces,1400,1
1142313,1,"Almengor Villanueva Jeydem Efrai,",,1400,4.5
1142313,2,"Morales Ellis Aaron Gabriel,",,1400,4.5
1142313,3,"Guerra Miranda Raul Javier,",,1400,3.5
1142313,4,"Yaslin Torres Eythan Adonay,",,1400,3
1142313,5,"Blanco Torres Keyden Sait,",,1400,3
1142313,6,"Sanchez Morales Manuel Rafael,",,1400,3
1142313,7,"Mayorga Arguello Jeferson,",,1400,3
1142313,8,"Uva Lopez Hector Jose,",,1400,2.5
1142313,9,"Hidalgo Lopez Abraham Fabricio,",,1400,2
1142313,10,"Bolaños Sanchez Argen Jose,",,1400,2
1142313,11,"Morales Cobb Khaleth Gabriel,",,1400,2
1142313,12,"Gonzalez Williams Azir Omay,",,1400,2
1142313,13,"Morales Morales Matias Gabriel,",,1400,2
1142313,14,"Hernandez Hernandez Sergi Stan,",,1400,2
1142313,15,"Alvarado Torres Evans David,",,1400,1
1142324,1,"Price Pascacio Keyner Antonio,",,1400,5
1142324,2,"Buitrago Vargas Deykel Alberto,",,1400,4.5
1142324,3,"Molina Hernandez Wilmer Andres,",,1400,4
1142324,4,"Selles Vargas Deishan Edrey,",,1400,4
1142324,5,"Guadamuz Diaz Ranses Yojamir,",,1400,4
1142324,6,"Jimenez Iglesias Ethan Alexis,",,1400,4
1142324,7,"Retana Reyes Josafath Mattias,",,1400,3.5
1142324,8,"Villalobos Brown Roydenth Jamir,",,1400,3
1142324,9,"Mainez Gallardo Jarod Fauricio,",,1400,3
1142324,10,"Hernandez Arias Andres Alfredo,",,1400,3
1142324,11,"Espinoza Valdez Dilan Samir,",,1400,3
1142324,12,"Salmeron Quiros Johan Siviani,",,1400,3
1142324,13,"Langomas Abellan Yohan,",,1400,3
1142324,14,"Gomez Mayorga Pablo Namu,",,1400,3
1142324,15,"Morales Molina Jerome Justin,",,1400,3
1142324,16,"Brown Jimenez Jostin Yohel,",,1400,2.5
1142324,17,"Bolaños Sanchez Jose Obed,",,1400,2.5
1142324,18,"Gutierrez Matarrita Marcus Alfon,",,1400,2.5
1142324,19,"Marchena Mendoza Emmanuel,",,1400,2.5
1142324,20,"Almengor Smith Deyber Leonardo,",,1400,2
1142324,21,"Palma Borges Lester,",,1400,2
1142324,22,"Blanco Layan Cadell Eythan,",,1400,2
1142324,23,"Saravia Hernandez David Antonio,",,1400,2
1142324,24,"Brown Pereira Jayden Kirvin,",,1400,2
1142324,25,"Gomez Gutierrez Andi Fabricio,",,1400,2
1142324,26,"Diaz Hernandez Tayron Stiphen,",,1400,2
1142324,27,"Mayorga Smith Francisco David,",,1400,2
1142324,28,"Sevilla Lopez Dilan Yair,",,1400,1.5
1142324,29,"Furtado Blanco Tsokol Usain,",,1400,1.5
1142324,30,"Cascante Buitrago Reynier Tobias,",,1400,1
1142324,31,"Hernandez Leiva Enner Gilberto,",,1400,1
1142324,32,"Rodriguez Reyes Keileth Noe,",,1400,1
1142324,33,"Rodriguez Rodriguez Brandon Yann,",,1400,1
1142324,34,"Fernandez Martinez Jeirel Daniel,",,1400,0
1142324,35,"Venan Hernandez Antuan Neill,",,1400,0
1142324,36,"Villanueva Garcia Thiago Jose,",,1400,0
1142328,1,"Cajina Rocha Jazdany Alejandra,",,1400,5
1142328,2,"Hernandez Morales Yulierka Tami,",,1400,4
1142328,3,"Torres Yaslin Sunay,",,1400,3.5
1142328,4,"Blanco Torres Daphne Karola,",,1400,3.5
1142328,5,"Garcia Rocha Hazel Ariadna,",,1400,3.5
1142328,6,"Mejia Layan Litzy Yadira,",,1400,3
1142328,7,"Sevilla Calvo Abril Yoanka,",,1400,3
1142328,8,"Cortes Jones Ailyn Janice,",,1400,3
1142328,9,"Steller Cascante Maria,",,1400,3
1142328,10,"Paez Pascacio Ivani Yaleini,",,1400,2.5
1142328,11,"Zuñiga Villalobos Amanda Rubi,",,1400,2
1142328,12,"Soto Guzman Deishany Jenay,",,1400,2
1142328,13,"Sosa Pichardo Halana Yaslin,",,1400,2
1142328,14,"Pereira Velasquez Siany Gabriela,",,1400,2
1142328,15,"Selles Ortiz Maideli,",,1400,1.5
1142328,16,"Salas Diaz Keively,",,1400,1.5
1142328,17,"Bello Huertas Melany Mikeyla,",,1400,1.5
1142328,18,"Jimenez Cordero Karoline Elena,",,1400,1.5
1142328,19,"Smith Maryori Marin,",,1400,1
1142328,20,"Saenz Reyes Fanny Larisa,",,1400,1
1142329,1,"Villanueva Iglesias Mathy Floret,",,1400,5
1142329,2,"Arias Morales Lissy,",,1400,4
1142329,3,"Jimenez Almengor Kate Naomy,",,1400,3
1142329,4,"Iglesias Cortes Ami Celeste,",,1400,3
1142329,5,"Villanueva Reyes Yereline Fabian,",,1400,2
1142329,6,"Acuña Barquero Reichel Pamela,",,1400,2
1142329,7,"Lopez Vargas Estefany Yessenia,",,1400,1
1142330,1,"Hernandez Morales Yurmey Dionisi,",,1400,5
1142330,2,"Hernandez Villanueva Elber Argen,",,1400,4
1142330,3,"Almengor Garcia Jabet,",,1400,4
1142330,4,"Morales Hernandez Dereck,",,1400,3
1142330,5,"Villanueva Morales Hian Yaimir,",,1400,3
1142330,6,"Chavez Diaz Andrey,",,1400,3
1142330,7,"Torres Gomez Christian Kelvin,",,1400,3
1142330,8,"Chacon Morales Jeydell Samir,",,1400,3
1142330,9,"Cajina Hernandez Frederick,",,1400,3
1142330,10,"Lopez Segura Edye Daniel,",,1400,2.5
1142330,11,"Torres Rojas Julian Alejandro,",,1400,2.5
1142330,12,"Guillen Rocha Dwany Manuel,",,1400,2
1142330,13,"Reyes Fernandez Dorian,",,1400,2
1142330,14,"Aliker Jenart Angel,",,1400,2
1142330,15,"Morales Torres Adrian,",,1400,1.5
1142330,16,"Vargas Torres Jordi,",,1400,1
1142330,17,"Pereira Reyes Dereck Yazith,",,1400,1
1142330,18,"Leiva Zuñiga Aldair Sediel,",,1400,0.5
1142330,19,"Reyes Fernandez Junior,",,1400,0
1142330,20,"Afaag, Neo",,1400,0
1142331,1,"Morales Escalante Brainer Steven,",,1400,5
1142331,2,"Trejos Morales Johan,",,1400,4
1142331,3,"Chavez Diaz yadier,",,1400,4
1142331,4,"Cortes Medrano Juan Carlos,",,1400,4
1142331,5,"Almengor Oruno Keiner Yosueth,",,1400,4
1142331,6,"Soto Vargas Joshua Misael,",,1400,4
1142331,7,"Jones Wagon Jeivyn,",,1400,3
1142331,8,"Gab Arias Calet,",,1400,3
1142331,9,"Peñaranda Arce Derek,",,1400,3
1142331,10,"Ramirez Fernandez Diron,",,1400,3
1142331,11,"Morales Chacon Yaret Adrian,",,1400,3
1142331,12,"Fernandez Vargas William,",,1400,3
1142331,13,"Pereira Torres Deyner,",,1400,3
1142331,14,"Morales Smith Yuren,",,1400,2.5
1142331,15,"Vargas Paez Jervin Sibo,",,1400,2.5
1142331,16,"Fonseca Aburto Heythan,",,1400,2.5
1142331,17,"Morales Molina Dian Yerigan,",,1400,2
1142331,18,"Torres Petterson Derrick Myckael,",,1400,2
1142331,19,"Lacayo Morales Naigel Esau,",,1400,2
1142331,20,"Castillo Rojas Erick Andres,",,1400,2
1142331,21,"Vargas Uva Keiner Yariel,",,1400,2
1142331,22,"Jimenez Hernandez Randal Vladimi,",,1400,2
1142331,23,"Gab Leon Denninson,",,1400,2
1142331,24,"Reyes Morales Kirlian Eliab,",,1400,2
1142331,25,"Naranjo Sandoval Darrel,",,1400,1.5
1142331,26,"Ortiz Reyes Caleb Janshua,",,1400,1
1142331,27,"Morales Pereira Xavi Alonso,",,1400,1
1142331,28,"Jackson Cortes Leandro,",,1400,1
1142331,29,"Morales Escorcia Lucas Jose,",,1400,0.5
1142331,30,"Sequeira Mora Alexander,",,1400,0.5
1142397,1,"Morales Hernandex Eliza,",,1400,5
1142397,2,"Espinoza Villanueva Nahiara,",,1400,4
1142397,3,"Morales Fernandez Nitzia,",,1400,2.5
1142397,4,"Selles Blanco Camila Galilea,",,1400,2
1142397,5,"Castillo Morales Paula,",,1400,1.5
1142397,6,"Manzanares Briton Atalia,",,1400,0
1142418,1,"Gabb diaz nayareth,",,1400,5
1142418,2,"Chavez Diaz Yoselin,",,1400,4
1142418,3,"Fernandez Vargas Keilin,",,1400,3
1142418,4,"Iglesia Ramirez Nayeli,",,1400,2
1142418,5,"Obando Cespedes Yulmi,",,1400,2
1142418,6,"Morales Lopez Henicza,",,1400,2
1142418,7,"Maroto Morales Dana,",,1400,2
1142421,1,"Rocha Torres Daver,",,1400,3
1142421,2,"Morales Vargas Yeri,",,1400,3
1142421,3,"Ellis Marin Raul Absalon,",,1400,2
1142421,4,"Blanco Yaslin Angelica,",,1400,1
1142421,5,"Jimenez Vallejos Gerson,",,1400,1
1148515,1,"Vargas Arguedas Luis,",,1400,3
1148515,2,"Solano Jimenez Matheo,",,1400,2
1148515,3,"Guevara Solano Alexander,",,1400,1
1148515,4,"Moya Diaz Richard,",,1400,0
1148516,1,"Vega Bravo Valentina,",,1400,3
1148516,2,"Ortega Solano Kristell,",,1400,1
1148517,1,"Diaz Navarro Leonel,",,1400,4.5
1148517,2,"Ramírez Solano Brandon,",,1400,4.5
1148517,3,"Jamienson Mora Donovan,",,1400,3.5
1148517,4,"Guillen Corea Octavio,",,1400,3
1148517,5,"Céspedes Acosta Nicolas,",,1400,3
1148517,6,"Sánchez Sáenz Matías,",,1400,3
1148517,7,"Villalobos Badilla David,",,1400,3
1148517,8,"Rodriguez Loaiza Gabriel,",,1400,3
1148517,9,"Vega Aguirre Yahel,",,1400,3
1148517,10,"Gonzales Fernandez Edwin,",,1400,2.5
1148517,11,"Campos Montano Thiago,",,1400,2
1148517,12,"Rodríguez Mora Alex,",,1400,2
1148517,13,"Sandoval Rojas Yeicob,",,1400,2
1148517,14,"Pereira Montenegro Heber,",,1400,2
1148517,15,"Martínez Monestel Mathias,",,1400,2
1148517,16,"Garita Badilla Ian,",,1400,1.5
1148517,17,"Brenes Martínez Ángel,",,1400,0.5
1148517,18,"Garita Ramirez Eithel,",,1400,0
1148518,1,"Suarez Álvarez Luciana,",,1400,5
1148518,2,"Méndez Jimenez Sonia,",,1400,4
1148518,3,"Rodríguez Smith Susan,",,1400,3.5
1148518,4,"Fuentes Duran Maripaz,",,1400,3.5
1148518,5,"Valerio Chacón Emma,",,1400,3
1148518,6,"Fuentes Duran Luanna,",,1400,3
1148518,7,"Méndez Vives Xiomara,",,1400,2.5
1148518,8,"Garita Badilla Emma,",,1400,2
1148518,9,"Rivera Ramos April,",,1400,2
1148518,10,"Castillo Navas María Jimena,",,1400,2
1148518,11,"Mora Gamboa Britany,",,1400,2
1148518,12,"Nájera Álvarez Camila,",,1400,1.5
1148518,13,"Solano Sáenz Alanna,",,1400,1
1148520,1,"Diaz Navarro Joseph,",,1400,5
1148520,2,"Jimenez Gamboa Mathias,",,1400,4
1148520,3,"Sanchez Fonseca Jordan,",,1400,4
1148520,4,"Paniagua Brenes Vincent,",,1400,3
1148520,5,"Solano Valerio Sergio,",,1400,3
1148520,6,"Navarro Trejos Austin,",,1400,3
1148520,7,"Gutierrez Ellis Luis A,",,1400,3
1148520,8,"Romero Lopez Chris Angel,",,1400,2
1148520,9,"Nuñez Castro David,",,1400,2
1148520,10,"Solano Salmeron Miguel,",,1400,2
1148520,11,"Martínez Castro Gabriel,",,1400,2
1148520,12,"Brenes Quiros Isaac,",,1400,1
1148520,13,"Morales Estrada Mathias,",,1400,1
1148523,1,"Trejos Chacon Jose Daniel,",,1400,4.5
1148523,2,"Salazar Bañes Fabian,",,1400,4.5
1148523,3,"Camacho Gonzalez John,",,1400,3
1148523,4,"Kubicki Reyes Kenneth Marc,",,1400,3
1148523,5,"Mejias Perez Derek,",,1400,3
1148523,6,"Solano Salgado David,",,1400,3
1148523,7,"Cordero Chaves Randall,",,1400,2
1148523,8,"Brenes Cordero Justin,",,1400,1
1148523,9,"Cardoze Nuñez Cristian,",,1400,1
1148525,1,"Salazar Gould Kristy Valeria,",,1400,4
1148525,2,"Urbina Sanabria Llarelys,",,1400,3
1148525,3,"Chacon Jimenez Elena Sofia,",,1400,2
1148525,4,"Arias Mora Danna Nahima,",,1400,1
1148525,5,"Araya Garcia Estefania,",,1400,0
1148836,1,"Sánchez López, David",Juan Félix Estrada,,5
1148836,2,"Arrieta Rojas, Eithan Mathías",Santa Fe,,4
1148836,3,"Gonzalez Alfaro, Joan Eliat",Río Cuarto,,4
1148836,4,"Gamboa Molina, Santiago",El Carmen,,3
1148836,5,"Lacayo Vargas, Julián",Juan Manso Estévez,,3
1148836,6,"Saborío Arce, Aaron Mathyas",Juan Chaves Rojas,,3
1148836,7,"Piedra Koch, Jaden Leonidas",CE Carmen Lyra,,3
1148836,8,"Cubillo Castro, Ismael Daniel",CE San Carlos Borromeo,,2
1148836,9,"Jiménez Abarca, Ignacio",La Palmera,,2
1148836,10,"Novoa Alfaro, Lucas",Green Forest School,,2
1148836,11,"Sánchez Cabezas, Emiliano Jesús",Las Brisas,,1.5
1148836,12,"Valerio Salazar, Felipe",CE Montecarlo,,1.5
1148836,13,"Chaves Rojas, Jonathan Andrés",Juan Bautista Solís Rodríguez,,1
1148836,14,"Corrales Méndez, Mathías",Viento Fresco,,0
1148838,1,"Villalobos Esquivel, Luz Alana",CE Carmen Lyra,,4
1148838,2,"Rojas Chávez, Marian Sofía",Green Forest,,2.5
1148838,4,"German Esquivel, Camila",CE Montecarlo,,1
1148838,5,"Lazo Acevedo, Britany",Santa Fe,,0
1148839,1,"Sánchez López, Maripaz",Juan Félix Estrada,,2.5
1148839,2,"Centeno Estrada, Kenyali Ariana",Gonzálo Monge Bermúdez,,2
1148839,3,"Arroyo Jiménez, María Fernanda",El Campo,,1.5
1148839,4,"Jimenez Hidalgo, Melissa",Juan Bautista Solís Rodríguez,,0
1148840,1,"Rojas Jiménez, Mario Andrés",CE Montecarlo,,4.5
1148840,3,"Araya Villalobos, Gonzalo Felipe",CE San Carlos Borromeo,,2.5
1148840,4,"Chacón Soto, Tomás",CE Carmen Lyra,,2
1148840,5,"Quirós Esquivel, Iker Andrés",Green Forest,,1.5
1148840,6,"Hidalgo Canales, Elías Alejandro",Juan Bautista Solís R.,,0
1149252,1,"Ugalde Chaves, Carlo César",LEBCBA,,5
1149252,2,"Anchía Durán, Melvin David",Green Forest School,,4
1149252,3,"Castro Villalobos, Nicolas Andres",COPES,,3
1149252,4,"Lacayo Salas, Adiel Roberto",Científico de CR San Carlos-TEC,,3
1149252,5,"Grijalba Marenco, Jorge Enrique",CTP San Carlos,,3
1149252,6,"Vargas Carranza, Luis Mateo",LR San Joaquin de Cutris,,3
1149252,7,"Esquivel Cruz, Xamuel",Colegio San Martín,,3
1149252,8,"Eduarte Solís, Diego Alonso",CE San Carlos Borromeo,,2.5
1149252,9,"Corrales Briceño, Dorian Xavier",Liceo Capitán Manuel Quirós,,2
1149252,10,"Flores Aguirre, Samir Josue",LR La Guaria de Pocosol,,2
1149252,11,"Acosta Rodríguez, Diego",CE San Francisco de Asis,,2
1149252,12,"Hernández García, Alex Johan",LR Los Almendros,,1.5
1149252,13,"Duran Gatica, Wilberth Andrés",LR El Castillo Fortuna,,1
1149254,1,"Alvarado Molina, Yendry Francela",Científico de CR de San Carlos-TEC,,6
1149254,2,"Sibaja Ugalde, Emily",Liceo Sucre,,5
1149254,3,"Flores Ugarte, Angela Jogeyling",LR LA Guaria de Pocosol,,4
1149254,4,"Solano Segura, Ana Briggeth",Liceo Nicolás Aguilar Murillo,,2.5
1149254,5,"Oses Luna, Colette",Liceo de San Carlos,,2
1149254,6,"Duarte Brenes, Nicole Keneri",LR San Joaquín de Cutris,,1.5
1149254,7,"Zamora Reyes, Mercedes Jazmin",CTP La Fortuna,,0
1149262,1,"Midence Pacheco, Cesar Elías",Agropecuario de San Carlos,,5
1149262,2,"Mora Acuña, Sebastián Alberto",COPES,,4
1149262,3,"Sibaja Ugalde, Derek",Liceo Sucre,,3
1149262,4,"Leon Varela, Juan Pablo",CE San Carlos Borromeo,,2.5
1149262,5,"Ruiz Aleman, Santiago",CTP La Fortuna,,2.5
1149262,6,"Quirós Pérez, Víctor Felipe",Colegio San Martín,,2.5
1149262,7,"Brenes Mongrillo, Cristopher Josue",CE Carmen Lyra,,2
1149262,8,"Miranda González, Efrin",Liceo de Florencia,,2
1149262,9,"García Flores, Lester Moisés",LR Los Almendros,,1.5
1149262,10,"López Hernández, Keilor",LR Castillo Fortuna,,0
1149263,1,"Guzman Amador, Crhistopher",Pbro. Jose Daniel Carmona Briceno,1400,4
1149263,2,"Guerrero Rodriguez, Eyson",Pbro. Jose Daniel Carmona Briceno,1400,4
1149263,3,"Vargas Rojas, Daniel",C. E. Samara Pacific School,1400,4
1149263,4,"Monge Chacon, Matias",C. E. Saul Cardenas Cubillo,1400,3
1149263,5,"Guerrero Rodriguez, Dixon",Pbro. Jose Daniel Carmona Briceno,1400,3
1149263,6,"Torres Moraga, Jose",Los Ángeles,1400,2
1149263,7,"Morales Rojas, Esteban",C. E. Saul Cardenas Cubillo,1400,2
1149263,8,"Montes Gonzalez, Stacy",Cesar Flores Zuniga,1400,2
1149263,9,"Trigueros Ching, Manway",Leonidas Briceno Baltodano,1400,1
1149263,10,"Obregon Carillo, Santiago",Los Ángeles,1400,1
1149264,1,"Jimenez Hagen, Jozlyn",CTP Mansión,1400,4.5
1149264,2,"Medina Villarreal, Leonardo",CTP Mansión,1400,3.5
1149264,3,"Cespedes Castillo, Facundo",C. E. Católico San Ambrosio,1400,3.5
1149264,4,"Bejarano Gomez, Mason Alexander",Liceo El Carmen,1400,3
1149264,5,"Hernandez Villagra, Marcelo",CTP Mansión,1400,2
1149264,6,"Ocampo Hernandez, Isaac",CTP Mansión,1400,2
1149264,7,"Centeno Corea, Miguel",C. E. Saul Cardenar Cubillo,1400,1.5
1149264,8,"Carranza Tablada, Magdiel",Colegio Bocas de Nosara,1400,1
1149264,9,"Duarte Mendoza, Rances",Colegio Bocas de Nosara,1400,0
1149264,10,"Navarrete Gomez, Kendrick",CTP Mansión,1400,0
1149266,1,"Ou Wu, Viviana Yongshan",CE Carmen Lyra,,2.5
1149266,2,"Arroyo Gamboa, Mariana",COPES,,2
1149266,3,"Alfaro Duran, Issy Adyeline",CTP Los Chiles,,1.5
1149266,4,"Aguirre Ruiz, Keittlyn Tamara",LR El Castillo Fortuna,,0
1149267,1,"Chan Montiel, Derek",Humanistico Costarricense Campus Ni,1400,5
1149267,2,"Herrera Baltodano, Marvin",Humanistico Costarricense Campus Ni,1400,4
1149267,3,"Mora Mendoza, Yesner",Liceo el Carmen,,4
1149267,4,"Rodriguez Abarca, Aron",Liceo de Nicoya,1400,4
1149267,5,"Perez Chaves, Javier",CTP Nandayure,1400,3.5
1149267,6,"Jimenez Rodriguez, Juan",Instituto Pedagogico EUPI,,3.5
1149267,7,"Lopez Baltodano, Gabriel",Liceo de Nicoya,1400,3
1149267,8,"Forrester Gonzalez, Samuel",CTP Mansión,1400,3
1149267,9,"Mayorga Sequeira, Olman",Liceo de Nicoya,1400,3
1149267,10,"Guevara Vasquez, Sebastian",CTP Mansión,1400,3
1149267,11,"Ruiz Martinez, Camila",CTP Mansión,1400,3
1149267,12,"Cubas Rodriguez, Ximena",Colegio Bocas de Nosara,1400,2.5
1149267,13,"Aragon Mendez, Mariam",Liceo Samara,1400,2.5
1149267,14,"Loaiza Cardenas, Eduardo",CTP Mansión,1400,2
1149267,15,"Osegueda Matarrita, Luis",Colegio Bocas de Nosara,1400,2
1149267,16,"Perez Santeliz, Lino",Colegio Bocas de Nosara,1400,2
1149267,17,"Nunez Mora, Pamela",CTP Mansión,1400,2
1149267,18,"Cano Diaz, Breiner",Colegio Bocas de Nosara,1400,2
1149267,19,"Chacon Paniagua, Abril",CTP Mansión,1400,1.5
1149267,20,"Alfaro Alvarez, Carlos",CTP Mansión,1400,1.5
1149267,21,"Villafuerte Alvarado, Carlos",CTP Mansión,1400,1
1149267,22,"Solano Gomez, Hilary",CTP Mansión,1400,1
1149267,23,"Madrigal Carrillo, Saul",Liceo de Nicoya,1400,1
1149267,24,"Vega Lopez, Joel",Colegio Bocas de Nosara,1400,0
1149268,1,"Guerrero Castillo, Isaura",Humanistico Costarricense Campus Ni,1400,2
1149268,2,"Cheng Liang, Jiayu",CTP Nicoya,1400,1
1149268,3,"Rodriguez Abarca, Isaura",Liceo de Nicoya,1400,0
1149269,1,"Chavarria Avila, Freddy",Humanistico Costarricense Campus Nicoya,,
1149269,1,"Diaz Molina, Eduardo",Humanistico Costarricense Campus Nicoya,,
1149269,1,"Gomez Fallas, Gabriel",Humanistico Costarricense Campus Nicoya,,
1149269,1,"Rodriguez Gonzalez, Santiago",Humanistico Costarricense Campus Nicoya,,
1149269,2,"Lopez Lopez, Ian",Liceo el Carmen,1400,
1149269,2,"Macotelo Munoz, Junior",Liceo el Carmen,1400,
1149269,2,"Matarrita Fajardo, Gregory",Liceo el Carmen,1400,
1149269,2,"Mora Jimenez, Moises",Liceo el Carmen,1400,
1149529,1,"Flores Gomez, Julio Danil",LICEO SAN NICOLÁS DE TOLENTINO,,
1149529,1,"Jarquin Vargas, Jossimar Antonio",LICEO SAN NICOLÁS DE TOLENTINO,,
1149529,1,"Jimenez Alvarez, Joseph",LICEO SAN NICOLÁS DE TOLENTINO,,
1149529,1,"Jimnez Nuñez, Miguel Angel",LICEO SAN NICOLÁS DE TOLENTINO,,
1149529,1,"Tuberquia Naranjo, Daniel Andrey",LICEO SAN NICOLÁS DE TOLENTINO,,
1149529,2,"Alvarado Herrera, Jocsan Andres",LICEO DE PARAÍSO,,
1149529,2,"Brenes Chaverri, Santiago",LICEO DE PARAÍSO,,
1149529,2,"Cortes Vega, Fabian",LICEO DE PARAÍSO,,
1149529,2,"Guevara Pilarte, Zaid Fabian",LICEO DE PARAÍSO,,
1149529,2,"Solano Chaves, Josue Alejandro",LICEO DE PARAÍSO,,
1149529,3,"Alvarado Torres, Iker Julian",C.T.P. OROSI,,
1149529,3,"Araya Sanchez, Sebastian Felipe",C.T.P. OROSI,,
1149529,3,"Castro Solano, Ahren Gabriel",C.T.P. OROSI,,
1149529,3,"Cerdas Quiros, Maikell Freddyeth",C.T.P. OROSI,,
1149529,3,"Solano Solano, Camilo Antonio",C.T.P. OROSI,,
1149529,4,"Alfaro Arana, Miguel Angel",C.T.P. DE DULCE NOMBRE,,
1149529,4,"Brenes Araya, Jose Antonio",C.T.P. DE DULCE NOMBRE,,
1149529,4,"Campos Calvo, Abigail",C.T.P. DE DULCE NOMBRE,,
1149529,4,"Gomez Gutierrez, Caleb Geovanny",C.T.P. DE DULCE NOMBRE,,
1149529,4,"Mendez Serrano, Adriel Jacob",C.T.P. DE DULCE NOMBRE,,
1149533,1,"Brizuela Hidalgo, Sebastian Antonio",C.T.P. Fernando Volio Jiménez,,5
1149533,2,"Rios Vasquez, Maxell Dario",Liceo San Nicolás De Tolentino,,4
1149533,3,"Serrano Brenes, Danny Sebastian",Liceo De Paraíso,,4
1149533,4,"Tandy Orozco, Diego James",Colegio Elías Leiva Quirós,,4
1149533,5,"Gonzalez Araya, Luis Angel",C.T.P. Fernando Volio Jiménez,,3
1149533,6,"Mora Sanchez, David",Ciudad de los Niños,,3
1149533,7,"Montoya Castillo, Carlos Gabriel",Escuela Bilingüe Sonny- Colegio Bil,,3
1149533,8,"Hidalgo Alvarez, Johnny Jesus",Liceo San Francisco,,3
1149533,9,"Fonseca Barquero, Matias Santiago",Liceo San Nicolas de Tolentino,,2
1149533,10,"Tandy Orozco, Darien Santiago",Colegio Elías Leiva Quirós,,2
1149533,11,"Madriz Gonzalez, Jeison Alfredo",Liceo San Francisco,,2
1149533,12,"Leiva Quesada, Brandon Gabriel",Colegio Francisca Carrasco Jiménez,,2
1149533,13,"Meneses Aleman, Jose Daniel",Ciudad de los Niños,,2
1149533,14,"Arrieta Navarro, Merari Ezequiel",Liceo De Tobosi,,1
1149533,15,"Boza Mora, Alberto Mathias",Liceo Vicente Lachner Sandoval,,1
1149533,16,"Mena Hernandez, Javier Alberto",C.T.P. De Dulce Nombre,,1
1149533,17,"Zamora Suarez, Manfred Ivan",Liceo De Tobosi,,1
1149533,18,"Ramirez Alvarado, Sebastian",Liceo De Tobosi,,0
1149538,1,"Casasola Solano, Eidan Daniel",C.T.P. OROSI,,
1149538,1,"Fuentes Cabrera, Andy Jaziel",C.T.P. OROSI,,
1149538,1,"Gomez Garro, Jose Daniel",C.T.P. OROSI,,
1149538,1,"Herrera Sanabria, Sebastian",C.T.P. OROSI,,
1149538,3,"Chacon Mirault, Jonathan",LICEO DE PARAÍSO,,
1149538,3,"Chaves Brenes, Sebastian",LICEO DE PARAÍSO,,
1149538,3,"Fonseca Garcia, Mathias Jose",LICEO DE PARAÍSO,,
1149538,3,"Loaiza Peña, Alessandro Jose",LICEO DE PARAÍSO,,
1149538,3,"Solano Campos, Ian Alonso",LICEO DE PARAÍSO,,
1149538,,"Brenes Rojas, Sebastian",C.T.P. DE DULCE NOMBRE,,
1149538,,"Castro Romero, Cristian Manuel",C.T.P. DE DULCE NOMBRE,,
1149538,,"Gonzalez Marin, Dilan Adriel",C.T.P. DE DULCE NOMBRE,,
1149538,,"Tenorio Zuñiga, Jonatan Matias",C.T.P. DE DULCE NOMBRE,,
1149541,1,"Ramirez Pereira, Thais Aurora",Liceo San Nicolás De Tolentino,,4
1149541,2,"Coto Lacayo, Maria Jose",Liceo De Paraíso,,3
1149541,3,"Navarro, keyshel oriana",Liceo San Nicolas de Tolentino,,2
1149541,4,"Cordero Segura, Kristel De Los Angeles",Colegio Elías Leiva Quirós,,1
1149541,5,"Brenes Useda, Monserrath",Colegio Elías Leiva Quirós,,0
1149543,1,"Gonzalez Aguero, Julian Mauricio",Escuela Bilingüe Sonny- Colegio Bil,,5
1149543,2,"Solano Bonilla, Julian",Escuela Bilingüe Sonny- Colegio Bil,,4
1149543,3,"Contreras Alfaro, Luis Felipe",Colegio Bilingue Jorge Volio Jiméne,,4
1149543,4,"Navarro Gonzalez, Angel Fabricio",Liceo San Nicolás De Tolentino,,3
1149543,5,"Jimenez Alvarez, Joshua",Liceo San Nicolás De Tolentino,,3
1149543,6,"Alvarado Araya, Keylor Gerardo",Liceo De Paraíso,,3
1149543,7,"Mendez Ureña, Victor Eduardo",Colegio Francisca Carrasco Jiménez,,3
1149543,8,"Porras Vargas, Matias Josue",Liceo San Diego,,2.5
1149543,9,"Aguilar Soto, Jose Mario",Colegio Bilingue Jorge Volio Jiméne,,2
1149543,10,"Quesada Peraza, Deyler Jesus",Liceo De Tobosi,,2
1149543,11,"Selles Salazar, Madison",Tecnico Agustiano,,2
1149543,12,"Soto Hernandez, Angel Daniel",C.T.P. De Dulce Nombre,,1.5
1149543,13,"Hernandez Aguilar, Santiago",Centro Educativo Semillas,,1
1149543,14,"Bermudez Solano, Nicolas Andre",Liceo San Diego,,0
1149543,15,"Mendoza Cruz, Emanuel Francisco",Liceo San Diego,,0
1149549,1,"Alvarado Machado, Elizabeth Daniela",Colegio San Luis Gonzaga,,4
1149549,2,"Valderramos Solano, Ashly Victoria",Colegio San Luis Gonzaga,,3
1149549,3,"Pozo Miranda, Camila",Colegio Miravalle Bilingue,,3
1149549,4,"Hernandez Barboza, Estela Sofia",Colegio Miravalle Bilingue,,2
1149549,5,"Fonseca Vargas, Daniela Lucia",C.T.P. Fernando Volio Jiménez,,2
1149549,6,"Calderon Segura, Jimena De Los Angeles",Colegio Elías Leiva Quirós,,1
1149549,7,"Sandoval Martinez, Daniela",Centro Educativo Semillas,,1
1149788,1,"Granados Viquez, Aaron",C.T.P. Dulce Nombre,,2
1149788,4,"Dobsod Perez, Naomy",C.T.P Dulce Nombre,,0
1149824,1,"BRENES, PRENDAS MATEO",SANTA CECILIA,,5
1149824,2,"DELGADO, JIMENEZ CARLOS JOSUE",SANTA CECILIA,,4
1149824,3,"MENA, PEREZ SEBASTIAN JOSUE",CERBATANA,,3
1149824,4,"VARGAS, FAJARDO JOHN ENRIQUE",SANTA MARTA,,3
1149824,5,"MADRIGAL, GUZMAN LUCAS MATEO",CANDELARITA,,3
1149824,6,"ELIZONDO, SANCHEZ MATEO",BRASIL DE MORA,,3
1149824,7,"SANTOS, PORRAS MATEO ANDREY",GRIFO ALTO,,3
1149824,8,"GONZALEZ, FERNANDEZ FRANZ WILHELM",CERBATANA,,2.5
1149824,9,"BARBOZA, VARGAS MATEO",SANTA LUCÍA,,2.5
1149824,10,"AGUERO, VARGAS VICTOR MANUEL",CANDELARITA,,2
1149824,11,"BONILLA, RAMOS MARCOS FARIT",MERCEDES SUR,,2
1149824,12,"ROJAS, MENA SEBASTIAN",SANTA LUCÍA,,2
1149824,13,"DIAZ, AGUILAR SEBASTIAN JOSE",BRASIL DE MORA,,2
1149824,14,"CHINCHILLA, QUESADA JULIAN",MERCEDES SUR,,2
1149824,15,"NUÑEZ, ELIZONDO JONATHAN DAVID",LLANO GRANDE,,1
1149828,1,"CALDERON, MORA NICOLAS",SANTA LUCÍA,,5
1149828,2,"MORALES, MARIN MATEO",SAINT SPIRIT SCHOOL,,4.5
1149828,3,"BARBOZA, ZAMORA DAVID ALONSO",NAZARIO VALVERDE JIMÉNEZ,,4.5
1149828,4,"RUBI, PORRAS GUSTAVO ALONSO",ROBERTO LÓPEZ VARELA,,4
1149828,5,"GUERRERO, VARGAS DEREK",DARIO FLORES HERNÁNDEZ,,4
1149828,6,"CHACON, FERNANDEZ JEREMY JEANPAUL",CANDELARITA,,3.5
1149828,7,"VALVERDE, CORRALES MATHIAS FELIPE",JUNQUILLO ARRIBA,,3
1149828,8,"RODRIGUEZ, AGUILAR ETHAN ISSAC",NAZARIO VALVERDE JIMÉNEZ,,3
1149828,9,"NAJERA, CHAVARRIA IAN ESMERLIN",ROGELIO FERNÁNDEZ GÜELL,,3
1149828,10,"DIAZ, AGUILAR FELIPE FRANCISCO",BRASIL DE MORA,,3
1149828,11,"PAZ, NAVAS MARTIN",ROGELIO FERNÁNDEZ GÜELL,,3
1149828,12,"VARGAS, HIDALGO ANGEL LORENZO",SANTA CECILIA,,3
1149828,13,"RUBI, OBANDO GABRIEL FRANCISCO",ROBERTO LÓPEZ VARELA,,3
1149828,14,"BARRANTES, CASTRO ALLAN EMILIANO",CERBATANA,,2.5
1149828,15,"ROJAS, NUÑEZ SANTIAGO",JUNQUILLO ARRIBA,,2.5
1149828,16,"CASTRO, AGUERO KEILOR MAURICIO",GRIFO ALTO,,2.5
1149828,17,"MOREIRA, CORRALES THIAGO BEZALEEL",SAN BOSCO DE MORA,,2.5
1149828,18,"LIBER, RAMOS ALLEN JAFETH",MERCEDES SUR,,2
1149828,19,"AZOFEIFA, MORALES ABIEL",SAN BOSCO DE MORA,,2
1149828,20,"DIAZ, PINEDA DAVID ANDRES",CERBATANA,,2
1149828,21,"SOLIS, VALVERDE OSCAR ANDRES",LOS ALTOS,,2
1149828,22,"GUZMAN, ARIAS DIXON MATEO",SANTA CECILIA,,2
1149828,23,"MURILLO, ELIZONDO YOURGUST TANIEL",BRASIL DE MORA,,2
1149828,24,"CHACON, AGUERO GABEN DANIEL",CANDELARITA,,1.5
1149828,25,"ARTAVIA, VARGAS DARIEN SANTIAGO",SALAZAR,,1.5
1149828,26,"MORA, GUTIERREZ SOFIA",SANTA LUCÍA,,1
1149828,27,"MORA, BADILLA ALESSANDRO CALAI",SALAZAR,,1
1149828,28,"CHAVES, HERNANDEZ NICOLAS",NINFA CABEZAS GONZÁLEZ,,1
1149828,29,"MEZA, ARIAS RYAN ANDERSON",JUAN LUIS GARCÍA GONZÁLEZ,,0.5
1149828,30,"FALLAS, JIMENEZ SANTIAGO DAVID",GRIFO ALTO,,0
1149829,1,"ROBLES, BERMUDEZ PAULA FERNANDA",NAZARIO VALVERDE JI,,5
1149829,2,"CASTRO, CORRALES LUCIANA VALERIA",JUNQUILLO ARRIBA,,4
1149829,3,"VEGA, SALAZAR ISABELLA",SANTA CECILIA,,3
1149829,4,"MORA, MORA ALHANNA GUADALUPE",LLANO GRANDE,,3
1149829,5,"CASTILLO, VILLAREVIA JIMENA MARIA",SANTA MARTA,,3
1149829,6,"JIMENEZ, RODRIGUEZ ELIZABETH MILEVA",CERBATANA,,2.5
1149829,7,"JIMENEZ, RODRIGUEZ MARYPAZ",CERBATANA,,2
1149829,8,"ZUMBADO, UMAÑA DEBBIE SAMANTHA",MERCEDES SUR,,2
1149829,9,"MENA, CASTRO EMMILY FABIANA",JUNQUILLO ARRIBA,,2
1149829,10,"FLORES, AGÜERO KEILYN VALERIA",GRIFO ALTO,,2
1149829,11,"CARVAJAL, JIMENEZ CAMILA ELENA",GRIFO ALTO,,1.5
1149832,1,"ABARCA, TORRES MARIANGEL",GRIFO ALTO,,4.5
1149832,2,"LOPEZ, LEIVA VALENTINA",JUAN LUIS GARCÍA GONZÁLEZ,,4.5
1149832,3,"VARGAS, MORA AISHA SAMANTHA",SALAZAR,,4
1149832,4,"FALLAS, BERMUDEZ MARIANGEL",NAZARIO VALVERDE JIMÉNEZ,,3.5
1149832,5,"BONILLA, DIAZ SAMANTHA NAOMI",CANDELARITA,,3.5
1149832,6,"VALVERDE, GUTIERREZ MARYCRIS",ROBERTO LÓPEZ VARELA,,3
1149832,7,"CARVAJAL, JIMENEZ DANNA YESENIA",GRIFO ALTO,,3
1149832,8,"HIDALGO, CHAVES ARIANA",CERBATANA,,2.5
1149832,9,"FALLAS, GUTIERREZ KEILYN FIORELLA",NAZARIO VALVERDE JIMÉNEZ,,2
1149832,10,"MUÑOZ, HERNANDEZ MARIANGEL",CANDELARITA,,2
1149832,11,"BERMUDEZ, CHACON DILANY PAMELA",SALAZAR,,2
1149832,12,"BARRANTES, LOPEZ VALERY MONSERRATH",SANTA CECILIA,,2
1149832,13,"SARAVIA, JIMENEZ RACHEL ALEJANDRA",SAINT SPIRIT SCHOOL,,2
1149832,14,"STERLING, MORA NAOMI DE LOS ANGELES",BAJO DE LA LEGUA,,2
1149832,15,"CHAVES, CLARK NATALIA",BAJO DE LA LEGUA,,1.5
1149832,16,"MENA, CASTRO GENESYS LUSSANIA",JUNQUILLO ARRIBA,,1.5
1149832,17,"BOZA, MORA TRACY SALETH",CERBATANA,,1.5
1149846,1,"Mora Solano Julissa,",,,3
1149846,2,"Valerio Arrieta Valentina,",,,2
1149846,3,"Vargas Gomez Alisson Lucia,",,,1
1149846,4,"Vasquez Vasquez Maria De Los Ang,",,,0
1149847,1,"Campos Aguilar Aaron Andres,",,1400,5
1149847,2,"Ortez Enriquez Isaac Gabriel,",,1400,4
1149847,3,"Arroyo mendez Gabriel,",,1400,3
1149847,4,"Gomez Trejos Yotzel,",,1400,3
1149847,5,"Luna Villalobos Kalebh Andrey,",,1400,3
1149847,6,"Pizarro Aguilera Angel Gabriel,",,1400,3
1149847,7,"Cespedes Arce Joshua Mathias,",,1400,3
1149847,8,"Brenes Chavarria Jeiko Santiago,",,1400,2
1149847,9,"Guido Paniagua Keytlin Alana,",,1400,2
1149847,10,"Barrios Isaguirres Keyler,",,1400,1
1149847,11,"Vargas Montoya Gabriel Eduardo,",,1400,1
1149847,12,"Solis Garmendez Sebastian Santia,",,1400,0
1149848,1,"Rojas Molina Ivick Sebastian,",,1400,2
1149848,2,"Ruiz Valverde Boris,",,1400,2
1149848,3,"Barrantes Murillo Santiago,",,1400,1
1149848,4,"Mejia Hernandez Sebastian Andres,",,1400,1
1149890,1,"Chavarria Madrigal, Zarah",SAINT SPIRIT SCHOOL,,
1149890,1,"Gomez Monge, Santiago",SAINT SPIRIT SCHOOL,,
1149890,1,"Mora Acuna, Sara",SAINT SPIRIT SCHOOL,,
1149890,1,"Vargas Porras, Felipe",SAINT SPIRIT SCHOOL,,
1149890,2,"Fallas Guzman, Ithan",LLANO GRANDE,,
1149890,2,"Mora Mora, Ihan",LLANO GRANDE,,
1149890,2,"Quiros Guevara, Maria",LLANO GRANDE,,
1149890,2,"Rodriguez Fallas, Josue",LLANO GRANDE,,
1149890,3,"Arias Mora, Dominik",JUNQUILLO ABAJO,,
1149890,3,"Barrantes Corea, Mathias",JUNQUILLO ABAJO,,
1149890,3,"Mena Sanchez, Eduardo",JUNQUILLO ABAJO,,
1149890,3,"Zuniga Morales, Emmanuel",JUNQUILLO ABAJO,,
1150044,1,"Fernandez Fernandez, Samuel Andres",Guayabal,,0
1150044,2,"Gomez Martinez, Asaf Ismael",La Laguna,,0
1150044,3,"Moya Pineda, Marcelo",Centro Educativo Semillas,,0
1150044,4,"Villalobos Garcia, Felipe",Juan Ramírez Ramírez,,0
1150047,1,"Moya Cubero, Ana Valeria",Monseñor Sanabria Martínez,,5
1150047,2,"Aguilar Ureña, Celeste",Villas De Ayarco,,4
1150047,3,"Meza Quesada, Alana",Winston Churchill Spencer,,4
1150047,4,"Gomez Coto, Sara De Los Angeles",San José Obrero,,3
1150047,5,"Solano Mora, Amanda",San José Obrero,,3
1150047,6,"Vargas Sanchez, Eva Samantha",Domingo Faustino Sarmiento,,3
1150047,7,"Alvarado Ramirez, Susan Nazareth",La Laguna,,3
1150047,8,"Siles Calderon, Emma",Monseñor Sanabria,,2
1150047,9,"Picado Calderon, Maria Paula",Guayabal,,2
1150047,10,"Cordero Perez, Angie Roxana",Carlos Luis Valverde Vega,,2
1150047,11,"Rodriguez Rodriguez, Gabriela",Cocorí,,1.5
1150047,12,"Cubillo Herrera, Noemi",Santiago Del Monte,,1.5
1150047,13,"Soto Ramirez, Monserrath De Los Angeles",Winston Churchill Spencer,,1
1150050,1,"ACUNA ROJAS, ARIANA",COLEGIO MIRAVALLE BILINGUE,,
1150050,1,"ACUNA ROJAS, FABIO",COLEGIO MIRAVALLE BILINGUE,,
1150050,1,"CARVAJAL SANCHEZ, MATIAS",COLEGIO MIRAVALLE BILINGUE,,
1150050,1,"ROJAS, VALERIA",COLEGIO MIRAVALLE BILINGUE,,
1150050,2,"CAMPOS ORTIZ, NICOLAS",Centro Educativo San Felipe Neri,,
1150050,2,"CORDERO MENDEZ, EMMANUEL",Centro Educativo San Felipe Neri,,
1150050,2,"MAZZULO LIZANO, MARYPAZ",Centro Educativo San Felipe Neri,,
1150050,2,"MURILLO PADILLA, EMMANUEL",Centro Educativo San Felipe Neri,,
1150050,2,"QUESADA COTO, GABRIEL",Centro Educativo San Felipe Neri,,
1150050,3,"FERNANDEZ FERNANDEZ, KEYLETH",GUAYABAL,,
1150050,3,"JUAREZ BLANCO, ENRIQUE",GUAYABAL,,
1150050,3,"JUAREZ BLANCO, LUCIA",GUAYABAL,,
1150050,3,"MARTINEZ AGUIRRE, MYCKEL",GUAYABAL,,
1150050,4,"AGUILAR RAMIREZ, EMMANUEL",MONSEÑOR SANABRIA MARTÍNEZ,,
1150050,4,"CARPIO CALVO, SANTIAGO",MONSEÑOR SANABRIA MARTÍNEZ,,
1150050,4,"MARIN PACHECO, JEIKEL",MONSEÑOR SANABRIA MARTÍNEZ,,
1150050,4,"SILVA CAMACHO, SEBASTIAN",MONSEÑOR SANABRIA MARTÍNEZ,,
1150064,1,"FUENTES ARROYO, ERLIN NAIARA",RICARDO JIMÉNEZ OREAMUNO,,
1150064,1,"MATA UMAÑA, LUCIANA",RICARDO JIMÉNEZ OREAMUNO,,
1150064,1,"SEGURA VILLAVICENCIO, ANGELA MARIA",RICARDO JIMÉNEZ OREAMUNO,,
1150064,1,"VEGA ALVAREZ, ISABELLA MICHELLE",RICARDO JIMÉNEZ OREAMUNO,,
1150064,2,"CORDERO JIMENEZ, KENDRA SAMANTHA",GUAYABAL,,
1150064,2,"MENA SOLANO, ARLENE DE LOS ANGELES",GUAYABAL,,
1150064,2,"NAVARRO SILES, MAYELI PAOLA",GUAYABAL,,
1150064,2,"ROJAS VEGA, ARIANA",GUAYABAL,,
1150067,1,"Villalobos Garcia, Fabricio",Ricardo Jimenez,,4
1150067,2,"Retana Mora, Yeikel Andrey",Vicente Lachner Sandoval,,4
1150067,3,"Aguilar Vivas, Santiago",Villas De Ayarco,,3.5
1150067,4,"Chacon Aguilar, Saul",Villas De Ayarco,,3.5
1150067,5,"Araya Zuñiga, David Alexander",La Laguna,,3
1150067,6,"Salazar Aguilar, Johnson Daniel",Fernando Terán Valls,,3
1150067,7,"Guzman Calderon, Fabian",,,3
1150067,8,"Calderon Portuguez, Santiago David",Centro Educativo Semillas,,2.5
1150067,9,"Hernandez Zuñiga, Jose Manuel",San José Obrero,,2.5
1150067,10,"Coto Ramirez, Leonardo",Escuela Bilingüe Sonny-Colegio Bili,,2
1150067,11,"Ramirez Jimenez, Ivan Jafeth",Quebradilla,,2
1150067,12,"Flores Gomez, Ian",Cocorí,,1
1150067,13,"Calvo Cespedes, Sebastian De Jesus",San José Obrero,,1
1150297,1,"SALAS, CHINCHILLA MARIANGEL",C.T.P. DE PURISCAL,,4
1150297,2,"MONGE, SANCHEZ NATALY VALERIA",LICEO RURAL LA PALMA,,1
1150298,1,"ARAUZ, MORALES VICTOR IVAN",C.T.P. DE PURISCAL,,5
1150298,2,"ARAYA, ROMAN FELIPE ANTONIO",C.T.P. DE PURISCAL,,4
1150298,3,"Esquivel Azofeifa, Nicolas",Liceo Ciudad Colon,,3
1150298,4,"RODRIGUEZ, SOTO MATTHEW ESTEBAN",C.T.P. DE TURRUBARES,,2
1150298,5,"QUESADA, MURILLO GABRIEL JOSUE",LICEO NUEVO DE PURISCAL,,1
1150298,6,"Rios Sanchez, Ian",Liceo Ciudad Colon,,0
1150299,1,"CASASOLA, BARRANTES JOSE DAVID",C.T.P. DE PURISCAL,,4
1150299,2,"ALVAREZ, GONZALEZ CRISTOPHER JAVIER",LICEO DE BARBACOAS,,3.5
1150299,3,"SALAZAR, MESEN ESTEBAN",LICEO NUEVO DE PURISCAL,,3.5
1150299,4,"SOLIS, MORA ISAAC DANIEL",C.T.P. DE PURISCAL,,3
1150299,5,"CAMPOS, GONZALEZ FELIPE",LICEO DE PURISCAL,,3
1150299,6,"GOMEZ, BLANCHARD DANIEL",LICEO DIURNO CIUDAD COLÓN,,3
1150299,7,"MADRIGAL, ELIZONDO CARLOS ISAAC",LICEO NUEVO DE PURISCAL,,2
1150299,8,"BARBOZA, BADILLA JEFFERSON AARON",LICEO RURAL LA PALMA,,2
1150299,9,"AGUERO, AGUERO ISAAC ANDRES",C.T.P. DE TURRUBARES,,1
1150300,1,"TORIBIO, CAMBRONERO VALERY DANIELA",C.T.P. DE PURISCAL,,3.5
1150300,3,"ESPINOZA, JIMENEZ JOSELYN FABIOLA",LICEO DE BARBACOAS,,2
1150300,4,"Otarola Herrera, Isabel Mercdes",Liceo Ciudad Colon,,1
1150300,5,"ALPIZAR, MORENO MEYLIN VALERIA",LICEO RURAL LA PALMA,,0
1150538,1,"ROJAS ALVARADO, DENILSON",,1400,5
1150538,2,"Stipek Chamorro, Jindrich",Esparza,1400,4
1150538,3,"HERNANDEZ RODRIGUEZ, MARIO ANDRES",ARTURO TORRES MARTÍNEZ,1400,4
1150538,4,"SILES MOSCOSO, JOSIEL",LINDA VISTA,1400,4
1150538,5,"ORTEGA RAMIREZ, EMILI",,1400,4
1150538,6,"QUESADA VARGAS, MAYRON",COMPLEJO EDUCATIVO SAINT PATRICK,1400,3.5
1150538,7,"SANCHEZ ARCE, DEREK",JARDIN DE NIÑOS LA ESTRELLITA OROMO,1400,3
1150538,8,"HERRERA GONZALEZ, FRANCO ANDRES",COUNTRYSIDE ACADEMY,1400,3
1150538,9,"ABRAHAM BENAVIDES, EVANS",COMPLEJO EDUCATIVO SAINT PATRICK,1400,3
1150538,10,"VEGA SOLIS, JEINIER TADEO",LA RIVIERA,1400,3
1150538,11,"PORRAS FALLAS, JOHAN DAVID",COUNTRYSIDE ACADEMY,1400,2.5
1150538,12,"MORERA RUIZ, SEBASTIAN",SAN ISIDRO,1400,2.5
1150538,13,"FONSECA SEQUEIRA, JOAN",JOSÉ MARÍA ZELEDÓN BRENES,1400,2.5
1150538,14,"FRANCO ESPINOZA, LEONARDO",,1400,2.5
1150538,15,"SEVILLA SOTO, DANIEL GERARDO",LA RIVIERA,1400,2.5
1150538,16,"LEITON NARANJO, THIAGO",SAN ISIDRO,1400,2
1150538,17,"CASCANTE NARANJO, SANTIAGO",LINDA VISTA,1400,2
1150538,18,"NUÑEZ ARCE, HEINER JOSUE",JOSÉ MARÍA ZELEDÓN BRENES,1400,2
1150538,19,"SEAS TREJOS, DYLAN JOSUE",EL MOJÓN,1400,2
1150538,20,"RODRIGUEZ BERROCAL, THOMAS",JOSÉ MARÍA ZELEDÓN BRENES,1400,1
1150538,21,"NARANJO ELIZONDO, ABDIAS GABRIEL",LINDA VISTA,1400,1
1150538,22,"ALVARADO ALVARADO, ANDREY JESUS",SAN ISIDRO,1400,1
1150538,23,"CESPEDES ARROYO, EMMANUEL",EL MOJÓN,1400,0.5
1150538,24,"FERNANDEZ, MARCO ANTONIO",EL MOJÓN,1400,0.5
1150538,25,"SOLANO ALVARADO, RICHARD SANTIAGO",EL MOJÓN,1400,0
1150538,26,"FERNANDEZ CASTILLO, MARCO ANTONIO",MOJON,1400,0
1150540,0,"ALCOCER CHAVES, CALEB JOSUE",EL MOJÓN,1400,
1150540,0,"CORTES HERNANDEZ, JOSE FABIAN",EL MOJÓN,1400,
1150540,0,"GARCIA MAY, ISAAC DARIO",DELIA URBINA DE GUEVARA,1400,
1150540,0,"GONZALEZ CALDERON, HECTOR ISAACK",EL MOJÓN,1400,
1150540,0,"MEDINA MUNOZ, ARIEL JOEL",DELIA URBINA DE GUEVARA,1400,
1150540,0,"MENDEZ SOLANO, CALEB RASHID",EL MOJÓN,1400,
1150540,0,"OLIVARES BRICENO, NEYMAR DAVID",DELIA URBINA DE GUEVARA,1400,
1150540,0,"PEREZ MORA, ESAUD DONALDO",EL MOJÓN,1400,
1150540,0,"PORTUGUEZ ARAYA, JAYDEN ALEXANDER",LA RIVIERA,1400,
1150540,0,"ROJAS AGUILAR, JUAN DAVID",LA RIVIERA,1400,
1150540,0,"SANCHEZ ARGUEDAS, YASSIR MUHAMMAD",LA RIVIERA,1400,
1150540,0,"SANCHEZ TEJEDA, SEBASTIAN",DELIA URBINA DE GUEVARA,1400,
1150540,0,"TRIPOVICH ZUNIGA, SOFIA DANEYSHA",DELIA URBINA DE GUEVARA,1400,
1150540,0,"VARGAS LOPEZ, DEREK YASIR",LA RIVIERA,1400,
1150541,1,"VEGA BADILLA, MICHAEL",C.T.P. ESPARZA,1487,5
1150541,2,"SOLANO ALFARO, ABDIEL MATHEO",COLEGIO LABORATORIO DEL C.U.P.,1400,4
1150541,3,"CAMPOS PRENDAS, JAVIER",C.T.P. DE SANTA ELENA,1410,4
1150541,4,"PERNETT GONZALEZ, DIEGO JOSUE",C.T.P. DE SANTA ELENA,1400,4
1150541,5,"Gutierrez Rodriguez, Ignacio",COMPLEJO EDUCATIVO SAINT PATRICK,1425,3
1150541,6,"MORUN MOREIRA, LUCAS",C.T.P. DE SANTA ELENA,1456,3
1150541,7,"JUAREZ VILLARREAL, KEYRON STEVEN",C.T.P. DE SANTA ELENA,1400,3
1150541,8,"SOTO LOPEZ, SERGIO",COLEGIO LABORATORIO DEL C.U.P.,1400,3
1150541,9,"MORALES RAMOS, LEO",COLEGIO LABORATORIO DEL C.U.P.,1400,3
1150541,10,"MORA MATA, JOSHUA",C.T.P. DE SANTA ELENA,1400,2
1150541,11,"AGUILAR URBINA, ANYELO JOSUE",C.T.P. DE SANTA ELENA,1400,2
1150541,12,"PORRAS FALLAS, DANIEL ALEXANDER",COUNTRYSIDE ACADEMY,1400,2
1150541,13,"HERNANDEZ BEJARANO, CHRISTOPHER LEONARDO",C.T.P. DE SANTA ELENA,1400,2
1150541,14,"REYES GARCIA, YEIKOL",C.T.P. DE SANTA ELENA,1400,2
1150541,15,"TORRES ARGUEDAS, JUAN DAVID",C.T.P. DE SANTA ELENA,1400,1
1150541,16,"MENDIETA FLORES, SEBASTIAN",C.T.P DE PUNTARENAS,,1
1150541,17,"CASTILLO AGUILAR, ISRAEL JESUS",LICEO EMILIANO ODIO MADRIGAL,1400,1
1150542,1,"MORALES RAMOS, EVA",COLEGIO LABORATORIO DEL C.U.P.,1400,2.5
1150542,3,"ALEMAN SUAZO, BRISA",C.T.P. DE SANTA ELENA,1404,1
1150542,4,"LEANDRO MENDOZA, KEISHA VALENTINA",COLEGIO LABORATORIO DEL C.U.P.,1400,0
1150543,0,"ARIAS MOYA, MATHIAS FRANCISCO",C.T.P. ESPARZA,1400,
1150543,0,"CASTRO LAURENT, SANTIAGO",BENEMERITO LICEO JOSÉ MARTÍ,1400,
1150543,0,"ENRIQUEZ CHAVARRIA, ELIAN",BENEMERITO LICEO JOSÉ MARTÍ,1400,
1150543,0,"MARTINEZ ALARCON, DANIEL",C.T.P. ESPARZA,1400,
1150543,0,"MORA LOPEZ, ANDY DANIEL",C.T.P. ESPARZA,1400,
1150543,0,"PENA MORALES, IAN ALBERTO",BENEMERITO LICEO JOSÉ MARTÍ,1400,
1150543,0,"PINEDA ROLDAN, SERGIO ANDRES",C.T.P. ESPARZA,1400,
1150543,0,"TREJOS MARTINEZ, ANTHONY ENRIQUE",C.T.P. ESPARZA,1400,
1150543,0,"VARGAS GONZALEZ, EITHAN",BENEMERITO LICEO JOSÉ MARTÍ,1400,
1150544,0,"BASTOS JIMENEZ, ALEISHA PAOLA",BENEMERITO LICEO JOSÉ MARTÍ,1400,
1150544,0,"MURILLO GUILLEN, VALENTINA FRANSUA",BENEMERITO LICEO JOSÉ MARTÍ,1400,
1150544,0,"SANCHEZ CHAVES, LUXIE NATASHA",BENEMERITO LICEO JOSÉ MARTÍ,1400,
1153388,1,"CHAN MEJIAS, SANTIAGO",DELIA OVIEDO DE ACUÑA,1400,5
1153388,2,"ARAYA MARTINEZ, SAMUEL",ANTONIO OBANDO ESPINOZA,1400,3.5
1153388,3,"GOMEZ BARQUERO, MARCELO",DELIA OVIEDO DE ACUÑA,1400,2.5
1153388,4,"SANCHO ROJAS, HECTOR FABIAN",JOSÉ MARÍA CALDERÓN,1400,2
1153388,5,"MORERA CALDERON, DANIEL",CENTRO EDUCATIVO EULOGIO LÓPEZ OBAN,1400,2
1153388,6,"FALLAS ARIAS, SAMUEL JOSUE",CENTRO EDUCATIVO EULOGIO LÓPEZ OBAN,1400,0
1153389,1,"Venegas Aguilar, Isabella",DELIA OVIEDO DE ACUÑA,1400,2
1153389,2,"CALDERON MADRIGAL, CATALINA",DELIA OVIEDO DE ACUÑA,1400,2
1153389,3,"VARGAS ALFARO, MARIA ISABELLA",SAN JUAN CHIQUITO,1400,1.5
1153389,4,"PEREZ PORRAS, LUCIA VICTORIA",SAN JUAN CHIQUITO,1400,0.5
1153390,1,"ALVAREZ URBINA, REYNALDO GIL",SAN JUAN CHIQUITO,1400,
1153390,1,"VEGA FLORES, MATEO",SAN JUAN CHIQUITO,1400,
1153390,1,"VEGA FLORES, MATIAS",SAN JUAN CHIQUITO,1400,
1153390,2,"CALVO JARA, LUIS DANIEL",DELIA OVIEDO DE ACUÑA,1400,
1153390,2,"CAMPOS RECIO, SAMIR",DELIA OVIEDO DE ACUÑA,1400,
1153390,2,"MONTOYA MARTINEZ, LUIS ADOLFO",DELIA OVIEDO DE ACUÑA,1400,
1153390,2,"RAMIREZ GUTIERREZ, CRISTOPHER DAVID",DELIA OVIEDO DE ACUÑA,1400,
1153392,1,"RODRIGUEZ MENA, IAN ANTONIO",EL CARMEN,1400,5
1153392,2,"Chan Mejias, Douglas Stephen",DELIA OVIEDO DE ACUÑA,1425,4
1153392,3,"ARCE UGALDE, EVANS DAVID",BELLO HORIZONTE,1400,3.5
1153392,4,"Bermudez Montero, Erick Arturo",DELIA OVIEDO DE ACUÑA,1400,3
1153392,5,"Campos Segura, Olman Elias",JOSÉ MARÍA CALDERÓN,1454,3
1153392,6,"MORERA CALDERON, SANTIAGO",CENTRO EDUCATIVO EULOGIO LÓPEZ OBAN,1400,3
1153392,7,"PEREZ PORRAS, MATIAS JOSUE",SAN JUAN CHIQUITO,1400,3
1153392,8,"ARAYA MARTINEZ, SANTIAGO",ANTONIO OBANDO ESPINOZA,1400,2.5
1153392,9,"MADRIGAL NUNEZ, RODRIGO",CENTRO EDUCATIVO EULOGIO LÓPEZ OBAN,1400,2
1153392,10,"MENDEZ RAMIREZ, EMMA",,1400,2
1153392,11,"ULATE BARRANTES, JOSE JESUS",,,1.5
1153392,12,"ORTIZ TORRES, KEVIN FELIX",SAN JUAN CHIQUITO,1400,1.5
1153392,13,"LOBO CHAVARRIA, JEYKO ANDRES",JOSÉ MARÍA CALDERÓN,1400,1
1153392,14,"RAMIREZ RAMON, MARIANGEL",,1400,0
1153393,1,"LOPEZ GUEVARA, ELINA MARIANA",CENTRO EDUCATIVO EULOGIO LÓPEZ OBAN,1400,7
1153393,2,"MURILLO JARQUIN, ASHLEY ESMERALDA",ANTONIO OBANDO ESPINOZA,1400,5
1153393,3,"DURAN TORRES, MARIA PAULA",JOSÉ MARÍA CALDERÓN,1400,5
1153393,4,"SANCHO ROJAS, SOFIA",,,4
1153393,5,"CALVO JARA, DARIA MASSIEL",DELIA OVIEDO DE ACUÑA,1400,4
1153393,6,"SANCHEZ BONICHE, WENDOLY ANDREA",DELIA OVIEDO DE ACUÑA,1400,2
1153393,7,"DURAN TORRES, SAMARY",JOSÉ MARÍA CALDERÓN,1400,1
1153393,8,"CHAVARRIA CHAVES, LUCIA",CENTRO EDUCATIVO EULOGIO LÓPEZ OBAN,1400,0
1153395,1,"RODRIGUEZ SALAZAR, MARIANGEL",,1400,4
1153395,2,"Castro Mendez, Jocksan",C.T.P. DE ABANGARES,1400,3.5
1153395,3,"MORERA MARTIN, LUIS ALEJANDRO",,1400,3.5
1153395,4,"Benavides Alvarez, Cesar",C.T.P. DE ABANGARES,1400,3
1153395,5,"ALVAREZ MARIN, JHOEL ANTONIO",C.T.P. TRONADORA,1400,3
1153395,6,"Bermudez Montero, Cesar Armando",LICEO DE COLORADO,1410,3
1153395,7,"AGUILAR SOLANO, ISRAEL",EXPERIMENTAL BILINGÜE DE NUEVO AREN,1400,2
1153395,8,"PEREZ MARTINEZ, OMAR ABEL",EXPERIMENTAL BILINGÜE DE NUEVO AREN,1400,2
1153395,9,"OCHOA ARCE, ANTONY JOSEP",,1400,1
1153397,1,"Alvarado Vargas, Angie",CENTRO EDUCATIVO EULOGIO LÓPEZ OBAN,1400,1
1153399,1,"Romero Romero, Franco Josue",COLEGIO SAN RAFAEL,1400,5
1153399,2,"ALCOCER GARCIA, MOISES ANTONIO",C.T.P. DE CAÑAS,1400,4
1153399,3,"FENG WU, ANTONY",,1400,3
1153399,4,"PARINI VILLALOBOS, DYLAN FRANCHESCO",CENTRO EDUCATIVO EULOGIO LÓPEZ OBAN,1400,3
1153399,5,"SEGURA SOTO, SANTIAGO",,1400,3
1153399,6,"ARAYA PRADO, FERDINAN SNEIJDER",EXPERIMENTAL BILINGÜE DE NUEVO AREN,1400,3
1153399,7,"VARGAS BASTOS, JOSE IGNACIO",CENTRO EDUCATIVO EULOGIO LÓPEZ OBAN,1400,2
1153399,8,"PORRAS MORA, EVA JULIANA",,1400,2
1153399,9,"CAMPOS QUESADA, JOSUE ROBERTO",,1400,2
1153399,10,"FERNANDEZ FERNANDEZ, BANYAN DANIEL",EXPERIMENTAL BILINGÜE DE NUEVO AREN,1400,2
1153399,11,"CRUZ PANIAGUA, DANIELA",,1400,1
1153981,1,"MARIN BRAVO, JORGE GAEL",EL MOJÓN,,5
1153981,2,"SANCHEZ ARCE, MATEO",JARDIN DE NIÑOS LA ESTRELLITA OROMO,,4
1153981,3,"Rivas Medina, Ithan Gabriel",MARAÑONAL,1400,3
1153981,4,"OLIVARES BRICENO, DEYAN SAMUEL",DELIA URBINA DE GUEVARA,,3
1153981,5,"ALVAREZ MEJIA, CARLOS ANDRES",EL MOJÓN,1400,2.5
1153981,6,"RODRIGUEZ GUZMA, OSCAR ALEXANDER",DELIA URBINA DE GUEVARA,,2.5
1153981,7,"ALVARADO HERNANDEZ, EVANS ANDRE",CENTRO EDUCATIVO BILINGÜE SUNNY SID,,2
1153981,8,"DELGADO ROJAS, ALEXANDRO",CENTRO EDUCATIVO BILINGÜE SUNNY SID,,1.5
1153981,9,"HERNANDEZ MORA, EMMANUEL SANTIAGO",CENTRO EDUCATIVO BILINGÜE SUNNY SID,,1.5
1153981,10,"CARDENAS CORTES, ESTIVEN",EL MOJÓN,,0
1153982,1,"Gonzalez Cambronero, Juan Carlos",C.T.P. DE SANTA ELENA,1541,4.5
1153982,2,"Rodriguez Gonzalez, Mattias",C.T.P. DE SANTA ELENA,1433,4
1153982,3,"ALFARO VARGAS, ELI",COLEGIO LABORATORIO DEL C.U.P.,1400,4
1153982,4,"ROJAS GUTIERREZ, LUIS DIEGO",CIENTÍFICO DE COSTA RICA DE PUNTARE,1400,4
1153982,5,"LOPEZ MARTINEZ, YUBRAN OSMAR",BENEMERITO LICEO JOSÉ MARTÍ,1400,3.5
1153982,6,"PINZON ARAYA, NELSON ARIEL",BENEMERITO LICEO JOSÉ MARTÍ,1400,3
1153982,7,"Gonzalez Ramirez, Joshua",C.T.P. ESPARZA,1407,3
1153982,8,"ZAMORA NUNEZ, ESTEBAN",C.T.P. DE PUNTARENAS,1400,3
1153982,9,"RODRIGUEZ MORALES, OSCAR MARIO",CIENTÍFICO DE COSTA RICA DE PUNTARE,1400,3
1153982,10,"ARIAS FUNES, VALERIA DE LOS ANGELES",LICEO EMILIANO ODIO MADRIGAL,1400,3
1153982,11,"SILVA GUIDO, ELIAN SANTIAGO",C.T.P. ESPARZA,1400,2.5
1153982,12,"BARQUERO ALMENGOR, HEINER ESTEBAN",BENEMERITO LICEO JOSÉ MARTÍ,1400,2.5
1153982,13,"HERNANDEZ DAVILA, JOSE DAVID",LICEO JUDAS DE CHOMES,1400,2
1153982,14,"AGUIRRE VALVERDE, SEBASTIAN",LICEO EMILIANO ODIO MADRIGAL,1400,2
1153982,15,"MONGE VILLALOBOS, ISAI",LICEO EMILIANO ODIO MADRIGAL,1400,2
1153982,16,"HERNANDEZ RODRIGUEZ, ARTURO",C.T.P. DE SANTA ELENA,1400,2
1153982,17,"RODRIGUEZ CALVO, KAYLON DEAN",COLEGIO LABORATORIO DEL C.U.P.,1400,2
1153982,18,"VILLALOBOS PARRALES, JUSTIN FAUBRICIO",BENEMERITO LICEO JOSÉ MARTÍ,1400,2
1153982,19,"FERNANDEZ PARKINDON, JUSTIN",C.T.P. DE PUNTARENAS,1400,1
1153982,20,"DIAZ CUNNINGHAM, CRISTOPHER JOHANSEN",C.T.P. DE SANTA ELENA,1400,1
1153982,21,"BARQUERO ALMENGOR, DEYLER EDGARDO",BENEMERITO LICEO JOSÉ MARTÍ,1400,0.5
1153982,22,"ARAGON ESPINOZA, BAYRON",C.T.P. DE PUNTARENAS,1400,0.5
1153983,1,"Picado Bonilla, Jazmin",CIENTÍFICO DE COSTA RICA DE PUNTARE,1457,4
1153983,2,"VINDAS GOMEZ, ASHLIE VALERIA",BENEMERITO LICEO JOSÉ MARTÍ,1400,2.5
1153983,3,"OLIVARES RODRIGUEZ, FIORELLA",CIENTÍFICO DE COSTA RICA DE PUNTARE,1400,1.5
1153983,4,"NUNEZ GONZALEZ, NICOLE",C.T.P. DE PUNTARENAS,1400,1
1153983,5,"Camacho Duarte, Genesis Tatiana",C.T.P. DE SANTA ELENA,1400,1
1153984,1,"Ramirez Ordonez, Brandon Adrian",C.T.P. DE SANTA ELENA,1605,4.5
1153984,2,"Campos Prendas, Fabian",C.T.P. DE SANTA ELENA,1672,4
1153984,3,"Bonilla Castillo, Cindy Julieth",Monteverde,1588,3.5
1153984,4,"Davila Amador, Jordi Saltiel",C.T.P. DE SANTA ELENA,1521,2
1153984,5,"Diaz Cunningham, Randall Jose",C.T.P. DE SANTA ELENA,1400,1
1153984,6,"MORA MATA, YAFETH FRANCISCO",C.T.P. DE SANTA ELENA,1400,0
1154629,1,"BAQUERO, GRATEROL AZAEL AUGUSTO",I.E.G.B. ANDRÉS BELLO LÓPEZ,,5
1154629,2,"BLANCO, CHACIN SANTIAGO ALEJANDRO",WASHINGTON SCHOOL,,4
1154629,3,"AZOFEIFA, SOLIS JUDAH MATEO",BENJAMÍN HERRERA ANGULO,,4
1154629,4,"HERNANDEZ, PEREZ JULIAN",CENTRO EDUCATIVO LOS ÁNGELES SCHOOL,,4
1154629,5,"GRANADOS, JIMENEZ SIMON THOMAS",BENJAMÍN HERRERA ANGULO,,3
1154629,6,"DUARTE, PEREZ JOHAN ANDREY",RAFAEL FRANCISCO OSEJO,,3
1154629,7,"JIMENEZ, ROMERO GABRIEL",EZEQUIEL MORALES AGUÍLAR,,3
1154629,8,"SOLIS, SOLIS ISAAC ALEXIS",I.E.G.B. ANDRÉS BELLO LÓPEZ,,3
1154629,9,"Valverde Delgado, Jose Ignacio",GUachipelin,,3
1154629,10,"SALAS, ALVAREZ MATHIAS",BELLO HORIZONTE,,3
1154629,11,"Caldera Pena, Gabriel",UP Tristan,,2
1154629,12,"DELGADO, MENA EDUARDO FELIPE",JUAN ÁLVAREZ AZOFEIFA,,2
1154629,13,"PALLARES, TSCHANZ ULISES",RAFAEL FRANCISCO OSEJO,,2
1154629,14,"RUIZ, RODRIGUEZ SAMUEL",PABELLÓN,,2
1154629,15,"RUPHUY, DURAN MATHEO",EZEQUIEL MORALES AGUÍLAR,,2
1154629,16,"FERNANDEZ, JIMENEZ SEBASTIAN",JUAN XXIII,,2
1154629,17,"Obregon Matos, Caleb",UP Tristan,,1
1154629,18,"Rodriguez Acosta, Jeremy",Guachipelin,,1
1154629,19,"SOLIS, VALVERDE ESTEBAN DAVID",JUAN XXIII,,1
1154630,1,"ZUÑIGA, SANCHEZ VALENTINA DE LOS ANGEL",RAFAEL FRANCISCO OSEJO,,5
1154630,2,"MESEN, DIAZ EMMA",SAINT JUDE SCHOOL,,4
1154630,3,"ROMERO, DIAZ VALENTINA",JUAN XXIII,,4
1154630,4,"ALVAREZ, ESCOTO ELIZABETH",CARLOS SANABRIA MORA,,3
1154630,5,"MORA, GRANADOS LUCIA",REPÚBLICA DE VENEZUELA,,3
1154630,6,"Jaimes Games, Sara",Guanchipelin,,3
1154630,7,"FERNANDEZ, VARGAS ISABELLA MARIA",JUAN XXIII,,3
1154630,8,"ROJAS, MAIRENA HAYLEY JAZMIN",RAFAEL FRANCISCO OSEJO,,3
1154630,9,"ARIAS, MORA LETICIA",BENJAMÍN HERRERA ANGULO,,2
1154630,10,"OBANDO, SANCHEZ XIMENA SOFIA",UNIDAD PEDAGÓGICA JOSÉ FIDEL TRISTÁ,,2
1154630,11,"MONTENEGRO, BONILLA CAMILA",UNIDAD PEDAGÓGICA JOSÉ FIDEL TRISTÁ,,2
1154630,12,"CHAVES, RIVAS CATALINA",HONDURAS,,2
1154630,13,"CALDERON, CORDOBA EMMA LOREANA",EL CARMEN,,2
1154630,14,"MORA, ESPINOZA ISABELLA MOA",FINCA SAN JUAN,,1
1154630,15,"Hidalgo, Ana Isabel",Guanchipelin,,1
1154632,1,"RAMIREZ, ACUÑA NATHAN DANIEL",REPÚBLICA DE FRANCIA,,4
1154632,2,"JIMENEZ, FALLAS ARMANDO ARTURO",ESCUELA - LICEO MARÍA AUXILIADORA,,3.5
1154632,3,"ANCHIA, FUENTES MATIAS VICENTE",BELLO HORIZONTE,,3.5
1154632,4,"MARIN, CORDERO MATHIAS JOSUE",BENJAMÍN HERRERA ANGULO,,3
1154632,5,"TABARES, BARRETO DIEGO ARMANDO",BENJAMÍN HERRERA ANGULO,,3
1154632,6,"HERNANDEZ, CORRALES GAEL DAVID",JUAN XXIII,,3
1154632,7,"MENENDEZ, BERMUDEZ ABNER ANDRES",EL CARMEN,,2
1154632,8,"RIVERA, GUZMAN THOMAS",BELLO HORIZONTE,,2
1154632,9,"MORA, ESPINOZA EITHAN GABRIEL",FINCA SAN JUAN,,1
1154632,10,"SALAZAR, SANCHEZ THIAGO",EZEQUIEL MORALES AGUÍLAR,,0
1154633,1,"MARIN, CORDOBA MICAELA MARIA",JUAN XXIII,,2
1154633,2,"MORALES, TORRES FRANCELLA MARIA",EZEQUIEL MORALES AGUÍLAR,,1
1154633,3,"AGUILAR, ZAMORA JASLENE TAMARA",EZEQUIEL MORALES AGUÍLAR,,0
1154642,1,"ARBELAEZ, IZAGUIRRE DYLAN JOSEPH",Unidad Pedagogica Jose Fidel Tristan,,
1154642,1,"Campos Ramos, Marcelo Josue",Unidad Pedagogica Jose Fidel Tristan,,
1154642,1,"ULLOA, VARGAS EVANS ILICH",Unidad Pedagogica Jose Fidel Tristan,,
1154642,1,"VEGA, PRENDAS ZACK",Unidad Pedagogica Jose Fidel Tristan,,
1154642,1,"VILLALOBOS, DONAIRE EITAN",Unidad Pedagogica Jose Fidel Tristan,,
1154642,2,"ARCIA, BARRANTES FELIPE",Bello Horizonte,,
1154642,2,"CASTRO, MOLINA ISMAEL",Bello Horizonte,,
1154642,2,"HURTADO, ELIZONDO YELTZIN JESUS",Bello Horizonte,,
1154642,2,"IRAHETA, MAYE JORDAN SPENCER",Bello Horizonte,,
1154642,3,"FERRUFINO, GARCIA JEAN CARLOS",Rafael Francisco Osejo,,
1154642,3,"Guido Lopez, Derman",Rafael Francisco Osejo,,
1154642,3,"GUTIERREZ, RAMOS SAMUEL JOSE",Rafael Francisco Osejo,,
1154643,1,"ANCHIA, FUENTES MICHELLE ESTHER",Bello Horizonte,,
1154643,1,"ARAGON, VILLALTA ESTHER ABIGAIL",Bello Horizonte,,
1154643,1,"CRUZ, GOMEZ ANGELINNE KENISHA",Bello Horizonte,,
1154643,1,"HERRA, TOBAL HELENA",Bello Horizonte,,
1154643,1,"JUAREZ, DIAZ JULIANA",Bello Horizonte,,
1154643,2,"RODRIGUEZ, PEREZ HAYLEY",Rafael Francisco Osejo,,
1154643,2,"SOLIS, LARA HAILEY ARIANA",Rafael Francisco Osejo,,
1154643,2,"SOLIS, PORRAS SOPHIA ISABELLA",Rafael Francisco Osejo,,
1154734,1,"Azofeifa Solis, Judah",Benjamin Herrera Angulo,,2
1154734,2,"Hernandez Perez, Julian",Los Angeles School,,1
1154734,3,"Blanco Chacon, Santiago",Washington School,,0
1155417,1,"WU, WU WINGZ ZINOVIY",LICEO LUIS DOBLES SEGREDA,,4
1155417,2,"SARDIÑAS, HERNANDEZ ESTEBAN",LICEO PAVAS,,4
1155417,3,"BAQUERO, GRATEROL ASIEL ANDRÉS",LICEO SANTA ANA,,3.5
1155417,4,"PEREZ, SALAS ANDREY FELIPE",I.E.G.B. PBRO. YANUARIO QUESADA,,3.5
1155417,5,"JARQUIN, ORTEGA ADILSON JARED",LICEO DE ESCAZÚ,,3
1155417,6,"VINDAS, RODRIGUEZ MATIAS",LICEO SANTA ANA,,3
1155417,7,"HERNANDEZ, PRADO MATHIAS",LICEO PAVAS,,2
1155417,8,"MORA, DIAZ MATTEO",LICEO DE ESCAZÚ,,2
1155417,9,"BARRIOS, TORRES NATHANIEL ANTONIO",LICEO LUIS DOBLES SEGREDA,,1
1155417,10,"SAUNDERS, ESPINAL HAMILTON SANTIAGO",WASHINGTON SCHOOL,,0
1155417,11,"VASQUEZ, GUTIERREZ DERBIN DARIEL",C.T.P. LA CARPIO,,0
1155418,1,"BARQUERO, MORA TIFANY",C.T.P. LA CARPIO,,2
1155418,2,"CASTILLO, SOLANO MIA RENESMEE",C.T.P. LA CARPIO,,0
1155419,1,"HERNANDEZ, PEREZ JAVIER FRANCISCO",CENTRO EDUCATIVO LOS ÁNGELES SCHOOL,,5
1155419,2,"MONTES, LOPEZ DANIEL ANTONIO",C.T.P. DE ESCAZÚ,,3.5
1155419,3,"ARRIETA, LOPEZ IKER GORKA",C.T.P. DE ESCAZÚ,,3
1155419,4,"MENA, ALVAREZ AIDAN MALIK",I.E.G.B. PBRO. YANUARIO QUESADA,,3
1155419,5,"CASTILLO, MENDEZ CARLOS RAFAEL",LICEO SANTA ANA,,3
1155419,6,"HUMPHRIES, FORBES CHRIS BRIAN",LICEO PAVAS,,3
1155419,7,"SANCHEZ, CENTENO DEIVID ANDRES",I.E.G.B. PBRO. YANUARIO QUESADA,,2.5
1155419,8,"CASTILLO, MENDEZ YURIEL ANTONIO",LICEO SANTA ANA,,2
1155419,9,"Campos Torres, Keyden Adrian",Liceo de Pavas,,1
1155419,10,"MORA, SOLANO JOSUE GABRIEL",LICEO LUIS DOBLES SEGREDA,,0
1155419,11,"JIMENEZ, ROMAN DERECK ANDRES",C.T.P. EDUCACIÓN COMERCIAL Y DE SER,,0
1155419,12,"SANCHEZ, DELGADO MATTHEW",C.T.P. LA CARPIO,,0
1155420,1,"MORA, LOPEZ MARIA JOSE",WEST COLLEGE / WEST PRIMARY,,6
1155420,2,"UDIZ, PUERTA NOHELY NIKOL",LICEO SANTA ANA,,5
1155420,3,"SALAS, ALVAREZ FABIOLA SUSANA",I.E.G.B. PBRO. YANUARIO QUESADA,,4
1155420,4,"RUIZ, QUIROZ MONSERRAT",I.E.G.B. PBRO. YANUARIO QUESADA,,3
1155420,5,"ROMERO, RIVERA JADE YANISCHIA",C.T.P. LA CARPIO,,2
1155420,6,"PARAMO, BRAVO DANIXIA FABIOLA",LICEO LUIS DOBLES SEGREDA,,1
1155420,7,"GUTIERREZ, PALACIOS GENESIS DEL ROSARIO",LICEO LUIS DOBLES SEGREDA,,0
1155421,1,"RUIZ, ROJAS JOSE ALFONSO",C.T.P. DE ESCAZÚ,,3
1155421,4,"GUILLERMO, PICTAN ESTEBAN",C.T.P. PAVAS,,1
1155421,5,"CHICAIZA, JIMENEZ HANS ENRIQUE",C.T.P. PAVAS,,0
1155422,1,"SARAVIA, MORA JIMENA DEL CARMEN",C.T.P. LA CARPIO,,1.5
1155422,2,"MARTINEZ, IBARRA MELANNY DANIELA",C.T.P. LA CARPIO,,0.5
1163358,1,"Garita Vargas, Amber",,1400,4
1163358,2,"Diaz Fuentes, Jimena Victoria",,1400,3
1163358,3,"Coto Rodriguez, Danna Sofia",,,2
1163358,4,"Mora Solano, Julissa",,,1
1163358,5,"Valerio Arrieta, Valentina",,,0
1163360,1,"Benavides Avila, Saul",,1491,4
1163360,2,"Navarro Hernandez, Endrick Santiago",,1400,3
1163360,3,"Rojas Molina, Ivick Sebastian",,,1.5
1163360,4,"Ruiz Valverde, Boris Daniel",,,1
1163360,5,"Sanchez Nunez, Matias",,1400,0.5
1163361,1,"Campos Aguilar, Aaron Andres",,1603,4
1163361,2,"Caballero Hernandez, Leandro Jose",,,2
1163361,3,"Sandoval Fallas, Junior Ariel",,,2
1163361,4,"Ortez Enriquez, Isaac Gabriel",,,1
1163361,5,"Azofeifa Umana, Mario Andres",,,1
1163383,0,"Brenes Jimenez, Samuel",Colegio Saint Francis,,
1163383,0,"Castro Paniagua, Fabricio",Colegio Saint Francis,,
1163383,0,"Castro Paniagua, Sebastian",Colegio Saint Francis,,
1163383,0,"Maroto Solis, Jose Andres",Colegio Saint Francis,,
1163384,1,"Perez Amador, Sebastian Alberto",Creston School,,5
1163384,2,"Garcia Vargas, Emanuel",North Dale School,,4
1163384,3,"Quesada Garcia, Santiago",Colegio Teresiano San Enrique de Os,,3.5
1163384,4,"Castro Paniagua, Sebastian",Colegio Saint Francis,,3.5
1163384,5,"Salazar Espinoza, Gabriel",San Francisco,,3
1163384,6,"Castro Paniagua, Fabricio",Colegio Saint Francis,,3
1163384,7,"Castro Lugo, Julian Andres",Angloamericano,,3
1163384,8,"Blanco Montero, Juan Luis",Amadita,,2.5
1163384,9,"Cambronero Fuentes, Julian",Monterrey Vargas,,2
1163384,10,"Brenes Jimenez, Samuel",Colegio Saint Francis,,2
1163384,11,"Maroto Solis, Jose Andres",Colegio Saint Francis,,2
1163384,12,"Abarca Argueta, Isaac Gabriel",Madre Divino Pastor,,2
1163384,13,"Marin Fonseca, Antonio",Amadita,,2
1163384,14,"Esquivel Calderon, Leandro",Cedros,,1.5
1163384,15,"Fernandez Mendoza, Mathew Alexander",San Rafael,,1
1163385,1,"Herrera Cordoba, Cala",Madre Divino Pastor,,3
1163385,2,"Valverde Fernandez, Amalia",Colegio Saint Francis,,2
1163385,3,"Salazar Espinoza, Mariangel",San Francisco,,1
1163385,4,"Salazar Chaves, Maria Pia",Colegio Saint Francis,,0
1163386,0,"Avila Araya, Juan Pablo",Colegio Saint Francis,,
1163386,0,"Fonseca Mora, Andres",Amadita,,
1163386,0,"Mendez Chaves, Diego",Amadita,,
1163386,0,"Molina Mora, Matias",Colegio Saint Francis,,
1163386,0,"Morera Garcia, Daniel",Amadita,,
1163386,0,"Salazar Chaves, Isaac Enrique",Colegio Saint Francis,,
1163386,0,"Solano Lang, Tobias",Amadita,,
1163386,0,"Vasquez Quiros, Rafael",Colegio Saint Francis,,
1163387,1,"Garcia Mendez, Julian",Amadita,,5
1163387,2,"Montoya Villalobos, Daniel Alfonso",Angloamericano,,4
1163387,3,"Zuniga Solis, Santiago",Creston,,4
1163387,4,"Montejo Salazar, Daniel",Colegio Saint Francis,,3
1163387,5,"Quiros Zuniga, Felipe Andres",Colegio Saint Francis,,3
1163387,6,"Torres Madrigal, Aaron",Amadita,,2
1163387,7,"Ceciliano Zuniga, Jose Ignacio",Angloamericano,,2
1163387,8,"Liang Feng, Patricio",Cedros,,2
1163387,9,"Martinez Espinoza, Isaac",Cedros,,2
1163387,10,"Araya Jimenez, Thiago",Roosevelt,,2
1163387,11,"Fernandez Mendoza, Dwayne Kimeny",San Rafael,,1
1163387,12,"Henao Delgado, Julian",Roosevelt,,0
1163387,13,"Aguilar Mendez, Mayron Gabriel",Roosevelt,,0
1163387,14,"Badilla Vargas, Mateo",Roosevelt,,0
1163387,15,"Bosch Salazar, Caleb Samuel",Jesus Jimenez Mora,,0
1163387,16,"Briceno Figueroa, Emanuel",Dante Alighieri,,0
1163387,17,"Chaves Rivera, Dominic Gael",Roberto Cantillano,,0
1163387,18,"Duran Soto, Luis Felipe",Roosevelt,,0
1163387,19,"Fonseca Mora, Leonardo Gabriel",Jesus Jimenez Mora,,0
1163387,20,"Marin Segura, Alessandro",Roosevelt,,0
1163387,21,"Mora Loaiza, Axel Damian",Dante Alighieri,,0
1163387,22,"Pinzon Ramirez, Eliam Alexander",Jesus Jimenez Mora,,0
1163387,23,"Porras Umana, Julian",Roosevelt,,0
1163387,24,"Rocha Gittens, Gerald Andres",Monterrey Christian School,,0
1163387,25,"Rodriguez Carrillo, Brandon Josue",Dante Alighieri,,0
1163387,26,"Rodriguez Duran, Lucas",Roosevelt,,0
1163387,27,"Rodriguez Navarro, Aaron",Madre Divino Pastor,,0
1163387,28,"Rodriguez Navarro, Isaac",Madre Divino Pastor,,0
1163387,29,"Rodriguez Soto, Justin Aaron",Roosevelt,,0
1163387,30,"Salas Gomez, Jose Daniel",Anselmo Llorente,,0
1163387,31,"Solano Chacon, Minor Julian",UP Jose Rafael Araya,,0
1163387,32,"Solano Soto, Gustavo Alberto",Roosevelt,,0
1163387,33,"Suarez Garro, Nicolas",Roosevelt,,0
1163387,34,"Vasquez Lopez, Emanuel Alejandro",Anselmo Llorente,,0
1163388,1,"Garcia Rojas, Estefania",Creston,,4.5
1163388,2,"Chavarria Masis, Astrid",Sun View School,,4
1163388,3,"Acuna Mora, Sara",Laboratorio U.C.R.,,4
1163388,4,"Vindas Rapson, Maria Belen",Claudio Cortes Castro,,3
1163388,5,"Rojas Rueda, Amanda Gabriel",Colegio Saint Francis,,3
1163388,6,"Porras Rois, Nayuribe",Colegio Teresiano San Enrique de Os,,3
1163388,7,"Blanco Arias, Mariana",Creston,,2.5
1163388,8,"Acuna Mora, Sofia",Laboratorio U.C.R.,,2
1163388,9,"Cambronero Fuentes, Leonor",Monterrey Vargas,,2
1163388,10,"Arguedas Bolanos, Monica Victoria",Roosevelt,,1
1163388,11,"Ramirez Leon, Michelle Daniela",Roberto Cantillano,,1
1163388,12,"Acuna Loria, Lia",Roosevelt,,0
1163388,13,"Ferraris Mendez, Valeria",Jesus Jimenez Zamora,,0
1163388,14,"Porras Picado, Brittany Michelle",UP Jose Rafael Araya,,0
1163388,15,"Yu Chen, Emily",Dante Alighieri,,0
1163389,0,"Baltodano Mendoza, Matias",Napoleon Quesada,,
1163389,0,"Gonzalez Lopez, Matias",Napoleon Quesada,,
1163389,0,"Guerrero Silva, Bryan David",Napoleon Quesada,,
1163390,1,"Navas Pereira, Eduardo Kane",Isaac Martin,,5
1163390,2,"Malavassi Castro, Adriano",Saint Joseph School,,4
1163390,3,"Sandoval Loaciga, Aldric",Sun View School,,3
1163390,4,"Salazazr Espinoza, Mauricio",Colegio Teresiano San Enrique de Os,,3
1163390,5,"Polini Calderon, Santiago",Colegio Saint Francis,,3
1163390,6,"Chacon Jimenez, Saul Josue",EMVA,,2
1163390,7,"Obando Bejarano, Mathias Francisco",Colegio Teresiano San Enrique de Os,,1
1163390,8,"Soto Wittmann, Ernesto",Colegio Saint Francis,,1
1163390,9,"Brenes Artavia, Adrian Josue",Liceo Hernan Zamora,,0
1163390,10,"Araya Tercero, Darien Andres",Vargas Calvo,,0
1163390,11,"Chavez Quinones, Derek Daniel",Vargas Calvo,,0
1163390,12,"Diaz Gomez, Ian Paul",EMVA,,0
1163390,13,"Garreta Quesada, Juan Diego",Colegio Teresiano San Enrique de Os,,0
1163390,14,"Hidalgo Brenes, Alejandro",Experimental Bilingue,,0
1163390,15,"Jaen Fonseca, Jhaeden",Vargas Calvo,,0
1163390,16,"Pereira Munoz, Alejandro",Vargas Calvo,,0
1163390,17,"Villalobos Quiros, Julian Enrique",Colegio Teresiano San Enrique de Os,,0
1163391,1,"Vaughan Jimenez, Natalie Samantha",Liceo Hernan Zamora,,4
1163391,2,"Ramirez Valverde, Michelle Aurora",EMVA,,3
1163391,3,"Picado Chaves, Luciana Maria",Colegio Saint Francis,,2
1163391,4,"Fernandez Irola, Paola Samantha",Experimental Bilingue,,1
1163391,5,"Soto Bonilla, Camila",Colegio Saint Francis,,0
1163392,0,"Amador Meseguer, Juan Pablo",Colegio Saint Francis,,
1163392,0,"Amador Rodriguez, Gabriel",Napoleon Quesada,,
1163392,0,"Casares Solano, Luis Jafet",Napoleon Quesada,,
1163392,0,"He Li, Edison",Colegio Saint Francis,,
1163392,0,"Jimenez Chinchilla, Jaybriant",Napoleon Quesada,,
1163392,0,"Lopez Alvarado, Adrian",Colegio Saint Francis,,
1163393,1,"Acuna Nunez, Ignacio",Cientifico Costarricense,,4
1163393,2,"Cossio Carvajal, Bruno",Cientifico Costarricense,,4
1163393,3,"Madrigal Barrantes, Erick Alonso",Vargas Calvo,,4
1163393,4,"Morales Vargas, Jorge Eduardo",Liceo Mauro Fernandez,,3
1163393,5,"Quiros Abarca, Santiago",Costa Rica Christian School,,3
1163393,6,"Cespedes Vargas, Jose David",C.T.P Abelardo Bonilla,,3
1163393,7,"Gonzalez Perez, Osvaldo Andres",Experimental Bilingue,,3
1163393,8,"Vega Gonzalez, Jeremy Alexander",Vargas Calvo,,3
1163393,9,"Lopez Alvarado, Adrian",Colegio Saint Francis,,3
1163393,10,"Malavassi Castro, Stefano",Saint Joseph School,,2
1163393,11,"Amador Rodriguez, Gabriel",Napoleon Quesada,,2
1163393,12,"Casares Solano, Luis Jafet",Napoleon Quesada,,2
1163393,13,"He Li, Edison",Colegio Saint Francis,,1.5
1163393,14,"Porras Rois, Eduardo",Colegio Teresiano San Enrique de Os,,1.5
1163393,15,"Calvo Abarca, Kevin Jose",Liceo Hernan Zamora,,1.5
1163393,16,"Jimenez Chinchilla, Jaybriant",Napoleon Quesada,,1.5
1163393,17,"Masis Rojas, Santiago Jose",Angloamericano,,1
1163393,18,"Alvarado Wiciak, Ana Luisa",Kamuk School,,0
1163393,19,"Arias Rodriguez, Leyton Aran",Vargas Calvo,,0
1163393,20,"Chamberlain Fonseca, Tomas",Summit School,,0
1163393,21,"Cubero Solano, Sergio",Summit School,,0
1163393,22,"Esquivel Calderon, Neddy Leonardo",Colegio Cedros,,0
1163393,23,"Guillen Dominguez, Samuel Alberto",Vargas Calvo,,0
1163393,24,"Lizano Quiros, Matias Haziel",Cientifico Costarricense,,0
1163393,25,"Nunez Perez, Ruben Alberto",Vargas Calvo,,0
1163393,26,"Ramirez Aguilar, Julian Jose",Cientifico Costarricense,,0
1163393,27,"Rodriguez Moreno, Fabian",Cientifico Costarricense,,0
1163394,1,"Alvarado Wiciak, Ana Luisa",Kamuk School,,7
1163394,2,"Salazar Delgado, Aylyn Naomy",Cientifico Costarricense,,6
1163394,3,"Bermudez Arce, Ximena Sofia",Campestre,,5
1163394,4,"Huang Sanders, Ariela Maria",Vargas Calvo,,4
1163394,5,"Vindas Rapson, Abigail",I.E.G.B. America Central,,3
1163394,6,"Porras Rois, Iztaru",Colegio Teresiano San Enrique de Os,,2
1163394,7,"Villalobos Quiros, Catalina Maria",Colegio Teresiano San Enrique de Os,,0.5
1163395,1,"Rodriguez Sanchez, Amaru",Summit School,,0
1163395,2,"Cubero Solano, Tomas",Summit School,,0
1163399,1,"ROIG CHACON SAUL JOSE,",,,5
1163399,2,"CASTILLO BERMUDEZ MATIAS,",,,4
1163399,3,"ZULUAGA ARISTIZABALA JULIAN,",,,4
1163399,4,"VARGAS PORRAS EMILIANO,",,,4
1163399,5,"RIVOLTA VERACOECHEA FRANCISCO,",,,4
1163399,6,"BALTODANO NOGUERA THOMAS,",,,3.5
1163399,7,"ULATE MONGE AARON MATEO,",,,3
1163399,8,"VARELA CARVAJAL EMANUEL,",,,3
1163399,9,"SEGURA ZARATE ALEJANDRO,",,,3
1163399,10,"BOLAÑOS ARROYO MATIAS,",,,3
1163399,11,"MONTERO FONSECA NOAH,",,,2.5
1163399,12,"BARQUERO VALERIO TOMAS,",,,2.5
1163399,13,"RALLO BARREDA KEVIN,",,,2.5
1163399,14,"GONZALEZ HERNANDEZ MATHEO,",,,2
1163399,15,"SANTANA VEGA LUCAS EZEQUIEL,",,,2
1163399,16,"AMORES VALVERDE ISAAC,",,,2
1163399,17,"VARGAS GONZALEZ AARON ELIAS,",,,2
1163399,18,"REYES FREIXAS ELIAS JOSE,",,,2
1163399,19,"MORENO CERDAS JULIAN,",,,2
1163399,20,"ZUÑIGA ZELEDON THEO DAMIAN, ZUÑIGA ZELEDON THEO DAMIAN",,,1
1163399,21,"VINDAS MOLINA ISSAC,",,,1
1163399,22,"SALAZAR SANCHO EZEQUIEL,",,,0
1163399,23,"ARCE MONTERO SHEILYN,",,,0
1163399,24,"CHACON CUBILLO MATTEO,",,,0
1163399,25,"CORTES HERNANDEZ ISMAEL ISAAC,",,,0
1163399,26,"ROJAS GUERRERO FELIPE,",,,0
1163399,27,"SALAZAR SANCHO EMERSON,",,,0
1163400,1,"SAENZ MATAMOROS LIZ,",,,5
1163400,2,"CHACON HERNANDEZ ALISSA,",,,4
1163400,3,"CERDAS CONTRERAS CORALINE,",,,3.5
1163400,4,"GONZALEZ CHACON MARIANA,",,,3
1163400,5,"CASCANTE SARMIENTO DENISSE,",,,3
1163400,6,"MURILLO VALVERDE ALINA,",,,2.5
1163400,7,"BARRIOS SEGURA LUCIANA,",,,2
1163400,8,"VARGAS BERMUDEZ ABIGAIL,",,,2
1163400,9,"CAMPOS CHACON RIGEL,",,,2
1163400,10,"GARITA CEDENO CAMILA,",,,2
1163400,11,"VARGAS NAVARRO ISABELLA SOFIA,",,,1
1163400,12,"ZUÑIGA MONTERO SOFIA VANESSA,",,,1
1163400,13,"BLANCO ZAMORA MARIELA,",,,0
1163400,14,"CAMPOS CORDERO LUCIANA,",,,0
1163401,1,"CHACON BARBOZA CARLOS,",,,4
1163401,2,"LILE VILLALTA CONNOR ETHAN,",,,4
1163401,3,"COTO LEIVA ISAAC,",,,4
1163401,4,"SOLANO ARIAS SAUL,",,,4
1163401,5,"BARRANTES GARRO MATIAS,",,,3
1163401,6,"SERRANO BELLIDO SANTIAGO,",,,3
1163401,7,"ZARATE JIMENEZ SAMUEL GERARDO,",,,3
1163401,8,"ROLDAN DYLAN,",,,3
1163401,9,"ALVARADO DIEGO,",,,3
1163401,10,"MARQUEZ MORALES DIEGO ELIAS,",,,3
1163401,11,"OVIEDO ZAMORA MATIAS,",,,3
1163401,12,"SALAS ARAYA OSCAR,",,,3
1163401,13,"CAMACHO LEON ASIEL,",,,3
1163401,14,"MEJIA GRAJALES SIMON,",,,3
1163401,15,"RALLO BARREDA YECKSON,",,,3
1163401,16,"DELGADO CORTEZ NATHALI,",,,2.5
1163401,17,"SALAZAR ROSELLO JEAN PABLO,",,,2.5
1163401,18,"VILLALOBOS MIRANDA GAEL,",,,2
1163401,19,"BOZA AGUILAR MATIAS ALONSO,",,,2
1163401,20,"PRADA CORDOBA MATIAS GERARDO,",,,2
1163401,21,"SANCHEZ VASQUEZ ISAAC GABRIEL,",,,2
1163401,22,"ACUÑA CHAVES JONNATHAN ISAAC,",,,2
1163401,23,"CARBALLIDO NUÑEZ LUCAS,",,,2
1163401,24,"BARRANTES SALAZAR SAMUEL ANDRES,",,,2
1163401,25,"PIEDRA BARRANTES SAMUEL AARON,",,,2
1163401,26,"UMAÑA CALDERON DOMINIC,",,,2
1163401,27,"FERNANDEZ MORERA KEYLOR JESUS,",,,2
1163401,28,"LOPEZ HERNANDEZ OWEN GAEL,",,,2
1163401,29,"QUIROS SEGURA ISAAC,",,,2
1163401,30,"MOREIRA SALAS THIAGO,",,,2
1163401,31,"AMAIZ GONZALEZ RODRIGO,",,,2
1163401,32,"GUZMAN MONGE ISAAC,",,,1.5
1163401,33,"AMADOR BONILLA AIDEN,",,,1.5
1163401,34,"ACEVEDO ALVAREZ SEBASTIAN,",,,1.5
1163401,35,"SANCHEZ AVENDAÑO ESTEBAN,",,,1.5
1163401,36,"GARCIA PEITREQUIN DUNAY FAHED,",,,1
1163401,37,"MENDOZA GAMBOA JULIAN,",,,1
1163401,38,"BOLOAÑOS FONSECA THIAGO,",,,1
1163401,39,"UMAÑA LOPEZ JOEL BENJAMIN,",,,1
1163401,40,"CERDAS VILLAGRAS ARIEL,",,,1
1163401,41,"VARGAS LOPEZ SEBASTIAN,",,,1
1163401,42,"SABARRIA GOMEZ FERNANDEZ,",,,1
1163401,43,"VILLEGAS MORALES LYAN,",,,1
1163401,44,"LOPEZ BRENES IAN,",,,1
1163401,45,"GRANADOS NARANJO EDUARDO ARON,",,,0.5
1163401,46,"QUIROZ CARRANZA EITHAN,",,,0.5
1163401,47,"ROCHA MARTINEZ JOCSAN,",,,0
1163401,48,"MENDOZA GAMBOA JOEL,",,,0
1163401,49,"AVILA HERNANDEZ BRYAN ALEXANDER,",,,0
1163401,50,"HERNANDEZ CAMARENO DERECK IVAN,",,,0
1163401,51,"SOLANO CONTRERAS DOMINIK,",,,0
1164068,1,"Vargas Vargas, Yeison David",,1439,5
1164068,2,"VILLEGAS BADILLA, EVANZ",,,4
1164068,3,"Cazares Mena, Ricardo Antonio",,,3
1164068,4,"Castillo Rodriguez, Dario",,,2
1164068,5,"Hernández Lázaro, Keideth Jael",,,1
1164068,6,"Fernández Rodríguez, Antonio",,,0
1164075,1,"Corrales Corrales, Ana Maria",,,4
1164075,2,"Vargas Mendez, Sheyla Francini",,,2
1164075,5,"Álvarez Juárez, Genesis",,,0
1164078,1,"Sandi Miranda, Aleska",,,5
1164078,2,"Vindas Mendez, Brianna Isabella",,,4
1164078,3,"Erf Vargas, Vaioleth Alisha",,,3
1164078,4,"Corrales Laurent, Isabella",,,2
1164078,5,"Solano Soto, Kristel",,,1
1164078,6,"Figueroa Rojas, Fariany",,,0
1164297,1,"Figueroa Figueroa, Yustin",,,4
1164297,2,"Beitia Retana, Samuel Josue",,,4
1164297,3,"Cordero Cortes, Enderson",,,3
1164297,4,"Magana Cardenal, Ian Sebastian",,,2
1164297,5,"Rojas Garbanzo, Daymon",,,1
1164297,6,"CALVO QUIROS, HEZELL EDUARDO",,,1
1164528,1,"JIMENEZ GAMBIOA DIEGO,",,,5
1164528,2,"MATHIAS CASTRO LAURENT, SILVA NAVIDAD ABDIAS",,,4
1164528,3,"ARIAS PORTUGUZ NEYTHAN,",,,4
1164528,4,"MASIS CHAVES SEBASTIAN,",,,3
1164528,5,"MATA MENA DYLAN ISAAC,",,,3
1164528,6,"REYES MOLINA ELIOT JOZEPH,",,,3
1164528,7,"BOLAÑOS DURAN JOSUE DAVID,",,,3
1164528,8,"CARVAJAL ARAYA JOREL,",,,3
1164528,9,"QUIROS VILLALOBOS SANTIAGO,",,,3
1164528,10,"CHAVARRIA CUBERO JOSUE,",,,2.5
1164528,11,"SILVA NAVIDAD ABDIAS,",,,2.5
1164528,12,"RAMIREZ RUIZ SAUL,",,,2
1164528,13,"BRANT ARAYA JEIDELL BRYAN,",,,2
1164528,14,"ALPIZAR ARAYA DOMINICK,",,,2
1164528,15,"JIMENEZ OMAR HYDER,",,,1
1164528,16,"ARLEY DELGADO THOMAS,",,,1
1164528,17,"BIZCAINO MOLINA DOMINICK,",,,1
1164530,1,"SOLIS ALVARADO ABIGAIL, SOLIS ALVARADO ABIGAIL",,,6
1164530,2,"CALDERON BRENES ABIGAIL, CALDERON BRENES ABIGAIL",,,4.5
1164530,3,"ABARCA AZOFEIFA TIFFANY, ABARCA AZOFEIFA TIFFANY",,,4
1164530,4,"TORRES VENEGAS BRIANNA, TORRES VENEGAS BRIANNA",,,3.5
1164530,5,"MADRIGAL GONZALEZ FRANCELLA, MADRIGAL GONZALEZ FRANCELLA",,,2
1164530,6,"PALACIO ROMERO ISABELLA, PALACIO ROMERO ISABELLA",,,1
1164530,7,"PEREIRA BONILLA ALANA ABIGAIL, PEREIRA BONILLA ALANA ABIGAIL",,,0
1164539,1,"BOLAÑOS DURAN GABRIELA,",,,5
1164539,2,"LUNA RAMIREZ BRENDA JULISSA,",,,4
1164539,3,"VARGAS MUNOZ EMILIA ESTHER,",,,3
1164539,4,"GONZALEZ ARAYA VALERIA,",,,3
1164539,5,"MEZA PADILLA NOHELIA VERONICA,",,,3
1164539,6,"PEREZ DAVILA ALEXANDRA,",,,2
1164539,7,"LARA MESEN SOPHIA NATALIA,",,,2
1164539,8,"CAMBRONERO CALVO MARIA JESUS,",,,2
1164539,9,"GARNIER CARRANZA AMANDA,",,,1
1164906,1,"VIQUEZ ALFARO GABRIEL,",,,5
1164906,2,"MIRANDA BARRIENTOS GABRIEL,",,,4.5
1164906,3,"CALEB JOSUE VILLALOBOS MOLINA,",,,4
1164906,4,"JOSE DANIEL JIMENEZ SANTAMARIA,",,,4
1164906,5,"CHAVEZ RODRIGUEZ JOSE EDWIN,",,,3.5
1164906,6,"CORTES ACUÑA SAMUEL CAMILO,",,,3
1164906,7,"TORRES UGALDE JARED,",,,3
1164906,8,"ESTRADA BLANCO ZAID ANTONIO,",,,3
1164906,9,"JOSE ALEJANDRO RINCON BETANCOUT,",,,3
1164906,10,"MONTERO MORA ISACC DAVID,",,,3
1164906,11,"LA TOUCHE BARRANTES JULIAN,",,,3
1164906,12,"MARTINEZ MARTINEZ MATIAS,",,,3
1164906,13,"HERRERA RAMIREZ JOSEPH ALEJANDRO,",,,3
1164906,14,"BARBOZA HERRERA CRISTOPHER MANUE,",,,2
1164906,15,"SOLANO ARCE HECTOR,",,,2
1164906,16,"PEÑA ARTAVIA JOSSEP,",,,2
1164906,17,"BRENES MONTERO CALEB JOSUE,",,,2
1164906,18,"BRENES ROMERO MATHIAS JODUE,",,,2
1164906,19,"SANCHEZ MONTERO SEBASTIAN YOEL,",,,2
1164906,20,"RODRIGUEZ ROMAN SAUL,",,,2
1164906,21,"VARGAS GONZALEZ CRISTOPHER,",,,1.5
1164906,22,"CERDAS CHAVES JESUS ADRIAN,",,,1.5
1164906,23,"BARRANTES PEREZ SANTIAGO DANIEL,",,,1
1164906,24,"ZUÑIGA HERNANDEZ BRIANS GABRIEL,",,,1
1164906,25,"OGISTE CASTILLO SHERWIN,",,,1
1165052,1,"ROJAS ORDOÑEZ CHRISTIAN GABRIEL,",,,4
1165052,2,"GONZALEZ MONTOYA ILAN,",,,3.5
1165052,3,"ARROYO LIZANO CESAR JOHEL,",,,3
1165052,4,"RAMIREZ ORTEGA ESTEBAN,",,,2.5
1165052,5,"HERNANDEZ ARCE PABLO ANDRES,",,,2
1165052,6,"ORTIZ ZAPATA ADIRAN,",,,0
1168865,1,"Ramirez Solano, Brando",,,5
1168865,2,"Diaz Navarro, Leonel Felipe",Turrialba,1400,4
1168865,3,"Gerardo Monge, Claris",,,3
1168865,4,"Villalobos Garcia, Fabricio",Ccdr Cartago,1415,2
1168865,5,"Renata Mora, Yeikel Andrey",,,1
1168865,6,"Serrano, Theo",,,0
1168866,1,"Mendez Jimenez, Sonia",,,4
1168866,2,"Suarez Alvarez, Luciana Zamar",Turrialba,1400,2
1168866,3,"Moya Cubero, Ana Valeria",,1400,2
1168866,4,"Herrera Ortiz, Valentina",,,1
1168866,5,"Urena Portuguez, Yarely",,,1
1169656,1,"Gonzalez Aguero, Julian",Ccdr Cartago,1752,4.5
1169656,3,"Diaz Navarro, Joseph Isaac",Turrialba,1400,3
1169656,4,"Monge Mara, Israel",,,2
1169656,5,"Mendez Azofeifa, Josafat",,,1
1169656,6,"Jimenez Gamboa, Mathias Bernal",Turrialba,1409,0
1169657,1,"Jimenez Bogantes, Keilyn Fiorella",Turrialba,1400,5
1169657,2,"Cordero Naranjo, Sara",,,4
1169657,3,"Morales Karpinsky, Yuliana",Turrialba,1453,3
1169657,4,"Ramirez Pereira, Thais",,,2
1169657,5,"Coto Lacayo, Maria Jose",,,1
1169657,6,"Camacho Castillo, Brenda",,,0
1170254,1,"Azael Barquero Graterol,",Escuela Andrés Bello,,5
1170254,2,"David Chavarría Vargas,",Escuela La Fila,,3
1170254,5,"Jared Tencio Palacios,",Escuela Dr. Rafael Calderón Muñoz,,1
1170254,6,"Nicolás Calderón Mora,",Escuela Santa Lucía.,,0
1170257,1,"Emma Mesén Díaz,",Saint Jude School,,5
1170257,2,"Valentina Zuniga Sanchez,",Escuela Rafael Francisco Osejo,,4
1170257,3,"Mariangel Abarca Torres,",Escuela Grifo Alto,,3
1170257,4,"Franchesca Dávila Lazo,",Escuela Dr Rafael Calderón Muñoz,,1
1170263,1,"Mathias Flores Elizondo,",CTP Braulio Odio Herrera,,4.5
1170263,2,"Zinoviy Wu Wu,",Liceo Luis Dobles Segreda,,3
1170263,3,"Esteban Sardiñas Hernández,",Liceo Pavas,,3
1170263,4,"Víctor Iván Arauz Morales,",CTP Puriscal,,2.5
1170263,5,"Alejandro Solano Carranza,",Saint Michael School,,2
1170263,6,"Felipe Antonio Araya Román,",CTP Puriscal,,0
1170269,1,"María Salazar Quirós,",", Liceo Monseñor Rubén Odio Herrera",,4
1170269,2,"Ivanna Aguilar Naranjo,",IEGB República de Panamá,,3
1170269,3,"Mariangel Salas Chinchilla,",CTP Puriscal,,2
1170269,4,"Barquero Mora Tifany,",CTP La Carpio,,1
1170269,5,"Dulce Valentina Vega Mora,",CTP Puriscal,,0
1172805,1,"Arce Aguero, Jose Fernando",Santa Ana,1400,4.5
1172805,2,"Rodriguez Mena, Ian Antonio",El Carmen,1400,4
1172805,3,"Chan Mejias, Douglas Stephen",Delia Oviedo de Acuna,1425,3
1172805,4,"Arce Ugalde, Evans David",Bello Horizonte,1400,2
1172805,5,"Zamora Diaz, Gael",Escuela Moracia,1411,1
1172805,6,"Otarola Moraga, Rayner Jared",CENIT,1400,0.5
1172806,1,"Soto Platero, Keisi Gabriela",Isabel Brown Brown,1400,4
1172806,2,"Liang Rodriguez, Kiara",CBCB,1400,3
1172806,3,"Briceno Esquivel, Samantha",Ascension Esquivel Ibarra,1400,2
1172806,4,"Murillo Jarquin, Ashley Esmeralda",Antonio Obando Espinoza,1400,1
1172806,5,"Duran Torres, Maria Paula",Jose Maria Calderon,1400,0
1172810,1,"Alvarado Granados, Nicolas Mateo",Isabel Brown Brown,1400,
1172810,1,"Miranda Lopez, Luis Fabian",Isabel Brown Brown,1400,
1172810,1,"Morales Vega, Mia Isabella",Isabel Brown Brown,1400,
1172810,1,"Rodriguez Villalobos, Dereck Josue",Isabel Brown Brown,1400,
1172810,1,"Vanegas Platero, Alisa Raquel",Isabel Brown Brown,1400,
1172810,2,"Bello Blanco, Sofia",John F Kennedy,1400,
1172810,2,"Madrigal Diaz, Jose Mario",John F Kennedy,1400,
1172810,2,"Picado Bonilla, Nikole",John F Kennedy,1400,
1172810,2,"Rodriguez Porras, Rosa",John F Kennedy,1400,
1172810,3,"Calvo Jara, Luis Daniel",Delia Oviedo de Acuna,1400,
1172810,3,"Campos Recio, Samir",Delia Oviedo de Acuna,1400,
1172810,3,"Chan Mejias, Santiago",Delia Oviedo de Acuna,1400,
1172810,3,"Ramirez Gutierrez, Cristopher David",Delia Oviedo de Acuna,1400,
1172810,4,"Bojorge Madrigal, Yamil",Pijije,1400,
1172810,4,"Galo Grillo, Dereck Emmanuel",Pijije,1400,
1172810,4,"Loria Gonzalez, Walner",Pijije,1400,
1172810,4,"Mena Guadamuz, Erick Miguel",Pijije,1400,
1172813,1,"Alvarado Pizarro, Valentina",Alba Ocampo Alvarado,,
1172813,1,"Castro Sanchez, Nashly Sofia",Alba Ocampo Alvarado,,
1172813,1,"Mejia Camacho, Valentina Sofia",Alba Ocampo Alvarado,,
1172813,1,"Mejia Camacho, Valery Jimena",Alba Ocampo Alvarado,,
1172813,2,"Liang Rodriguez, Aylin",Bilingue Ciudad Blanca,,
1172813,2,"Mejias Gonzalez, Valentina",Bilingue Ciudad Blanca,,
1172813,2,"Munoz Azofeifa, Isabela",Bilingue Ciudad Blanca,,
1172814,1,"Castro Mendez, Jocksan",C.T.P De Abangares,1400,2
1172814,2,"Mendez Ordonez, Johanan",Liceo de Bagaces,1432,2
1172814,3,"Viales Londono, Juan Pablo",CENIT,1400,1
1172814,4,"Morera Matarrita, Luis Alejandro",C.T.P De Abangares,1400,1
1172818,1,"Villarreal Chavarria, Samantha",Felipe Perez Perez,1444,2
1172818,2,"Cerdas Hurtado, Maria Isabella",CTP de Liberia,1405,1
1172818,3,"Salazar Cerdas, Sherlyn Cristina",Liceo de Guardia,1400,0
1172822,1,"Lara Moreno, Jose Adrian",Colegio Bilingue Ciudad Blanca,1405,
1172822,1,"Duarte Duarte, Erick Zaid",Colegio Bilingue Ciudad Blanca,1400,
1172822,1,"Peraza Castro, Santiago",Colegio Bilingue Ciudad Blanca,1400,
1172822,1,"Quesada Aguilar, Caleb Fernando",Colegio Bilingue Ciudad Blanca,1400,
1172822,2,"Blanco Cantillo, Keyller Gerardo",Jose Maria Gutierrez,1400,
1172822,2,"Morales Medina, Luis Enrique",Jose Maria Gutierrez,1400,
1172822,2,"Ruiz Herra, David",Jose Maria Gutierrez,1400,
1182147,1,"Morales Vasquez, Thiago Marcel",Monte Esperanza,,4.5
1182147,2,"Campos Aguilar, Aaron Andres",Colonia Nazareth,,3.5
1182147,3,"Herrera Castro, David Elian",La Colina,,3.5
1182147,4,"Navarro Torres, Juan David",Lepanto,,3.5
1182147,5,"Vargas Viquez, Santiago",Tranquilino Viquez Rodriguez,,2.5
1182147,6,"Rojas Alvarez, Denilson Fernando",Delia Urbina de Guevara,,2.5
1182147,7,"Villegas Badilla, Evanz",San Pedro,,2.5
1182147,8,"Arze Aguero, Jose Fernando",Colegio de Santa Ana,,2
1182147,9,"Ramirez Solano, Brandon Jesus",Manuel Jimenez de la Guardia,,2
1182147,10,"Arrieta Rojas, Eitan Matias",Santa Fe,,2
1182147,11,"Baquero Graterol, Azael Augusto",L.E.G.B Andres Bello Lopez,,1.5
1182149,1,"Garcia Rojas, Estefania",Creston School,,5
1182149,2,"Wahrmann Brenes, Emma",Nuestra Señora de Sion,,4
1182149,3,"Mena Paz, Ezly Yalena",Republica de Guatemala,,3
1182149,4,"Hernandez Obando, Maria Pia",Montana Grande,,2.5
1182149,5,"Soto Platero, Keisi Gabriela",Isabel Brown Brown,,2.5
1182149,6,"Mesen Diaz, Emma",Saint Jude School,,2
1182149,7,"Garita Vargas, Amber",Corobici,,2
1182149,8,"Centeno Estrada, Kenyali Ariana",Gonzalo Monge Bermudez,,2
1182149,9,"Hernandez Morales, Yulierka Tami",Santo Tomas,,1
1182149,10,"Mendez Jimenez, Sonia Yulicxa",Juana Dennis Vives,,1
1182151,1,"Orna Chaves, David Gabriel",Caspari Montessori School,1676,
1182151,1,"Orna Chaves, Alejandro Jesus",Caspari Montessori School,1535,
1182151,1,"Yepes Ramirez, Tomas Javier",Caspari Montessori School,1509,
1182151,1,"Badilla Saenz, Fabian",Caspari Montessori School,1432,
1182151,1,"Rodriguez Vargas, Nicolas",Caspari Montessori School,1400,
1182151,2,"Villalta Pizarro, Emanuel Isaac",Colegio Cientifico Interamericano IHS,1464,
1182151,2,"Orozco Sanchez, Matias",Colegio Cientifico Interamericano IHS,1436,
1182151,2,"Diaz Mora, Isai Mateo",Colegio Cientifico Interamericano IHS,,
1182151,2,"Gros, Joel",Colegio Cientifico Interamericano IHS,,
1182151,2,"Lopez Garcia, Sebastian",Colegio Cientifico Interamericano IHS,,
1182151,4,"Camacho Baldizon, Aaron",Escuela del Valle,1400,
1182151,4,"Quesada Solano, Santiago",Escuela del Valle,1400,
1182151,4,"Delgado Estrada, Maria Paula",Escuela del Valle,,
1182151,4,"Jimenez Barrantes, Isaac",Escuela del Valle,,
1182151,4,"Segura Cespedes, Santiago",Escuela del Valle,,
1182151,5,"Castro Lopez, Mathias Eduardo",Lakeside International School,1400,
1182151,5,"Cuevas Arias, Santiago",Lakeside International School,,
1182151,5,"Cuevas Arias, Sebastian",Lakeside International School,,
1182151,5,"Ellis Alice, Toby Ricardo",Lakeside International School,,
1182151,5,"Reyes Cajina, Thiago",Lakeside International School,,
1182151,6,"Brenes Zuniga, Dharrel",Dr. Rafael Calderon Munoz,,
1182151,6,"Gonzalez Mora, Neymar Jahaziel",Dr. Rafael Calderon Munoz,,
1182151,6,"Hernandez Mendez, Dilan Andres",Dr. Rafael Calderon Munoz,,
1182151,6,"Rugama Cisne, Justin Josue",Dr. Rafael Calderon Munoz,,
1182151,6,"Viales Blandon, Mathew",Dr. Rafael Calderon Munoz,,
1182151,7,"Acevedo Mora, Gael",San Rafael,,
1182151,7,"Bravo Matarrita, Cristopher",San Rafael,,
1182151,7,"Morales Flores, Dariel",San Rafael,,
1182151,7,"Solis Roman, Lara Cristina",San Rafael,,
1182151,8,"Alarcon Avalos, Kelany Najara",Los Corales,1400,
1182151,8,"Picado Herrera, Adrian Jhonaikel",Los Corales,,
1182151,8,"Vargas Solano, Felipe Alonso",Los Corales,,
1182151,8,"Vargas Solano, Santiago Alexier",Los Corales,,
1182151,9,"Vanegas Platero, Alissa Raquel",Isabel Brown Brown,1420,
1182151,9,"Alvarado Granados, Nicolas Mateo",Isabel Brown Brown,1400,
1182151,9,"Mirando Lopez, Luis Fabian",Isabel Brown Brown,,
1182151,9,"Morales Vega, Mia Isabella",Isabel Brown Brown,,
1182151,9,"Rodriguez Villalobos, Dereck Jose",Isabel Brown Brown,,
1182151,10,"Portuguez Araya, Jayden Alexander",La Rivera,1400,
1182151,10,"Castro Azofeifa, Steven Dario",La Rivera,,
1182151,10,"Sanchez Arguedas, Yassir Muhammad",La Rivera,,
1182151,10,"Vargas Lopez, Derek Yasir",La Rivera,,
1182151,11,"Arcia Ramirez, Dylan",Santa Fe,,
1182151,11,"Murillo Araya, Lisandro Jose",Santa Fe,,
1182151,11,"Ortega Castillo, Henry",Santa Fe,,
1182151,11,"Quesada Aleman, Neymar",Santa Fe,,
1182151,,"Ovalles Guerrero, Diego",Gredos San Diego ISCR,1492,
1182151,,"Gonzalez Ramirez, Felipe",Gredos San Diego ISCR,,
1182151,,"Orozco Gutierrez, Alejandro",Gredos San Diego ISCR,,
1182151,,"Vindas Salazar, Jose Maria",Gredos San Diego ISCR,,
1182152,1,"Aguilar Martinez, Nahomy",Las Lagunas,1400,
1182152,1,"Flores Badilla, Joselyn",Las Lagunas,1400,
1182152,1,"Herrera Aguilar, Angelyn Sofia",Las Lagunas,1400,
1182152,1,"Mejias Benavides, Katty",Las Lagunas,1400,
1182152,1,"Rodriguez Quesada, Keithy",Las Lagunas,1400,
1182152,2,"Bastos Monge, Sarah",Hummingbird,1400,
1182152,2,"Bragg Marin, Michelle Sophia",Hummingbird,1400,
1182152,2,"Gondola Alvarado, Emma Isabel",Hummingbird,1400,
1182152,2,"Obando Brenes, Valentina",Hummingbird,1400,
1182152,3,"Anchia Fuentes, Michelle",Bello Horizonte,1400,
1182152,3,"Aragon Villalta, Esther",Bello Horizonte,1400,
1182152,3,"Cruz Gomez, Angelinne",Bello Horizonte,1400,
1182152,3,"Herra Tobal, Helena",Bello Horizonte,1400,
1182152,4,"Cordero Corea, Camila",Lepanto,1400,
1182152,4,"Parra Parra, Deborah Sofia",Lepanto,1400,
1182152,4,"Rodriguez Acevedo, Belinda",Lepanto,1400,
1182152,4,"Villalobos Medina, Suri Camila",Lepanto,1400,
1182152,5,"Chaves Carmona, Megan",Los Corales,1400,
1182152,5,"Flores Flores, Luciara Sofia",Los Corales,1400,
1182152,5,"Gamez Melendez, Itzae Jahriela",Los Corales,1400,
1182152,5,"Rojas Benavidez, Nathalin Valentina",Los Corales,1400,
1182152,5,"Urueña Rodriguez, Megan",Los Corales,1400,
1182152,6,"Barquero Blanco, Emma",Felix Arcadio Montero,1400,
1182152,6,"Gonzalez Salazar, Mariangel",Felix Arcadio Montero,1400,
1182152,6,"Gonzalez Solis, Valentina",Felix Arcadio Montero,1400,
1182152,6,"Ocampo Guevara, Isabella",Felix Arcadio Montero,1400,
1182152,7,"Bello Chinchilla, Issie",Anita Grande,1400,
1182152,7,"Garcia Mendez, Alannis",Anita Grande,1400,
1182152,7,"Martinez Calvo, Ashly",Anita Grande,1400,
1182152,7,"Umana Mora, Macy",Anita Grande,1400,
1182152,8,"Castro Gomez, Emma",Cientifico Interamericano,1400,
1182152,8,"Navarro Roper, Zyara",Cientifico Interamericano,1400,
1182152,8,"Novoa Rodriguez, Valeria",Cientifico Interamericano,1400,
1182152,8,"Sanchez Norddal, Anna",Cientifico Interamericano,1400,
1182152,8,"Vilchez Chain, Elisa",Cientifico Interamericano,1400,
1183650,1,"Wahrmann Brenes, Emma",Nuestra Señora de Sion,1557,4.5
1183650,2,"Garcia Rojas, Estefania",Creston School,1538,4
1183650,3,"Mesen Diaz, Emma",Saint Jude School,1400,3.5
1183650,4,"Mena Paz, Ezly Yalena",Republica de Guatemala,1420,3
1183650,5,"Mendez Jimenez, Sonia Yulicxa",Juana Dennis Vives,1400,3
1183650,6,"Soto Platero, Keisi Gabriela",Isabel Brown Brown,1400,2
1183650,7,"Hernandez Morales, Yulierka Tami",Santo Tomas,1400,2
1183650,8,"Garita Vargas, Amber",Corobici,1400,2
1183650,9,"Centeno Estrada, Kenyali Ariana",Gonzalo Monge Bermudez,1400,0.5
1183650,10,"Hernandez Obando, Maria Pia",Montana Grande,1400,0.5
1183653,1,"Herrera Castro, David Elian",La Colina,1604,4
1183653,2,"Morales Vasquez, Thiago Marcel",Monte Esperanza,1570,4
1183653,3,"Arze Aguero, Jose Fernando",Colegio de Santa Ana,1400,4
1183653,4,"Vargas Viquez, Santiago",Tranquilino Viquez Rodriguez,1400,3
1183653,5,"Campos Aguilar, Aaron Andres",Colonia Nazareth,1400,3
1183653,6,"Rojas Alvarez, Denilson Fernando",Delia Urbina de Guevara,1400,3
1183653,7,"Ramirez Solano, Brandon Jesus",Manuel Jimenez de la Guardia,1400,3
1183653,8,"Baquero Graterol, Azael Augusto",L.E.G.B Andres Bello Lopez,1400,2
1183653,9,"Navarro Torres, Juan David",Lepanto,1400,2
1183653,10,"Arrieta Rojas, Eitan Matias",Santa Fe,1400,1
1183653,11,"Villegas Badilla, Evanz",San Pedro,1400,1
1183660,1,"Aguilar Martinez, Nahomy",Las Lagunas,1400,
1183660,1,"Flores Badilla, Joselyn",Las Lagunas,1400,
1183660,1,"Herrera Aguilar, Angelyn Sofia",Las Lagunas,1400,
1183660,1,"Mejias Benavides, Katty",Las Lagunas,1400,
1183660,1,"Rodriguez Quesada, Keithy",Las Lagunas,1400,
1183660,2,"Bastos Monge, Sarah",Hummingbird,1400,
1183660,2,"Bragg Marin, Michelle Sophia",Hummingbird,1400,
1183660,2,"Gondola Alvarado, Emma Isabel",Hummingbird,1400,
1183660,2,"Obando Brenes, Valentina",Hummingbird,1400,
1183660,3,"Castro Gomez, Emma",Cientifico Interamericano,1400,
1183660,3,"Navarro Roper, Zyara",Cientifico Interamericano,1400,
1183660,3,"Novoa Rodriguez, Valeria",Cientifico Interamericano,1400,
1183660,3,"Sanchez Norddal, Anna",Cientifico Interamericano,1400,
1183660,3,"Vilchez Chain, Elisa",Cientifico Interamericano,1400,
1183660,4,"Bello Chinchilla, Issie",Anita Grande,1400,
1183660,4,"Garcia Mendez, Alannis",Anita Grande,1400,
1183660,4,"Martinez Calvo, Ashly",Anita Grande,1400,
1183660,4,"Umana Mora, Macy",Anita Grande,1400,
1183660,5,"Cordero Corea, Camila",Lepanto,1400,
1183660,5,"Parra Parra, Deborah Sofia",Lepanto,1400,
1183660,5,"Rodriguez Acevedo, Belinda",Lepanto,1400,
1183660,5,"Villalobos Medina, Suri Camila",Lepanto,1400,
1183660,6,"Anchia Fuentes, Michelle",Bello Horizonte,1400,
1183660,6,"Aragon Villalta, Esther",Bello Horizonte,1400,
1183660,6,"Cruz Gomez, Angelinne",Bello Horizonte,1400,
1183660,6,"Herra Tobal, Helena",Bello Horizonte,1400,
1183660,7,"Chaves Carmona, Megan",Los Corales,1400,
1183660,7,"Flores Flores, Luciara Sofia",Los Corales,1400,
1183660,7,"Gamez Melendez, Itzae Jahriela",Los Corales,1400,
1183660,7,"Rojas Benavidez, Nathalin Valentina",Los Corales,1400,
1183660,7,"Urueña Rodriguez, Megan",Los Corales,1400,
1183660,8,"Barquero Blanco, Emma",Felix Arcadio Montero,1400,
1183660,8,"Gonzalez Salazar, Mariangel",Felix Arcadio Montero,1400,
1183660,8,"Gonzalez Solis, Valentina",Felix Arcadio Montero,1400,
1183660,8,"Ocampo Guevara, Isabella",Felix Arcadio Montero,1400,
1183663,1,"Ovalles Guerrero, Diego",Gredos San Diego ISCR,1433,
1183663,1,"Gonzalez Ramirez, Felipe",Gredos San Diego ISCR,,
1183663,1,"Orozco Gutierrez, Alejandro",Gredos San Diego ISCR,,
1183663,1,"Vindas Salazar, Jose Maria",Gredos San Diego ISCR,,
1183663,2,"Orna Chaves, David Gabriel",Caspari Montessori School,1644,
1183663,2,"Yepes Ramirez, Tomas Javier",Caspari Montessori School,1550,
1183663,2,"Orna Chaves, Alejandro Jesus",Caspari Montessori School,1418,
1183663,2,"Badilla Saenz, Fabian",Caspari Montessori School,,
1183663,2,"Rodriguez Vargas, Nicolas",Caspari Montessori School,,
1183663,3,"Orozco Sanchez, Matias",Colegio Cientifico Interamericano IHS,1462,
1183663,3,"Diaz Mora, Isai Mateo",Colegio Cientifico Interamericano IHS,,
1183663,3,"Gros, Joel",Colegio Cientifico Interamericano IHS,,
1183663,3,"Lopez Garcia, Sebastian",Colegio Cientifico Interamericano IHS,,
1183663,3,"Villalta Pizarro, Emanuel Isaac",Colegio Cientifico Interamericano IHS,,
1183663,4,"Brenes Zuniga, Dharrel",Dr. Rafael Calderon Munoz,,
1183663,4,"Gonzalez Mora, Neymar Jahaziel",Dr. Rafael Calderon Munoz,,
1183663,4,"Hernandez Mendez, Dilan Andres",Dr. Rafael Calderon Munoz,,
1183663,4,"Rugama Cisne, Justin Josue",Dr. Rafael Calderon Munoz,,
1183663,4,"Viales Blandon, Mathew",Dr. Rafael Calderon Munoz,,
1183663,5,"Acevedo Mora, Gael",San Rafael,,
1183663,5,"Bravo Matarrita, Cristopher",San Rafael,,
1183663,5,"Morales Flores, Dariel",San Rafael,,
1183663,5,"Solis Roman, Lara Cristina",San Rafael,,
1183663,6,"Castro Lopez, Mathias Eduardo",Lakeside International School,,
1183663,6,"Cuevas Arias, Santiago",Lakeside International School,,
1183663,6,"Cuevas Arias, Sebastian",Lakeside International School,,
1183663,6,"Ellis Alice, Toby Ricardo",Lakeside International School,,
1183663,6,"Reyes Cajina, Thiago",Lakeside International School,,
1183663,7,"Camacho Baldizon, Aaron",Escuela del Valle,,
1183663,7,"Delgado Estrada, Maria Paula",Escuela del Valle,,
1183663,7,"Jimenez Barrantes, Isaac",Escuela del Valle,,
1183663,7,"Quesada Solano, Santiago",Escuela del Valle,,
1183663,7,"Segura Cespedes, Santiago",Escuela del Valle,,
1183663,8,"Alvarado Granados, Nicolas Mateo",Isabel Brown Brown,,
1183663,8,"Mirando Lopez, Luis Fabian",Isabel Brown Brown,,
1183663,8,"Morales Vega, Mia Isabella",Isabel Brown Brown,,
1183663,8,"Rodriguez Villalobos, Dereck Jose",Isabel Brown Brown,,
1183663,8,"Vanegas Platero, Alissa Raquel",Isabel Brown Brown,,
1183663,9,"Alarcon Avalos, Kelany Najara",Los Corales,,
1183663,9,"Picado Herrera, Adrian Jhonaikel",Los Corales,,
1183663,9,"Vargas Solano, Felipe Alonso",Los Corales,,
1183663,9,"Vargas Solano, Santiago Alexier",Los Corales,,
1183663,10,"Castro Azofeifa, Steven Dario",La Rivera,,
1183663,10,"Portuguez Araya, Jayden Alexander",La Rivera,,
1183663,10,"Sanchez Arguedas, Yassir Muhammad",La Rivera,,
1183663,10,"Vargas Lopez, Derek Yasir",La Rivera,,
1183663,11,"Arcia Ramirez, Dylan",Santa Fe,,
1183663,11,"Murillo Araya, Lisandro Jose",Santa Fe,,
1183663,11,"Ortega Castillo, Henry",Santa Fe,,
1183663,11,"Quesada Aleman, Neymar",Santa Fe,,
1186806,1,"Salazar Quiros, Maria Regina",Liceo Monsenor Ruben Odio Herrera,,4.5
1186806,2,"Villanueva Iglesias, Mathy F.",Colegio Sulayom,,3.5
1186806,3,"Villareal Chavarria, Amy Samantha",Colegio Artistico Profesor Felipe P,,3.5
1186806,4,"Jimenez Solera, Michella",CTP Ivu las Cañas,,3.5
1186806,5,"Calderon Brenes, Abigail",CTP Ing Carlos Pascua Zuniga,,3
1186806,6,"Aragon Montenegro, Joselyn Viviana",Colegio Tecnico Profesional de Upal,,2.5
1186806,7,"Sandi Miranda, Aleska",Colegio Tecnico Profesional Carlos,,2
1186806,8,"Jimenez Bogantes, Keilyn Fiorella",Colegio Clodomiro Picado Twingth,,1.5
1186806,9,"Diaz Moncada, Ana",Colegio Academico Playas del coco,,1
1186806,10,"Aleman Suazo, Brisa",CTP Santa Elena de Monteverde,,0
1186809,1,"Vega Badilla, Michael",CTP Esparza,,4.5
1186809,2,"Flores Elizondo, Mathias",CTP Braulio Odio Herrera,,4
1186809,3,"Gonzalez Aguero, Julian",Colegio Bilingue Sonny,,3.5
1186809,4,"Benavides Avila, Saul",Colegio Jimenez Guapiles,,3
1186809,5,"Midence Pacheco, Cesar Elias",Colegio Agropecuario de San Carlos,,2.5
1186809,6,"Guzman Montero, Yassin Gabriel",Colegio de Siquirres,,2.5
1186809,7,"Bey Chavarria, Tiago Antonio",Journey School of CR,,2
1186809,8,"Figueroa Figueroa, Yustin Samuel",Liceo Rural Yeri,,2
1186809,9,"Castro Mendez, Jocksan",CTP de Abangares,,1
1186810,1,"Marin Guevara, Mariana",Liceo Experimental Bilingue de Pococi,,
1186810,1,"Artavia Brenes, Zoe",Liceo Experimental Bilingue de Pococi,,
1186810,1,"Chaves Solis, Sofia",Liceo Experimental Bilingue de Pococi,,
1186810,1,"Mora Quesada, Monserrath",Liceo Experimental Bilingue de Pococi,,
1186810,2,"Castro Hernandez, Rangela Sharith",Colegio de Lepanto,,
1186810,2,"Montes Arce, Victoria",Colegio de Lepanto,,
1186810,2,"Leyton Zuniga, Allison Pamela",Colegio de Lepanto,,
1186810,2,"Martinez Soto, Keshly Yanicza",Colegio de Lepanto,,
1186810,3,"Calvo Salas, Alannah Lucia",Liceo Experimental Bilingue de Turrialba,,
1186810,3,"Calvo Salas, Ayelen Luciana",Liceo Experimental Bilingue de Turrialba,,
1186810,3,"Jaen Sojo, Camila",Liceo Experimental Bilingue de Turrialba,,
1186810,3,"Sandoval Mendez, Celeste",Liceo Experimental Bilingue de Turrialba,,
1186810,4,"Guerrero Diaz, Leticia Fiorella",Colegio Nuestra Señora de Desamparados,,
1186810,4,"Loria Molina, Sofia",Colegio Nuestra Señora de Desamparados,,
1186810,4,"Morales Espiniza, Mariana Estela",Colegio Nuestra Señora de Desamparados,,
1186810,5,"Acuna Badilla, Sussy Belen",Liceo Fernando Volio Jimenez,,
1186810,5,"Badilla Mena, Sofia",Liceo Fernando Volio Jimenez,,
1186810,5,"Jimenez Badilla, Abbi Dariana",Liceo Fernando Volio Jimenez,,
1186810,5,"Monge Lopez, Jessica",Liceo Fernando Volio Jimenez,,
1186810,6,"Enriquez Oses, Mariel Alondra",Colegio Jose Maria Gutierrez,,
1186810,6,"Morales Villalobos, Ana Paula",Colegio Jose Maria Gutierrez,,
1186810,6,"Rodriguez Quesada, Thaira Johana",Colegio Jose Maria Gutierrez,,
1186810,6,"Vallejos Rojas, Nayara",Colegio Jose Maria Gutierrez,,
1186810,7,"Alvarado Zarate, Sarai",Liceo San Jose de la Montaña,,
1186810,7,"Cordonero Morales, Daira Samantha",Liceo San Jose de la Montaña,,
1186810,7,"Francis Vargas, Sara",Liceo San Jose de la Montaña,,
1186810,7,"Parra Zarate, Nathalie",Liceo San Jose de la Montaña,,
1186810,7,"Rojas Diaz, Briana",Liceo San Jose de la Montaña,,
1186810,8,"Arana Bernard, Brithany Shakira",Liceo San Jose de Alajuela,,
1186810,8,"Garcia Ortega, Abigail Susana",Liceo San Jose de Alajuela,,
1186810,8,"Melendez Cano, Mia Alexandra",Liceo San Jose de Alajuela,,
1186810,8,"Perez Alvarez, Zoe Naomy",Liceo San Jose de Alajuela,,
1186810,8,"Sibaja Chaves, Brithany Fabiola",Liceo San Jose de Alajuela,,
1186819,1,"Herrera Carmona, Jhoel",Liceo Experimental Bilingue de Grecia,,
1186819,1,"Rodriguez Solis, Pablo Andres",Liceo Experimental Bilingue de Grecia,,
1186819,1,"Jarrin Carranza, Jean Mathew",Liceo Experimental Bilingue de Grecia,,
1186819,1,"Ballestero Rojas, Fabricio",Liceo Experimental Bilingue de Grecia,,
1186819,1,"Serrano Espinoza, Mattew",Liceo Experimental Bilingue de Grecia,,
1186819,2,"Calderon Sandoval, Matias Esteban",CTP Jose Albertazzi Avendano,,
1186819,2,"Marin Vargas, Aaron",CTP Jose Albertazzi Avendano,,
1186819,2,"Mena Sanchez, Janiel Jesus",CTP Jose Albertazzi Avendano,,
1186819,2,"Balitan Gamboa, Kenneth Josue",CTP Jose Albertazzi Avendano,,
1186819,3,"Moya Cabrera, Mathias Bernardo",Colegio Bilingue San Francisco de Asis,,
1186819,3,"Charpentier Badilla, Ian Sebastian",Colegio Bilingue San Francisco de Asis,,
1186819,3,"Villalobos Chinchilla, Mattias",Colegio Bilingue San Francisco de Asis,,
1186819,3,"Martinez Hostia, Jose A",Colegio Bilingue San Francisco de Asis,,
1186819,4,"Jimenez Cerdas, Matias",CTP Alajuelita,,
1186819,4,"Delgado Fallas, Ian Delgado",CTP Alajuelita,,
1186819,4,"Jimenez Cortes, Josias",CTP Alajuelita,,
1186819,4,"Melendez Marroquin, Carlos",CTP Alajuelita,,
1186819,4,"Ruiz Gutierrez, Matias",CTP Alajuelita,,
1186819,5,"Salazar Segura, Kevin Gabriel",Liceo Experimental Bilingue de Turrialba,,
1186819,5,"Fonseca Rowe, Christopher",Liceo Experimental Bilingue de Turrialba,,
1186819,5,"Gonzalez Barboza, Josue David",Liceo Experimental Bilingue de Turrialba,,
1186819,5,"Ramirez Chavarria, Juan Matias",Liceo Experimental Bilingue de Turrialba,,
1186819,6,"Arias Moya, Matias Francisco",CTP Esparza,,
1186819,6,"Mora Lopez, Andy Daniel",CTP Esparza,,
1186819,6,"Pineda Roldan, Sergio Andrez",CTP Esparza,,
1186819,6,"Trejos Martinez, Anthony Enrique",CTP Esparza,,
1186819,7,"Chavez Zuniga, Andres David",Liceo Sinai PZ,,
1186819,7,"Chinchilla Solis, Javier Alonso",Liceo Sinai PZ,,
1186819,7,"Naranjo Navarro, Ethan Samuel",Liceo Sinai PZ,,
1186819,7,"Salas Rojas, Jose Pablo",Liceo Sinai PZ,,
1186819,7,"Valverde Castro, Ian Yohap",Liceo Sinai PZ,,
1186819,8,"Villanueva Morales, Hian Yaimir",Colegio Indigena Sulayom,,
1186819,8,"Almengor Morales, Jelan Jocxandri",Colegio Indigena Sulayom,,
1186819,8,"Diaz Paez, Chris Fransua",Colegio Indigena Sulayom,,
1186819,8,"Herrera Morales, Edison Andrey",Colegio Indigena Sulayom,,
1186819,8,"Loaiza Lopez, Dylan Darian",Colegio Indigena Sulayom,,
1186819,9,"Alvarez Segura, Marco Felipe",Liceo Experimental Bilingue Claudio Bonilla A,,
1186819,9,"Barrantes Mora, Emmanuel",Liceo Experimental Bilingue Claudio Bonilla A,,
1186819,9,"Orozco Molina, Erlis Daniel",Liceo Experimental Bilingue Claudio Bonilla A,,
1186819,9,"Solano Zuniga, Emmanuel",Liceo Experimental Bilingue Claudio Bonilla A,,
1186819,9,"Varela Ulloa, Esteban",Liceo Experimental Bilingue Claudio Bonilla A,,
1186819,10,"Lara Moreno, Jose Adrian",Colegio Bilingue Ciudad Blanca,,
1186819,10,"Duarte Duarte, Erik Zaid",Colegio Bilingue Ciudad Blanca,,
1186819,10,"Peraza Castro, Santiago",Colegio Bilingue Ciudad Blanca,,
1186819,10,"Quesada Aguilar, Calep",Colegio Bilingue Ciudad Blanca,,
1186819,,"Hidalgo Perez, Audrey",Colegio Lepanto,,
1186819,,"Martinez Cordoncillo, Johan",Colegio Lepanto,,
1186819,,"Siles Alvarez, Ana Sofia",Colegio Lepanto,,
1186819,,"Torres Juarez, Sebastian de Jesus",Colegio Lepanto,,
1188219,1,"Gonzalez Aguero, Julian",Colegio Bilingue Sonny,,4
1188219,2,"Flores Elizondo, Mathias",CTP Braulio Odio Herrera,,4
1188219,3,"Benavides Avila, Saul",Colegio Jimenez Guapiles,,3.5
1188219,4,"Vega Badilla, Michael",CTP Esparza,,3
1188219,5,"Figueroa Figueroa, Yustin Samuel",Liceo Rural Yeri,,3
1188219,6,"Midence Pacheco, Cesar Elias",Colegio Agropecuario de San Carlos,,2.5
1188219,7,"Bey Chavarria, Tiago Antonio",Journey School of CR,,2
1188219,8,"Guzman Montero, Yassin Gabriel",Colegio de Siquirres,,2
1188219,9,"Castro Mendez, Jocksan",CTP de Abangares,,1
1188234,1,"Villareal Chavarria, Amy Samantha",Colegio Artistico Profesor Felipe P,,4
1188234,2,"Calderon Brenes, Abigail",CTP Ing Carlos Pascua Zuniga,,4
1188234,3,"Salazar Quiros, Maria Regina",Liceo Monsenor Ruben Odio Herrera,,3.5
1188234,4,"Jimenez Solera, Michella",CTP Ivu las Cañas,,3
1188234,5,"Jimenez Bogantes, Keilyn Fiorella",Colegio Clodomiro Picado Twingth,,3
1188234,6,"Villanueva Iglesias, Mathy F.",Colegio Sulayom,,2.5
1188234,7,"Sandi Miranda, Aleska",Colegio Tecnico Profesional Carlos,,2
1188234,8,"Diaz Moncada, Ana",Colegio Academico Playas del coco,,1
1188234,9,"Aleman Suazo, Brisa",CTP Santa Elena de Monteverde,,1
1188234,10,"Aragon Montenegro, Joselyn Viviana",Colegio Tecnico Profesional de Upal,,1
1188238,1,"Castro Hernandez, Rangela Sharith",Colegio de Lepanto,,
1188238,1,"Montes Arce, Victoria",Colegio de Lepanto,,
1188238,1,"Leyton Zuniga, Allison Pamela",Colegio de Lepanto,,
1188238,1,"Martinez Soto, Keshly Yanicza",Colegio de Lepanto,,
1188238,2,"Marin Guevara, Mariana",Liceo Experimental Bilingue de Pococi,,
1188238,2,"Artavia Brenes, Zoe",Liceo Experimental Bilingue de Pococi,,
1188238,2,"Chaves Solis, Sofia",Liceo Experimental Bilingue de Pococi,,
1188238,2,"Mora Quesada, Monserrath",Liceo Experimental Bilingue de Pococi,,
1188238,3,"Calvo Salas, Alannah Lucia",Liceo Experimental Bilingue de Turrialba,,
1188238,3,"Calvo Salas, Ayelen Luciana",Liceo Experimental Bilingue de Turrialba,,
1188238,3,"Jaen Soto, Camila",Liceo Experimental Bilingue de Turrialba,,
1188238,3,"Sandoval Mendez, Celeste",Liceo Experimental Bilingue de Turrialba,,
1188238,4,"Acuna Badilla, Sussy Belen",Liceo Fernando Volio Jimenez,,
1188238,4,"Badilla Mena, Sofia",Liceo Fernando Volio Jimenez,,
1188238,4,"Jimenez Badilla, Abbi Dariana",Liceo Fernando Volio Jimenez,,
1188238,4,"Monge Lopez, Jessica",Liceo Fernando Volio Jimenez,,
1188238,5,"Loria Molina, Sofia",Colegio Nuestra Señora de Desamparados,,
1188238,5,"Guerrero Diaz, Leticia Fiorella",Colegio Nuestra Señora de Desamparados,,
1188238,5,"Morales Espiniza, Mariana Estela",Colegio Nuestra Señora de Desamparados,,
1188238,6,"Enriquez Oses, Mariel Alondra",Colegio Jose Maria Gutierrez,,
1188238,6,"Morales Villalobos, Ana Paula",Colegio Jose Maria Gutierrez,,
1188238,6,"Rodriguez Quesada, Thaira Johana",Colegio Jose Maria Gutierrez,,
1188238,6,"Vallejos Rojas, Nayara",Colegio Jose Maria Gutierrez,,
1188238,7,"Arana Bernard, Brithany Shakira",Liceo San Jose de Alajuela,,
1188238,7,"Garcia Ortega, Abigail Susana",Liceo San Jose de Alajuela,,
1188238,7,"Melendez Cano, Mia Alexandra",Liceo San Jose de Alajuela,,
1188238,7,"Perez Alvarez, Zoe Naomy",Liceo San Jose de Alajuela,,
1188238,7,"Sibaja Chaves, Brithany Fabiola",Liceo San Jose de Alajuela,,
1188238,8,"Alvarado Zarate, Sarai",Liceo San Jose de la Montaña,,
1188238,8,"Cordonero Morales, Daira Samantha",Liceo San Jose de la Montaña,,
1188238,8,"Francis Vargas, Sara",Liceo San Jose de la Montaña,,
1188238,8,"Parra Zarate, Nathalie",Liceo San Jose de la Montaña,,
1188238,8,"Rojas Diaz, Briana",Liceo San Jose de la Montaña,,
1188240,1,"Herrera Carmona, Jhoel",Liceo Experimental Bilingue de Grecia,,
1188240,1,"Rodriguez Solis, Pablo Andres",Liceo Experimental Bilingue de Grecia,,
1188240,1,"Jarrin Carranza, Jean Mathew",Liceo Experimental Bilingue de Grecia,,
1188240,1,"Ballestero Rojas, Fabricio",Liceo Experimental Bilingue de Grecia,,
1188240,1,"Serrano Espinoza, Mattew",Liceo Experimental Bilingue de Grecia,,
1188240,2,"Marin Vargas, Aaron",CTP Jose Albertazzi Avendano,,
1188240,2,"Mena Sanchez, Janiel Jesus",CTP Jose Albertazzi Avendano,,
1188240,2,"Calderon Sandoval, Matias Esteban",CTP Jose Albertazzi Avendano,,
1188240,2,"Balitan Gamboa, Kenneth Josue",CTP Jose Albertazzi Avendano,,
1188240,3,"Villanueva Morales, Hian Yaimir",Colegio Indigena Sulayom,,
1188240,3,"Almengor Morales, Jelan Jocxandri",Colegio Indigena Sulayom,,
1188240,3,"Diaz Paez, Chris Fransua",Colegio Indigena Sulayom,,
1188240,3,"Herrera Morales, Edison Andrey",Colegio Indigena Sulayom,,
1188240,3,"Loaiza Lopez, Dylan Darian",Colegio Indigena Sulayom,,
1188240,4,"Moya Cabrera, Mathias Bernardo",Colegio Bilingue San Francisco de Asis,,
1188240,4,"Villalobos Chinchilla, Mattias",Colegio Bilingue San Francisco de Asis,,
1188240,4,"Charpentier Badilla, Ian Sebastian",Colegio Bilingue San Francisco de Asis,,
1188240,4,"Martinez Hostia, Jose A",Colegio Bilingue San Francisco de Asis,,
1188240,5,"Gonzalez Barboza, Josue David",Liceo Experimental Bilingue de Turrialba,,
1188240,5,"Salazar Segura, Kevin Gabriel",Liceo Experimental Bilingue de Turrialba,,
1188240,5,"Fonseca Rowe, Christopher",Liceo Experimental Bilingue de Turrialba,,
1188240,5,"Ramirez Chavarria, Juan Matias",Liceo Experimental Bilingue de Turrialba,,
1188240,6,"Chavez Zuniga, Andres David",Colegio Sinai PZ,,
1188240,6,"Chinchilla Solis, Javier Alonso",Colegio Sinai PZ,,
1188240,6,"Naranjo Navarro, Ethan Samuel",Colegio Sinai PZ,,
1188240,6,"Salas Rojas, Jose Pablo",Colegio Sinai PZ,,
1188240,6,"Valverde Castro, Ian Yohap",Colegio Sinai PZ,,
1188240,7,"Jimenez Cerdas, Matias",CTP Alajuelita,,
1188240,7,"Delgado Fallas, Ian Delgado",CTP Alajuelita,,
1188240,7,"Jimenez Cortes, Josias",CTP Alajuelita,,
1188240,7,"Melendez Marroquin, Carlos",CTP Alajuelita,,
1188240,7,"Ruiz Gutierrez, Matias",CTP Alajuelita,,
1188240,8,"Hidalgo Perez, Audrey",Colegio Lepanto,,
1188240,8,"Martinez Cordoncillo, Johan",Colegio Lepanto,,
1188240,8,"Siles Alvarez, Ana Sofia",Colegio Lepanto,,
1188240,8,"Torres Juarez, Sebastian de Jesus",Colegio Lepanto,,
1188240,9,"Alvarez Segura, Marco Felipe",Liceo Experimental Bilingue Claudio Bonilla A,,
1188240,9,"Barrantes Mora, Emmanuel",Liceo Experimental Bilingue Claudio Bonilla A,,
1188240,9,"Orozco Molina, Erlis Daniel",Liceo Experimental Bilingue Claudio Bonilla A,,
1188240,9,"Solano Zuniga, Emmanuel",Liceo Experimental Bilingue Claudio Bonilla A,,
1188240,9,"Varela Ulloa, Esteban",Liceo Experimental Bilingue Claudio Bonilla A,,
1188240,10,"Arias Moya, Matias Francisco",CTP Esparza,,
1188240,10,"Mora Lopez, Andy Daniel",CTP Esparza,,
1188240,10,"Pineda Roldan, Sergio Andrez",CTP Esparza,,
1188240,10,"Trejos Martinez, Anthony Enrique",CTP Esparza,,
1188240,11,"Lara Moreno, Jose Adrian",Colegio Bilingue Ciudad Blanca,,
1188240,11,"Duarte Duarte, Erik Zaid",Colegio Bilingue Ciudad Blanca,,
1188240,11,"Peraza Castro, Santiago",Colegio Bilingue Ciudad Blanca,,
1188240,11,"Quesada Aguilar, Calep",Colegio Bilingue Ciudad Blanca,,
1366341,1,"Duarte Reyes, Alex Emmanuel",,,6
1366341,2,"Jiménez Rojas, Isaac",,,6
1366341,3,"Álvarez Segura, Marco Felipe",,,5
1366341,4,"Solano Zúñiga, Emmanuel",,,4.5
1366341,5,"Fonseca Araya, Mauro",,,4.5
1366341,6,"Córdoba Brenes, André Gabriel",,,4.5
1366341,7,"Barrantes Mora, Emmanuel",,,4
1366341,8,"Varela Matarrita, Benjamin Antonio",,,4
1366341,9,"Espinoza Tercero, Joseph Steven",,,4
1366341,10,"Orozco Molina, Erlis",,,4
1366341,11,"Salas Romero, José Andrés",,,3.5
1366341,12,"Ferreto Pérez, Yadiel",,,3.5
1366341,13,"Salas Guzmán, Gabriel",,,3.5
1366341,14,"Morales López, Edison Emiliano",,,3.5
1366341,15,"Castro Varela, Onil Antonio",,,3
1366341,16,"Espinoza Obando, Janier Jadirs",,,2.5
1366341,17,"Quesada Blanco, Moisés",,,2.5
1366341,18,"Murillo Soto, Ariel Azarías",,,2
1366341,19,"Sandoval Vargas, Luis Arturo",,,1.5
1366341,20,"Rizo Guadamuz, Luis Miguel",,,1.5
1366341,21,"Solano Valerio, José Alonso",,,1
1366341,22,"Carvajal Ramírez, Emmanuel",,,0.5
1371417,1,"Viales Londono, Juan Pablo",Centro Educativo Cenit,1432,4
1371417,2,"Arze Aguero, Jose Fernando",Colegio de Santa Ana,1439,3
1371417,3,"Leal Lios, Lawrence",Liceo de Guardia,1400,3
1371417,4,"Barrios Ruiz, David",Colegio Quebrada Grande,1400,3
1371417,5,"Alfaro Gamboa, Adrian",CTP Barrio Irvin,1400,2
1371417,6,"Ruiz Solano, Rolvin",Colegio Quebrada Grande,1400,2
1371417,7,"Ordonez Aguilera, Eddy",CTP Fortuna de Bagaces,1400,2
1371417,8,"Hernandez Porras, Eliam",Liceo de Guardia,1400,2
1371417,9,"Loria Gonzalez, Walner",Liceo de Bagaces,1400,2
1371417,10,"Salgado Lopez, Santiago",Liceo El Consuelo,1400,1
1371417,11,"Delgado Quesada, Evans",Liceo de Bagaces,1400,1
1371417,12,"Bermudez Luna, Noel",CTP Barrio Irvin,1400,0
1371417,13,"Otarola Moraga, Rayner Jared",Sistema Educativo Cenit,1406,0
1371575,1,"Villarreal Chavarria, Amy Samantha",CTP Barrio Irvin,1503,3
1371575,2,"Soto Platero, Keisi Gabriela",Liceo Laboratorio de Liberia,1432,2
1371575,3,"Jimenez Mora, Aritzy",CBCB Liberia,1400,1
1371575,4,"Palacios Chevez, Angelica",CTP Fortuna de Bagaces,1400,0
1371584,1,"Otarola Moraga, Rayner Jared",Sistema Educativo Cenit,1406,
1371584,1,"Gamboa Ordonez, Victor",Sistema Educativo Cenit,1400,
1371584,1,"Morales Santillan, Daniel",Sistema Educativo Cenit,1400,
1371584,1,"Sandi Vargas, Eidan",Sistema Educativo Cenit,1400,
1371584,2,"Estrada Ruiz, Lenix",Liceo Laboratorio de Liberia,1400,
1371584,2,"Jarquin Rojas, Mathew",Liceo Laboratorio de Liberia,1400,
1371584,2,"Marchena Rodriguez, Ian",Liceo Laboratorio de Liberia,1400,
1371584,2,"Munoz Castro, Emiliano",Liceo Laboratorio de Liberia,1400,
1371584,3,"Brenes Castro, Alejandro",CBCB Liberia,1400,
1371584,3,"Martinez Rodriguez, Jeimy",CBCB Liberia,1400,
1371584,3,"Tinoco Brenes, Jose",CBCB Liberia,1400,
1371584,4,"Alfaro Centeno, Jose",CTP Fortuna de Bagaces,1400,
1371584,4,"Cruz Ruiz, Jonatan",CTP Fortuna de Bagaces,1400,
1371584,4,"Lobo Pichardo, Aaron",CTP Fortuna de Bagaces,1400,
1371584,4,"Vallejos Duarte, Lenny",CTP Fortuna de Bagaces,1400,
1371834,1,"Cerdas Amador, Matias",Cientifico de Liberia,1666,4
1371834,2,"Badilla Junez, Adrian",Instituto de Guanacaste,1400,3.5
1371834,3,"Rosales Garcia, Alex Alfredo",Instituto de Guanacaste,1479,3.5
1371834,4,"Tijerino Salazar, Ian Josue",Liceo de Guardia,1437,3
1371834,5,"Salazar Cerdas, Sherlyn",Liceo de Guardia,1400,3
1371834,6,"Sandoval Brown, Eugenio",CBCB Liberia,1400,3
1371834,7,"Baltodano Valdez, Jorge Isaac",Canas Dulces,1472,2
1371834,8,"Soto Platero, Alex Josue",Liceo Laboratorio Liberia,1433,2
1371834,9,"Montenegro Rojas, Mario Alejandro",Colegio Santa Ana,1614,2
1371834,10,"Rodriguez Lara, Luis",CTP Fortuna de Bagaces,1400,2
1371834,11,"Mendez Ordonez, Johanan",Liceo de Bagaces,1434,2
1371834,12,"Hidalgo Leiva, Isaac",CTP Fortuna de Bagaces,1400,2
1371834,13,"Alvarado Araya, Jimena",Cientifico de Liberia,1400,2
1371834,14,"Corea Sevilla, Bayron",Liceo Rural de Bellavista,1400,1.5
1371834,15,"Caravaca Arias, Nicolas",Liceo Laboratorio de Liberia,1400,1
1371834,16,"Cruz Blanco, Matias",Sistema Educativo Cenit,1400,1
1371834,17,"Rios Fernandez, Brayton",CTP Barrio Irvin,1400,1
1371834,18,"Abellan Ortiz, Emmanuel",Liceo el Consuelo,,1
1371834,19,"Rodriguez Rodriguez, Luis",CTP Barrio Irvin,1400,0.5
1371834,20,"Umana Marin, Gabriel",Sistema Educativo Cenit,1400,0
1371857,1,"Rivera Gutierrez, Geannina Isabela",Liberia,1925,5
1371857,2,"Garcia Valdez, Xochilth Fernanda",CTP de Liberia,1541,3.5
1371857,3,"Rojas Vega, Tracy",CTP Fortuna de Bagaces,1400,3.5
1371857,4,"Mata Sequeira, Angie",Instituto de Guanacaste,1400,2
1371857,5,"Guerrero Solorzano, Paola",Liceo Real Bellavista,1400,1
1371857,6,"Baltodano Angulo, Leticia",CTP Barrio Irvin,1400,0
1371879,1,"Rodriguez Membreno, Sebastian",Liceo Laboratorio de Liberia 1,1651,
1371879,1,"Villalta Ramirez, Freivelyn",Liceo Laboratorio de Liberia 1,1559,
1371879,1,"Cerdas Amador, Felipe",Liceo Laboratorio de Liberia 1,1503,
1371879,1,"Soto Platero, Jose Alejandro",Liceo Laboratorio de Liberia 1,1429,
1371879,2,"Munoz Aguilar, Ismael",Liceo Laboratorio de Liberia 2,1512,
1371879,2,"Saravia Osorio, Kenny Josue",Liceo Laboratorio de Liberia 2,1474,
1371879,2,"Casierra Bonilla, Francisco",Liceo Laboratorio de Liberia 2,1438,
1371879,2,"Pena Ballesteros, Ian",Liceo Laboratorio de Liberia 2,1400,
1371879,3,"Lara Moreno, Jose Adrian",CBCB Liberia,1491,
1371879,3,"Chaves Villalta, Willem",CBCB Liberia,1400,
1371879,3,"Guo Xu, Benny",CBCB Liberia,1400,
1371879,3,"Quesada Aguilar, Caleb",CBCB Liberia,1400,
1371879,3,"Zheng Huang, Zi",CBCB Liberia,1400,
1371879,4,"Tapia Guardia, Fabricio",Colegio Cientifico de Liberia,1403,
1371879,4,"Chaves Arrieta, Sebastian",Colegio Cientifico de Liberia,1400,
1371879,4,"Zuniga Arias, Jason",Colegio Cientifico de Liberia,1400,
1371879,5,"Cruz Blanco, Matias",Sistema Educativo Cenit,1400,
1371879,5,"Espinoza Mendoza, Sofia",Sistema Educativo Cenit,1400,
1371879,5,"Umana Marin, Gabriel",Sistema Educativo Cenit,1400,
1371879,5,"Villavicencio Vilchez, Sofia",Sistema Educativo Cenit,1400,
1371879,6,"Aviles Quesada, Jeremy",Instituto de Guanacaste,1400,
1371879,6,"Cavero Alvarez, Jefferson",Instituto de Guanacaste,1400,
1371879,6,"Madriz Pizarro, Kevin",Instituto de Guanacaste,1400,
1371879,6,"Rivas Hernandez, William",Instituto de Guanacaste,1400,
1373296,1,"JIMENEZ, CORTES LUIS ADRIAN",CTP SAN PABLO,,4
1373296,2,"MORA, MADRIGAL DYLAN JOSUE",DANIEL FLORES ZAVALETA,,4
1373296,3,"VARGAS, CALVO KEILEV",LICEO TARRAZÚ,,3
1373296,4,"ORTIZ, MORA LEANDRO JOSUE",LICEO LLANO BONITO,,3
1373296,5,"CAMACHO, CARMONA JASON EMMANUEL",LICEO DE SAN CARLOS,,3
1373296,6,"SEELYE, ANTOINE CUEN ELRIC",LICEO COPEY,,2
1373296,7,"GARRO, NAVARRO LUIS JOSUE",LICEO DE SAN CARLOS,,1
1373296,8,"JIMENEZ, LUIS ADRIAN",CTP SAN PABLO,,0
1373297,1,"QUESADA, BONILLA MARIANGEL",ESCUELA JAPÓN,,4
1373297,2,"UREÑA, ALVARADO EMILY DE LOS ANGELES",ESCUELA SAN ISIDRO,,3
1373297,3,"NAVARRO, GAMBOA LAUREN DARIANA",ESCUELA CAMILO GAMBOA,,3
1373297,4,"MATA, CASTRO EMMA",ESCUELA LEÓN CORTÉS CASTRO,,3
1373297,5,"RÍOS, NARANJO OLIVIA",ESCUELA LEÓN CORTÉS CASTRO,,3
1373297,6,"ALVARADO, UREÑA LUCIA ELENA",ESCUELA JAPÓN,,3
1373297,7,"GAMBOA, CECILIANO KARLA JOSETH",ESCUELA CAMILO GAMBOA,,1
1373298,1,"MONGE, MATA CLARIS GERARDO",ESCUELA SAN RAFAEL,,4.5
1373298,2,"MORENO, JIMENEZ ESTEBAN",ESCUELA SAN LORENZO,,4
1373298,3,"RIVERA, PICADO ALESSANDRO",CAMILO GAMBOA VARGAS,,3.5
1373298,4,"SERRANO, SANCHEZ THEO ISAIAS",ESCUELA JAPÓN,,3
1373298,5,"LEON, JIMENEZ MATIAS",ESCUELA JAPÓN,,3
1373298,6,"SEBASTIÁN, ARGUEDAS",LEÓN CORTÉS CASTRO,,2
1373298,7,"MARCOS, VEGA BONILLA",LEÓN CORTÉS CASTRO,,2
1373298,8,"CALVO, GAMBOA KALED EMIL",CAMILO GAMBOA VARGAS,,2
1373298,9,"HAUZEUR, CASCANTE JOSE JULIAN",ESCUELA MANUEL CASTRO B.,,1
1373298,10,", ABARCA GARRO IVAN ANDRES",ESCUELA SAN ISIDRO,,0
1373301,1,"ALVARADO, UREÑA LUCAS ALEJANDRO",ESCUELA JAPÓN,,4
1373301,2,"GOMEZ, GAMBOA ANTHONY HASDEK",ESCUELA CAMILO GAMBOA,,3.5
1373301,3,"CALVO, VALVERDE MATIAS GABRIEL",ESCUELA LEÓN CORTÉS CASTRO,,3
1373301,4,"ULLOA, NAVARRO GAEL EMILIANO",ESCUELA JAPÓN,,3
1373301,5,"GRANADOS, CALVO JOSUE IGNACIO",ESCUELA LEÓN CORTÉS CASTRO,,3
1373301,6,"PORRAS, ARAYA SEBASTIAN JOSUE",ESCUELA SAN ISIDRO,,3
1373301,7,"MAYORGA, ROJAS RAMSES",ESCUELA SAN ANTONIO,,2.5
1373301,8,"GAMBOA, NARANJO MARIANO DE LOS ANGELES",CAMILO GAMBOA,,2
1373301,9,"QUESADA, SOLIS LUCAS FERNANDO",ESCUELA SANTA JUANA,,1
1373301,10,"GODINEZ, RETANA JEISON MOISES",ESCUELA GUADALUPE,,0
1373303,1,"RIVERA, VARGAS RAQUEL",LICEO SAN CARLOS,,3
1373303,2,"GUADALUPE, FLORES CHINCHILLA",LICEO DE COPEY,,2
1373303,3,"NÚÑEZ, CRUZ JIMENA",LICEO SANTA CRUZ,,1
1373303,4,"MORA, CASTILLO JUDITH",LICEO TARRAZÚ,,0
1373305,1,"CALVO, ROJAS JOHAN JOSUE",LICEO SANTA CRUZ,,4.5
1373305,2,"MADRIGAL, NAVARRO JOSTIN ARMANDO",LICEO DE COPEY,,4
1373305,3,"FALLAS, MUÑOZ CRISTOFER JESUS",LICEO SAN CARLOS,,3.5
1373305,4,"MONGE, JIMENEZ JACKSANDER JESUS",LICEO DE COPEY,,3
1373305,5,"BRENES, MATA SANTIAGO JESUS",LICEO TARRAZÚ,,3
1373305,6,"CALVO, ROJAS JESUS IGNACIO",LICEO SANTA CRUZ,,3
1373305,7,"HERNANDEZ, FERNANDEZ WILLIAM FABRICIO",LICEO SAN CARLOS,,2
1373305,8,"SEGURA, DIAZ LEANDRO JESUS",LICEO CAÑÓN,,1
1373305,9,"MUTUDO, MIRANDA KEILOR",LICEO LLANO BONITO,,1
1373308,1,"VALENTINA, HERRERA ORTIZ",CTP SAN PABLO,,5
1373308,2,"ABREGO, BENITA MARÍA",LICEO TARRAZU,,4
1373308,3,"CORDERO, NARANJO SARA",LICEO COPEY,,3
1373308,4,"GARRO, ABARCA ALLISON",LICEO SAN CARLOS,,2
1373308,5,"CAMACHO, CASTILLO BRENDA",LICEO SAN CARLOS,,2
1373308,6,"ROSARIO, CALVO ROJAS",LICEO RURAL SANTA CRUZ,,2
1373308,7,"ABARCA, MONGE MONICA",LICEO TARRAZU,,1
1373721,1,"ABEL, ROMERO SOLÍS",LEÓN CORTÉS CASTRO,,
1373721,1,"DANIEL, BRIZUELA FALLAS",LEÓN CORTÉS CASTRO,,
1373721,1,"EITHAN, FLORES VEGA",LEÓN CORTÉS CASTRO,,
1373721,1,"JOAQUÍN, RÍOS NARANJO",LEÓN CORTÉS CASTRO,,
1373721,2,"JOSE, DANIEL MONGE",ESCUELA JAPÓN,,
1373721,2,"THIAGO, PORRAS",ESCUELA JAPÓN,,
1373721,2,"THIAGO, ULLOA",ESCUELA JAPÓN,,
1373721,3,"ABARCA, GARRO IVAN ANDRES",ESCUELA SAN ISIDRO,,
1373721,3,"SOLANO, MORA LIAM ALEXIS",ESCUELA SAN ISIDRO,,
1373721,3,"VALVERDE, CALDERON IAN DANIEL",ESCUELA SAN ISIDRO,,
1373723,1,"SERRANO, SANCHEZ THIAGO ISAAC",LICEO TARRAZÚ,,
1373723,1,"CAMACHO, BLANCO JOSE GABRIEL",LICEO TARRAZÚ,,
1373723,1,"SANCHEZ CASCANTE, ROBERT",LICEO TARRAZÚ,,
1373723,1,"UREÑA, MONGE EZEQUIEL DE LOS ANGELES",LICEO TARRAZÚ,,
1373723,2,"NAVARRO, BLANCO EYTHAN ZADAQUIEL",CTP SAN PABLO,,
1373723,2,"ALVARADO, CECILIANO SAMUEL STEVEN",CTP SAN PABLO,,
1373723,2,"RIVERA, RETANA JOSE MATEO",CTP SAN PABLO,,
1373723,3,"FLORES, CHINCHILLA DIEGO ALONSO",LICEO COPEY,,
1373723,3,"MORA, VALVERDE SEBASTIAN DAVID",LICEO COPEY,,
1373723,3,"SOLIS, MONGE JUAN PABLO",LICEO COPEY,,
1373723,3,"UREÑA, MONGE NORBERTO",LICEO COPEY,,
1373723,4,"ABARCA, ZUÑIGA IAN YAMIL",LICEO LLANO BONITO,,
1373723,4,"FIGUEROA, ALLISON",LICEO LLANO BONITO,,
1373723,4,"MENA, JIMENEZ JOEL STEVEN",LICEO LLANO BONITO,,
1373725,1,"CORDERO, MURILLO JUAN DIEGO",LICEO COPEY,,
1373725,1,"CRUZ, VARGAS DEREK ANTUAN",LICEO COPEY,,
1373725,1,"DURAN, MORA ERICKSON MANUEL",LICEO COPEY,,
1373725,1,"MONGE, MATA ISRAEL",LICEO COPEY,,
1373725,1,"VINDAS, PRADO EMMANUEL SEBASTIAN",LICEO COPEY,,
1373725,2,"CALDERON, CASTRO MARVIN JESUS",LICEO TARRAZÚ,,
1373725,2,"GRANADOS, CALVO JOSE MATIAS",LICEO TARRAZÚ,,
1373725,2,"GUZMAN, DURAN ANGEL CALEB",LICEO TARRAZÚ,,
1373725,2,"MENDEZ, AZOFEIFA JOSEFAT DAVID",LICEO TARRAZÚ,,
1373725,2,"UMAÑA, NAVARRO ANGEL GABRIEL",LICEO TARRAZÚ,,
1373725,3,"RODRIGUEZ, PICADO DERECK YULIAN",CTP SAN PABLO,,
1373725,3,"JIMENEZ, ABREGO ELIECER",CTP SAN PABLO,,
1373725,3,"MORA, JIMENEZ MALCOM ISAAC",CTP SAN PABLO,,
1373725,4,"MORA, ALVARADO MATIAS",LICEO LLANO BONITO,,
1373725,4,"MUTUDO, ABDIEL",LICEO LLANO BONITO,,
1373725,4,"SERRANO, ALVARADO ANYELO RAFAEL",LICEO LLANO BONITO,,
1373964,1,"MARWAHA, ATHARV",COLEGIO BRITÁNICO DE COSTA RICA,,4
1373964,2,"RAMIREZ, ACUÑA NATHAN DANIEL",REPÚBLICA DE FRANCIA,,3
1373964,3,"BARRIENTOS, CRUZ ELIAN XAVIER",BELLO HORIZONTE,,2
1373964,4,"MIRANDA MARIN, JUAN PABLO",NTRA SEÑORA DEL PILAR,,1
1373964,5,"MOLINA, OLIVAS JEYDEN ZAID",BELLO HORIZONTE,,0
1373965,1,"BROIDE, RAMINFAR NAOMI",INSTITUTO DR. JAIM WEIZMAN,,3
1373965,2,"MARIN, CORDOBA MICAELA MARIA",ESCUELA - LICEO MARÍA AUXILIADORA,,2
1373965,3,"CARRILLO, GUADAMUZ SAMANTHA",BELLO HORIZONTE,,1
1373965,4,"FALLAS, MOREIRA LIA FIORELLA",RAFAEL FRANCISCO OSEJO,,0
1373970,1,"MESEN, EMMA",,,7
1373970,2,"MITHILA LAKSHIMI, SANTHOSH",,,6
1373970,3,"MORA, LUCIA",,,4
1373970,4,"ARIAS, LETICIA",,,4
1373970,5,"PINEDA, LEANA",,,3
1373970,6,"ROJAS, AILEEN",,,2
1373970,7,"NOGUERA, FRANSHESKA",,,1
1373970,8,"OLIVA, SHERIL",,,1
1373971,1,"BLANCO CHACIN, SANTIAGO",WASHINGTON,,5
1373971,2,"LARIONOV, LEV",COLEGIO BRITÁNICO DE COSTA RICA,,4
1373971,3,"BAQUERO, GRATEROL AZAEL AUGUSTO",I.E.G.B. ANDRÉS BELLO LÓPEZ,,4
1373971,4,"CAMACHO, RAMIREZ EMILIANO",I.E.G.B. ANDRÉS BELLO LÓPEZ,,4
1373971,5,"SOLIS VALVERDE, ESTEBAN",JUAN XXIII,,3
1373971,6,"VILLEGAS RODRIGUEZ, ELIAN FELIPE",CARLOS SANABRIA,,3
1373971,7,"JIMENEZ, FALLAS ARMANDO ARTURO",ESCUELA - LICEO MARÍA AUXILIADORA,,3
1373971,8,"VALVERDE DELGADO, JOSE IGNACIO",GUACHIPELIN,,3
1373971,9,"ISRAELSKY, PORAT IDAN",INSTITUTO DR. JAIM WEIZMAN,,3
1373971,10,"MARIN, CORDERO MATHIAS JOSUE",BENJAMÍN HERRERA ANGULO,,3
1373971,11,"CASTILLO, MENDEZ ANTHONY ALBERTO",SAN RAFAEL,,3
1373971,12,"CORRALES CASTILLO, ADRIAN",JUAN XXIII,,3
1373971,13,"PALLARES, TSCHANZ ULISES",RAFAEL FRANCISCO OSEJO,,2
1373971,14,"HERNANDEZ ALPIZAR, ALESSANDRO",GUACHIPELIN,,2
1373971,15,"MALTEZ TARDENCILLO, NAEL",LA CARPIO,,2
1373971,16,"REYES ZEPEDA, ALEX",IEGB YANUARIO QUESADA,,2
1373971,17,"ARAYA, ZUÑIGA MATIAS JOSUE",COLEGIO NUESTRA SEÑORA DEL PILAR,,2
1373971,18,"JIMENEZ UREÑA, DERECK",IEGB YANUARIO QUESADA,,2
1373971,19,"RAMIREZ, IZAGUIRRE SAMUEL ISAAC",BENJAMÍN HERRERA ANGULO,,1
1373971,20,"MURILLO MENDOZA, ENRIQUE",IEGB YANUARIO QUESADA,,1
1373971,21,"ROJAS MEJIA, DORIAN",LA CARPIO,,1
1373971,22,"ESQUIVEL, VARGAS DANIEL ALBERTO",CENTRO EDUCATIVO ROYAL INTERNATIONA,,1
1373971,23,"WU, WU DAMON",COLEGIO BRITÁNICO DE COSTA RICA,,1
1373971,24,"PEREZ GUILLEN, JARED",IEGB YANUARIO QUESADA,,0
1373988,1,"GUTIERREZ, ZAPATA MARIANA",COLEGIO HUMBOLDT,,
1373988,1,"MURILLO, MATHIEW AIMAR MARIA",COLEGIO HUMBOLDT,,
1373988,1,"RAMIREZ, QUIROS NICOLAS GERARDO",COLEGIO HUMBOLDT,,
1373988,1,"ROMERO, PEREIRA THOMAS DAVID",COLEGIO HUMBOLDT,,
1373988,2,"ARCIA, BARRANTES FELIPE",BELLO HORIZONTE,,
1373988,2,"FENG, FENG MATIAS",BELLO HORIZONTE,,
1373988,2,"HURTADO, ELIZONDO YELTZIN JESUS",BELLO HORIZONTE,,
1373988,2,"IRAHETA, MAYE JORDAN SPENCER",BELLO HORIZONTE,,
1373993,1,"ARAGON, VILLALTA ESTHER ABIGAIL",BELLO HORIZONTE,,
1373993,1,"CRUZ, GOMEZ ANGELINNE KENISHA",BELLO HORIZONTE,,
1373993,1,"HERRA, TOBAL HELENA",BELLO HORIZONTE,,
1373993,1,"RAMIREZ, ZAVALA SOPHIA VICTORIA",BELLO HORIZONTE,,
1373993,1,"RODRIGUEZ, VALVERDE ISABEL VANESSA",BELLO HORIZONTE,,
1373993,2,"CENTENO, OBANDO SOFIA VICTORIA",RAFAEL FRANCISCO OSEJO,,
1373993,2,"RODRIGUEZ, PEREZ HAYLEY",RAFAEL FRANCISCO OSEJO,,
1373993,2,"ROJAS, MAIRENA HAYLEY JAZMIN",RAFAEL FRANCISCO OSEJO,,
1373993,2,"SOLIS, LARA HAILEY ARIANA",RAFAEL FRANCISCO OSEJO,,
1374374,1,"Mirza, Rayyan",Centro de Aprendizaje Educarte,1400,5
1374374,2,"Murillo Salazar, Julian",Centro Educativo La Paz Community,1400,4
1374374,3,"Krueger Kristopher, William",Centro Educativo La Paz Community,1400,2.5
1374374,4,"Sandoval Gonzalez, Axel",27 de Abril,1400,2
1374374,5,"Quedo Gutierrez, Leandro",Rio Seco,1400,1.5
1374374,6,"Naranjo Perez, Eliam",Rio Seco,1400,0
1374377,1,"Brightbard Chacon, Kehlani",Centro Educativo La Paz Community,1400,2
1374377,2,"Suazo Mosquera, Loriana",27 de Abril,1400,1
1374377,3,"Castro Castro, Aranza",Centro de Aprendizaje Educarte,1400,0
1374449,1,"Marin Guevara, Jose",,,5
1374449,2,"Retana Rivera, Santiago",,,3.5
1374449,3,"Ramirez Quiros, Jayden",,,3.5
1374449,4,"Price Pena, Jeikel",,,3
1374449,5,"Sandi Mora, Esteban",,,3
1374449,6,"Venegas Rivas, Yakov",,,3
1374449,7,"Solano Choy, Timothy",,,2
1374449,8,"Mora Acon, Josue",,,2
1374449,9,"Obando Picado, Keyleb",,,2
1374449,10,"Feng Wu, Johnny",,,1.5
1374449,11,"Torres Soto, Yeray",,,1.5
1374480,1,"AZOFEIFA, SOLIS JUDAH MATEO",LICEO LUIS DOBLES SEGREDA,,5
1374480,2,"ARRIETA, LOPEZ MIKEL GAEL",I.E.G.B. PBRO. YANUARIO QUESADA,,4
1374480,3,"SOLIS, SOLIS ISAAC ALEXIS",I.E.G.B. ANDRÉS BELLO LÓPEZ,,3
1374480,4,"MORA, DIAZ MATTEO",LICEO DE ESCAZÚ,,3
1374480,5,"VINDAS, RODRIGUEZ MATIAS",LICEO SANTA ANA,,3
1374480,6,"MATARRITA, DUARTE JOSEPH EMMANUEL",I.E.G.B. PBRO. YANUARIO QUESADA,,3
1374480,7,"VIVEROS, PAZOS SANTIAGO",MOUNT VIEW SCHOOL,,2
1374480,8,"HERRERA, SOLANO DANIEL EMILIO",JARDÍN BORBOLETA E ITSKATZÚ,,2
1374480,9,"RIVERA, MARTINEZ EITHAN MATIAS",LICEO DE ESCAZÚ,,2
1374480,10,"DIAZ, JIMENEZ YAHIR MATIAS",I.E.G.B. ANDRÉS BELLO LÓPEZ,,2
1374480,11,"PEREZ, LAMUS EMANUEL",LICEO PAVAS,,1
1374481,1,"CANTARERO, FUENTES LILY VALERIA",ROYAL INTERNATIONAL EDUCATION,,1
1374482,1,"RODRIGUEZ, PAZMIÑO TOMAS",MOUNT VIEW SCHOOL,,5
1374482,2,"WU, WU WINGZ ZINOVIY",LICEO LUIS DOBLES SEGREDA,,4
1374482,3,"SARDIÑAS, HERNANDEZ ESTEBAN",LICEO PAVAS,,3
1374482,4,"MORA VAZQUEZ, GABRIEL",CTP PAVAS,,3
1374482,5,"SANDI, SANCHEZ JOSE GERARDO",C.T.P. DE ESCAZÚ,,3
1374482,6,"THOMAS, GRANADOS DEREK",COLEGIO BILINGÜE LA SABANA,,3
1374482,7,"CECILIANO, MENACHO IGNACIO",COLEGIO BRITÁNICO DE COSTA RICA,,3
1374482,8,"NUÑEZ, MORALES CESAR MARCELL",LICEO PAVAS,,2
1374482,9,"RAMOS VALDELOMAR, JAMES",CTP PAVAS,,2
1374482,10,"CASTRO, OLIVELLA JUAN SEBASTIAN",CENTRO EDUCATIVO ROYAL INTERNATIONA,,2
1374482,11,"CHACON, HERAS DANIEL ISAAC",CENTRO EDUCATIVO ROYAL INTERNATIONA,,2
1374482,12,"GARCIA, CALVO SAMUEL JOSIAS",C.T.P. DE ESCAZÚ,,2
1374482,13,"OQUENDO, NOUEL WILLIAM",CENTRO EDUCATIVO ROYAL INTERNATIONA,,1
1374483,1,"SOLANO CALVO, DENISE",COLEGIO MULTICULTURAL DO BRASIL,,4
1374483,2,"VALVERDE TORRES, DAIRA",LICEO DE ESCAZÚ,,2
1374483,3,"SALAS, ALVAREZ FABIOLA SUSANA",I.E.G.B. PBRO. YANUARIO QUESADA,,2
1374483,4,"CORTES, CAMPOS MARIANA ELIZABETH",ROYAL INTERNATIONAL EDUCATION,,1
1374483,5,"PADILLA UREÑA, SCARLET",IPEC SAN JOSÉ,,1
1374484,1,"ARRIETA, LOPEZ IKER GORKA",C.T.P. DE ESCAZÚ,,4.5
1374484,3,"OCONITRILLO RODRÍGUEZ, GERALD",CTP PAVAS,,3
1374484,4,"CANO, RAMIREZ WILLIAM DAVID",IPEC SAN JOSÉ,,1
1374496,1,"Quiros Montenegro, Emanuel",Josefina Lopez Bonilla,,5
1374496,2,"Vargas Hernandez, Matias",Josefina Lopez Bonilla,,5
1374496,3,"Mendez Fernandez, Luis",Artola,,4
1374496,4,"Espinoza Caceres, Melvin",27 de Abril,,4
1374496,5,"Marchena Marchena, Ivan",Santo Domingo,,3.5
1374496,6,"Cosman, Chase",Centro Educativo Journey School of,,3
1374496,7,"Cascante Rosales, Minor",Coyolito,,3
1374496,8,"Linh Mason, Quang",Centro Educativo Journey School of,,3
1374496,9,"Cortes Pena, Mariano",Barrio Lajas,,3
1374496,10,"Hurtado Alfaro, Alejandro",Centro Educativo La Paz Community S,,2.5
1374496,11,"Castro Castro, Fernando",Centro de Aprendizaje Educarte,,2.5
1374496,12,"Correia Nolan, William",Centro Educativo La Paz Community S,,2.5
1374496,13,"Hernandez Coronado, Samuel",La Libertad,,2.5
1374496,14,"Miles Ortega, Antonio",Centro Educativo La Paz Community S,,2.5
1374496,15,"Angulo Mendez, Emiliano",Santo Domingo,,2
1374496,16,"Gutierrez Nunez, Felipe",Barrio Lajas,,2
1374496,17,"Philippart De Foy, Ulysse",Centro Educativo La Paz Community S,,2
1374496,18,"Sanchez Perez, Mathias",27 de Abril,,1.5
1374496,19,"Valverde Brenes, Antonio",Centro Educativo Journey School of,,1.5
1374496,20,"Munoz Salazar, Mathieu",27 de Abril,,1.5
1374496,21,"Tenorio Moons, Javier",Villarreal,,1
1374496,22,"Rodriguez Mesen, Nicolas",Coyolito,,1
1374496,23,"Rojas Gonzalez, Sebastian",Centro de Aprendizaje Educarte,,1
1374496,24,"Vindas Badilla, Nicholas",La Libertad,,0.5
1374507,1,"Quiros Montenegro, Maripaz",Josefina Lopez Bonilla,,4
1374507,2,"Leon Contreras, Ariany",Belen,,3
1374507,3,"Kelso Rivera, Ana",Centro Educativo La Paz Community S,,2
1374507,4,"Valencia Pignani, Amelia",Centro Educativo La Paz Community S,,1
1374507,5,"Estrada Cornejo, Paloma",Centro Educativo La Paz Community S,,0
1374512,1,"Bermudez Rubi, Heykel",,,5
1374512,2,"Sojo Miranda, Ivan Andres",,,4
1374512,3,"Sandoval Fallas, Junior",,,4
1374512,4,"Solano Choy, Esteban",,,3.5
1374512,5,"Salas Arias, Freddy",,,3
1374512,6,"Gonzalez Sanchez, Derek",,,3
1374512,7,"Azofeifa Umana, Mario",,,3
1374512,8,"Arias Ortega, Esteban",,,3
1374512,9,"Davila duran, Alvaro",,,3
1374512,10,"Rojas Diaz, Santiago",,,3
1374512,11,"Bermudez Rubi, Hiker",,,3
1374512,12,"Elizondo Navarro, Samir",,,3
1374512,13,"Hernandez Ocampo, Owen",,,2.5
1374512,14,"Netrevozhko Calderon, Augustine",,,2.5
1374512,15,"Navarro Cespedez, Ismael",,,2
1374512,16,"Alpizar Zuniga, Aaron",,,2
1374512,17,"Solis Vargas, Cristian",,,2
1374512,18,"Madrigal Howard, Daniel",,,2
1374512,19,"Salas Cocorn, Jose",,,2
1374512,20,"Sanchez sirias, Jayrell",,,1.5
1374512,21,"Gomez Marin, Jose Pablo",,,1
1374512,22,"Hernandez Esquivel, Santiago",,,1
1374512,23,"Aguilar Barrera, Jaiden",,,1
1374514,1,"Castro Lopez, Mathias",Centro Educativo Lakeside International Schoo,,
1374514,1,"Cuevas Arias, Santiago",Centro Educativo Lakeside International Schoo,,
1374514,1,"Reyes Cajina, Thiago",Centro Educativo Lakeside International Schoo,,
1374514,1,"Valverde Bejarano, Santiago",Centro Educativo Lakeside International Schoo,,
1374514,2,"Bozdemir Sarkis, Zakkai",Centro Educativo La Paz Community School,,
1374514,2,"Estrada Cornejo, Emilio",Centro Educativo La Paz Community School,,
1374514,2,"Larios Leiton, Santiago",Centro Educativo La Paz Community School,,
1374514,2,"Murillo Salazar, Leonardo",Centro Educativo La Paz Community School,,
1374514,2,"Valencia Pignani, Carlo",Centro Educativo La Paz Community School,,
1374514,3,"Carballo Ortiz, Zamir",Escuela de Belen,,
1374514,3,"Jimenez Chavarria, Ian",Escuela de Belen,,
1374514,3,"Mendoza Bellido, Emanuel",Escuela de Belen,,
1374514,3,"Rodriguez Bonilla, Esteban",Escuela de Belen,,
1374526,1,"Garita Vargas, Amber",,,5
1374526,2,"Brenes Chaves, Maria",,,4
1374526,3,"Arias Calvo, Luciana",,,3
1374526,4,"Feng Wu, Stephanie",,,3
1374526,5,"Meza Villalobos, Amira",,,2.5
1374526,6,"Munoz Soto, Aleska",,,2.5
1374526,7,"Salazar Gomez, Kianny",,,2
1374526,8,"Azofeifa Chavarria, Esther",,,1
1374526,9,"Quesada Saborio, Anhely",,,1
1374526,10,"Barrios Vega, Bianca",,,1
1374529,1,"RODRIGUEZ, MORENO NATALIA",LICEO SANTA ANA,,2
1374529,2,"CANTARERO, FUENTES LILY VALERIA",ROYAL INTERNATIONAL EDUCATION,,0
1375031,1,"COSMAN JACKSON, ROBERT",CENTRO EDUCATIVO JOURNEY,,5
1375031,2,"JIMENEZ NOGUERA, MATIAS",LICEO SANTA CRUZ,,4
1375031,3,"CASTRO LOPEZ, GABRIEL",LAKESIDE,,4
1375031,4,"CUEVAS ARIAS, SEBASTIAN",LAKESIDE,,3
1375031,5,"DUARTE RUIZ, TAYLOR",LICEO RURAL OSTIONAL,,3
1375031,6,"ROSALES BADILLA, JOSE",27 DE ABRIL,,3
1375031,7,"MATARRITA TELLEZ, LUIS",LICEO SANTA CRUZ,,3
1375031,8,"MENA TALENO, LENNY",CTP DE SANTA CRUZ,,3
1375031,9,"VILLALOBOS CHACON, JHON",CTP DE SANTA CRUZ,,2
1375031,10,"SANCHEZ MURILLO, FABEL",27 DE ABRIL,,2
1375031,11,"MORALES GOMEZ, AKYAABIL",CTP DE SANTA CRUZ,,2
1375031,12,"KURTH DITTEL, LIAM",LICEO VILLARREAL,,2
1375031,13,"RUIZ SANDINO, RANDY",LICEO VILLARREAL,,2
1375031,14,"LOAISIGA ACUNA, STEDMAN",LICEO VILLARREAL,,1.5
1375031,15,"GOMEZ CONCEPCION, ETHAN",CTP SANTA CRUZ,,1.5
1375031,16,"ESPINOZA VARGAS, NEITHAN",CTP DE CARRILLO,,0
1375031,17,"SANCHEZ FERNANDEZ, LUIS",LA PAZ COMMUNITY SCHOOL,,0
1375032,1,"GOMEZ LARA, KEMBLY",CTP DE CARRILLO,,0
1375032,2,"BORBON GUTIERREZ, NAOMY",CTP DE SANTA BARBARA,,0
1375032,3,"GOMEZ BARRIOS, MELANY",CTP DE SANTA BARBARA,,0
1375032,4,"MORA TRANA, CAMILA",CTP DE SANTA BARBARA,,0
1375032,5,"PEREZ ARNESTO, ARLENE",CTP DE SANTA BARBARA,,0
1375032,6,"GARCIA VANLAAR, ELIZABETH",CTP DE SANTA CRUZ,,0
1375032,7,"GUEVARA ZUNIGA, KEICHELL",CTP DE SANTA CRUZ,,0
1375032,8,"FLETES GAITAN, ARLESCA",,,0
1375033,1,"BEY CHAVARRIA, TIAGO",CENTRO EDUCATIVO JOURNEY,,5
1375033,2,"VARGAS HERNANDEZ, KENDALL",LICEO SANTA CRUZ,,4
1375033,3,"MONDEJA PEREZ, MARLON",LICEO VILLARREAL,,4
1375033,4,"CASTRILLO ORTEGA, DAVID",CTP CARRILLO,,3
1375033,5,"JORDAN, TOM",CENTRO EDUCATIVO EDUCARTE,,3
1375033,6,"PEREZ GONZALEZ, KENDALL",CTP SARDINAL,,3
1375033,7,"MENA TALENO, INESTA",CTP SANTA CRUZ,,3
1375033,8,"JUNIOR TAYLOR, CRISTOPHER",LICEO VILLARREAL,,2.5
1375033,9,"BRENES ESPINOZA, JORDAN",CTP SANTA CRUZ,,2
1375033,10,"BENDANA GUIDO, ESTEBAN",LICEO RURAL OSTIONAL,,2
1375033,11,"DIAS BUSTOS, ABDIEL",LICEO VILLARREAL,,2
1375033,12,"ZAPATA VASQUEZ, RICARDO",CINDEA SARDINAL,,1.5
1375033,13,"JIMENEZ VASQUEZ, JOSE",CINDEA SARDINAL,,1
1375033,14,"LOPEZ FLORES, JOSUE",CINDEA SARDINAL,,1
1375033,15,"ANGULO VASQUEZ, LUCIANO",LAKESIDE,,0
1375033,16,"CARAVACA ROMERO, MATIAS",LAKESIDE,,0
1375033,17,"JOST ROJAS, ANDREW",CENTRO EDUCATIVO DOLPHIN,,0
1375033,18,"LEON PADILLA, STEVEN",EXPERIMENTAL BILINGUE DE SANTA CRUZ,,0
1375033,19,"MORA GOMEZ, ADRIAN",LAKESIDE,,0
1375033,20,"MURILLO VALLE, MARCOPOLO",LAKESIDE,,0
1375033,21,"PEREZ PHILLIPS, ANDRES",CENTRO DE APRENDIZAJE EDUCARTE,,0
1375033,22,"RUBIANO ZUNIGA, JOHN",CTP SANTA CRUZ,,0
1375034,1,"GRIJALBA RUIZ, ANA",CTP DE SARDINAL,,3
1375034,2,"DIAZ MONCADA, ANA",COLEGIO PLAYAS DEL COCO,,2
1375034,3,"AROCHA DE JESUS, NINA",CENTRO DE APRENDIZAJE EDUCARTE,,1
1375034,4,"CUENCA GONZALEZ, MICHELLE",CTP DE CARRILLO,,0
1375036,1,"Navarro Hernandez, Endrick",,,5
1375036,2,"Sanchez Nunez, Matias",,,3.5
1375036,3,"Cubero Mendez, Jamil",,,3
1375036,4,"Caceres Oviedo, Cay",,,3
1375036,5,"Salas Martinez, Mathias",,,3
1375036,6,"Montero Portuguez, Yeirel",,,3
1375036,7,"Alvarez Gonzalez, Edrian",,,3
1375036,8,"Zinke Vargas, Julian",,,2.5
1375036,9,"Padilla Fallas, Ian",,,2
1375036,10,"Alvarado Gomez, Neymar",,,1
1375036,11,"Bustos Mendoza, Greivin",,,1
1375037,1,"Calderon Reyes, Yadir",,,5
1375037,2,"Reyes Ramirez, Latrell",,,4
1375037,3,"Benavides Avila, Saul",,,4
1375037,4,"Vargas Juarez, Oustin",,,3
1375037,5,"Espinoza Benavides, Sebastian",,,3
1375037,6,"Bustos Gonzalez, Joshuan",,,2
1375037,7,"Varela Silvera, Bryan",,,2
1375037,8,"Vargas Juarez, Jereck",,,1
1375037,9,"Salazar Solis, Longino",,,1
1375038,1,"Marin Guevara, Mariana",,,4
1375038,2,"Garcia Mendez, Alannis",,,3
1375038,3,"Bello Chinchilla, Issie",,,2
1375038,4,"Porras Benavides, Aurora",,,1
1375038,5,"Castellon Torres, Megan",,,0
1375112,1,"ALVARADO CHACON, ELENA",Centro Educativo La Paz Community School,,
1375112,1,"LOPEZ ZANELLA, AMBAR",Centro Educativo La Paz Community School,,
1375112,1,"SANCHEZ FERNANDEZ, LUIS",Centro Educativo La Paz Community School,,
1375112,1,"VARGAS HERNANDEZ, MATHIAS",Centro Educativo La Paz Community School,,
1375112,2,"ESPINOZA GRANDA, JACOB",CTP 27 de Abril,,
1375112,2,"PATE MORA, NOAH",CTP 27 de Abril,,
1375112,2,"ROSALES PEREZ, ALVIN",CTP 27 de Abril,,
1375274,1,"Charaja Umana, Cristopher Andres",Centro Educativo Cenit,1400,4.5
1375274,2,"Hidalgo Leiva, Aaron",Fausto Guzman Calvo,1400,4
1375274,3,"Montoya Ibanez, Oscar",Santa Ana,1400,4
1375274,4,"Zamora Diaz, Gael",Ascension Esquivel Ibarra,1400,3.5
1375274,5,"Stipek Chamorro, Jindrich",Canas Dulces,1400,3
1375274,6,"Rivera Cuenca, Alexander",Santa Ana,1400,3
1375274,7,"Saxe Picado, Mateo",Corazon de Jesus,1400,3
1375274,8,"Soto Vega, Demian",Guardia,1400,3
1375274,9,"Hernandez Pena, Gabriel",Alba Ocampo Alvarado,1400,2
1375274,10,"Miranda Picado, Nathan",El Guayabo,1400,2
1375274,11,"Oses Cortes, Ezequiel",El Guayabo,1400,2
1375274,12,"Pina Rojas, Jose",Pijije,1400,2
1375274,13,"Rojas Barrantes, Jose",CBCB,1400,2
1375274,14,"Garcia Rojas, Jese",Pijije,1400,1
1375274,15,"Gutierrez Lara, Kiara",Guardia,1400,1
1375416,1,"Briceno Esquivel, Samantha",Ascension Esquivel Ibarra,,6
1375416,2,"Fonseca Marin, Nicol",Alba Ocampo Alvarado,,5
1375416,3,"Ruiz Solano, Betzabe",Marcelino Garcia Flamenco,,3.5
1375416,4,"Camareno Castro, Friga",Alba Ocampo Alvarado,,3.5
1375416,5,"Monge Pizarro, Angelica",Fausto Guzman Calvo,,1.5
1375416,6,"Chavez Moya, Fabiana",Sistema Educativo Cenit,,1
1375416,7,"Artavia Granados, Alaia",Moracia,,0.5
1375418,1,"Torres Delgado, Dereck",Isabel Brown Brown,,5
1375418,4,"Castro Alvarado, Javier",CBCB,,2
1375418,5,"Flores Delgado, Andres",Isabel Brown Brown,,1.5
1375418,6,"Duarte Santana, Eliana",Guardia,,1.5
1375418,7,"Garcia Granados, Thiago",Moracia,,1
1375422,1,"Bello Blanco, Sofia",Laboratorio John F Kennedy,1400,
1375422,1,"Picado Bonilla, Nikole",Laboratorio John F Kennedy,1400,
1375422,1,"Madrigal Diaz, Jose",Laboratorio John F Kennedy,,
1375422,1,"Martinez Luna, Alana",Laboratorio John F Kennedy,,
1375422,2,"Arias Atencio, Marcos",El Guayabo,,
1375422,2,"Cardenas Bustos, Cristian",El Guayabo,,
1375422,2,"Gudiel Miranda, Efren",El Guayabo,,
1375422,2,"Torres Rodriguez, Oliver",El Guayabo,,
1375422,3,"Bermudez Vasquez, Andres",Alba Ocampo Alvarado,,
1375422,3,"Casares Chaves, Josias",Alba Ocampo Alvarado,,
1375422,3,"Quesada Vega, Ronny",Alba Ocampo Alvarado,,
1375422,3,"Torrez Reyes, Santiago",Alba Ocampo Alvarado,,
1375422,4,"Canales Sanchez, Said",Corazon de Jesus,,
1375422,4,"Garcia Bermudez, Saul",Corazon de Jesus,,
1375422,4,"Pena Castro, Ian",Corazon de Jesus,,
1375422,4,"Sequeira Jimenez, Jake",Corazon de Jesus,,
1375422,5,"Acevedo Monge, Carlos",Guardia,,
1375422,5,"Berrocal Cordero, Santiago",Guardia,,
1375422,5,"Camareno Sanchez, Ariel",Guardia,,
1375422,5,"Vargas Pina, Emiliano",Guardia,,
1375422,6,"Arguedas Duran, David",Pijije,,
1375422,6,"Castro Gomez, Josue",Pijije,,
1375422,6,"Diaz Diaz, Wiston",Pijije,,
1375422,6,"Galo Grillo, Dereck",Pijije,,
1375422,7,"Betancourt Chaves, Gabriel",Ascension Esquivel Ibarra,,
1375422,7,"Castro Sanchez, Samuel",Ascension Esquivel Ibarra,,
1375422,7,"Castro Villarreal, Iker",Ascension Esquivel Ibarra,,
1375422,7,"Gomez Ruiz, Isaac",Ascension Esquivel Ibarra,,
1375422,7,"Ramirez Paniagua, Myriam",Ascension Esquivel Ibarra,,
1375422,8,"Liang Rodriguez, Kiara",CBCB,1400,
1375422,8,"Garcia Sanchez, Aymara",CBCB,,
1375422,8,"Sobrado Chavarria, Mateo",CBCB,,
1378829,1,"MENDEZ FERNANDEZ, DANIEL",LEONIDAS BRICENO BALTODAN,,5.5
1378829,2,"TRIGUEROS CHING, MARIO",LEONIDAS BRICENO BALTODAN,,5
1378829,3,"SOLANO QUIROS, ESTEBAN",CENTRO EDUCATIVO CATOLICO SAN AMBRO,,3.5
1378829,4,"MENDEZ MAGELINSKAITE, LEONARDO",C.E. PROF. SAÚL CÁRDENAS CUBILLO,,3
1378829,5,"GONZALEZ HERNANDEZ, AUSTIN",LEONIDAS BRICENO BALTODANO,,2
1378829,6,"RAYGADA, LEONARDO",CENTRO EDUCATIVO CATOLICO SAN AMBRO,,1.5
1378829,7,"MENA GUEVARA, DANIEL",CENTRO EDUCATIVO CLOVER HILLS EDUCA,,0.5
1378830,1,"PEREZ SANAHUJA, PIA PAULINA",C.E. PROF. SAÚL CÁRDENAS CUBILLO,,2
1378830,2,"ARROYO SIBAJA, SOFIA",C.E. PROF. SAÚL CÁRDENAS CUBILLO,,0
1378831,1,"CORDOBA MONTERO, JULIAN",SAMARA,,5
1378831,2,"MORENO AGUERO, YAEL",SAMARA,,4
1378831,3,"LOPEZ RODRIGUEZ, ELIAS CALEB",CACIQUE NICOA,,3.5
1378831,4,"GUERRERO CASTILLO, SAMANTHA",VISTA DEL MAR,,3
1378831,5,"ARAYA ZUNIGA, MARIANO",LEONIDAS BRICENO BALTODANO,,3
1378831,6,"JUAREZ SANCHUN, SEBASTIAN",CACIQUE NICOA,,2.5
1378831,7,"MENA GUEVARA, JULIAN",C.E. CLOVER HILLS,,2.5
1378831,8,"VILLEGAS RODRIGUEZ, ALEXANDER",LEONIDAS BRICENO BALTODANO,,2.5
1378831,9,"JIMENEZ CARRANZA, EHTAN",SAMARA,,2.5
1378831,10,"LORIA GARCIA, FABIAN JOSUE",CACIQUE NICOYA,,2
1378831,11,"MUNOZ MARTINEZ, JOSHUA",LEONIDAS BRICENO BALTODANO,,2
1378831,12,"BLANCO DUARTE, YEISI",CACIQUE NICOA,,1.5
1378831,13,"SANDOVAL MORALES, ROYER JESUS",C.E. PROF. SAÚL CÁRDENAS CUBILLO,,1
1378836,1,"GUZMAN AMADOR, DARIEL",CTP NANDAYURE,,5
1378836,2,"MENDEZ GOMEZ, ISAIAS",CTP NANDAYURE,,4
1378836,3,"HERNANDEZ ROSALES, YELTSIN",CENTRO EDUCATIVO CATOLICO SAN AMBRO,,3
1378836,4,"MASIS VINDAS, IAN",LICEO DE NICOYA,,3
1378836,5,"BEJARANO GOMEZ, ALEXANDER",LICEO EL CARMEN,,3
1378836,6,"TORRES MORAGA, DAVID",CENTRO EDUCATIVO CATOLICO SAN AMBRO,,3
1378836,7,"CESPEDES CASTILLO, LUCAS",CENTRO EDUCATIVO CATOLICO SAN AMBRO,,2.5
1378836,8,"MONGE CHACON, MATIAS JOSE",C.E. PROF. SAÚL CÁRDENAS CUBILLO,,2.5
1378836,9,"SANCHEZ SALAZAR, JEFFERSON",LICEO EL CARMEN,,1
1378836,10,"GARCIA ALARCON, ISABELA",CENTRO EDUCATIVO CLOVER HILLS,,1
1378836,11,"BRAIS SOTO, SEBASTIAN",LICEO EL CARMEN,,1
1378836,12,"VIVAS ARIAS, MATEO",CENTRO EDUCATIVO CLOVER HILLS,,1
1378836,13,"PEREIRA GONZALEZ, DAVID",CENTRO EDUCATIVO CLOVER HILLS,,1
1378841,1,"ARROYO ORIAS, JOSE",CTP HOJANCHA,,5
1378841,2,"CESPEDES CASTILLO, FACUNDO",CENTRO EDUCATIVO CATOLICO SAN AMBRO,,4
1378841,3,"PEREZ CHAVES, JOSUE",CTP HOJANCHA,,4
1378841,4,"JIMENEZ RODRIGUEZ, JUAN CARLOS",C.E. PROF. SAÚL CÁRDENAS CUBILLO,,3
1378841,5,"CHENG LIANG, JIAYU",CTP DE NICOYA,,3
1378841,6,"GUEVARA VASQUEZ, SEBASTIAN",CTP MANSION,,3
1378841,7,"PEREZ MORA, JARED",LICEO DE NICOYA,,3
1378841,8,"CARRILLO CASTRO, JUAN",CTP HOJANCHA,,3
1378841,9,"SOLIS CALVO, CALEB",C.E. PROF. SAÚL CÁRDENAS CUBILLO,,2.5
1378841,10,"MEDINA VILLARREAL, LEONARDO",CTP MANSION,,2.5
1378841,11,"CASTRILLO RODRIGUEZ, AARON",LICEO EL CARMEN,,2
1378841,12,"VEZZANI FERNANDEZ, LEONARDO",C.E. PROF. SAÚL CÁRDENAS CUBILLO,,2
1378841,13,"PEREZ ARIAS, SEBASTIAN",CTP HOJANCHA,,2
1378841,14,"BOGARIN CESPEDES, DAVID",CTP MANSION,,2
1378841,15,"OCAMPO HERNANDEZ, ISAAC",CTP MANSION,,2
1378841,16,"RUIZ LOPEZ, SHEYLA",CTP DE NICOYA,,1
1378841,17,"QUIROS CASTILLO, ESTEBAN",CTP HONJANCHA,,1
1379769,1,"Gonzalez Aguero, Julian Mauricio",Escuela Bilingue Sonny,,5
1379769,2,"Brenes Cabezas, Santiago Matias",Colegio Elias Leiva Quiros,,4
1379769,3,"Solano Bonilla, Julian",Escuela Bilingue Sonny,,4
1379769,4,"Tandy Orozco, Diego James",,,4
1379769,5,"Casasola Solano, Eidan Daniel",,,3.5
1379769,6,"Rivera Quesada, Dylan Mackenzie",,,3.5
1379769,7,"Mesen Aleman, Jose Daniel",,,3
1379769,8,"Jimenez Alvarez, Joseph",,,3
1379769,9,"Nercis Navas, Daniel",,,3
1379769,10,"Briceno Alvarez, Gabriel",,,3
1379769,11,"Sanchez Brenes, Eduardo Jesus",Centro Educativo Liceo Hospicio de,,2
1379769,12,"Leiva Quesada, Brandon Gabriel",,,2
1379769,13,"Mendez Urena, Victor Eduardo",,,2
1379769,14,"Aguilar Soto, Jose MArio",,,2
1379769,15,"Contreras Alfaro, Luis Felipe",,,2
1379769,16,"Gonzalez Araya, Luis Angel",,,2
1379769,17,"Brenes Rojas, Edwin Isaac",,,2
1379769,18,"Brenes Serrano, Minor David",,,2
1379769,19,"Gonzalez Calderon, Santiago",,,1
1379769,20,"Sanchez Sandoval, Tairon Yocsan",,,1
1379769,21,"Solano Campos, Ian Alonso",,,1
1379769,22,"Fuentes Quiros, Josue de Jesus",,,0
1379771,1,"Araya Sanchez, Sebastian Felipe",CTP Orosí,,
1379771,1,"Calderon Conejo, Jose Andres",CTP Orosí,,
1379771,1,"Castro Solano, Ahren Gabriel",CTP Orosí,,
1379771,1,"Fuentes Cabrera, Andy Jaziel",CTP Orosí,,
1379771,2,"Brenes Brenes, Danilo Alejandro",Colegio Elias Leiva Quiros,,
1379771,2,"Marchena Montero, Saul Ariel",Colegio Elias Leiva Quiros,,
1379771,2,"Tandy Orozco, Darien Santiago",Colegio Elias Leiva Quiros,,
1379771,2,"Zuniga Serrano, Dayonel Anthuan",Colegio Elias Leiva Quiros,,
1379771,3,"Barrantes Torres, Isaac Aaron",CTP Dulce Nombre A,,
1379771,3,"Brenes Araya, Jose Antonio",CTP Dulce Nombre A,,
1379771,3,"Brenes Rojas, Sebastian",CTP Dulce Nombre A,,
1379771,3,"Castro Romero, Cristian Manuel",CTP Dulce Nombre A,,
1379771,3,"Gonzalez Valverde, Alessandro",CTP Dulce Nombre A,,
1379771,4,"Cambronero Vega, Gabriel",Liceo de Paraiso,,
1379771,4,"Chacon Mirault, Jonathan",Liceo de Paraiso,,
1379771,4,"Loaiza Peña, Alessandro Jose",Liceo de Paraiso,,
1379771,4,"Solano Chaves, Josue Alejrandro",Liceo de Paraiso,,
1379771,5,"Jimenez Nunez, Miguel Angel",Liceo San Nicolas de Tolentino,,
1379771,5,"Navarro Gonzalez, Angel Fabricio",Liceo San Nicolas de Tolentino,,
1379771,5,"Rios Vasquez, Maxell Dario",Liceo San Nicolas de Tolentino,,
1379771,5,"Tuberquia Naranjo, Daniel Andrey",Liceo San Nicolas de Tolentino,,
1379771,6,"Araya Rodriguez, Luis Andres",Liceo Manuel Emilio Rodriguez,,
1379771,6,"Jimenez Mora, Jeff Steven",Liceo Manuel Emilio Rodriguez,,
1379771,6,"Orozco Ramirez, Pablo",Liceo Manuel Emilio Rodriguez,,
1379771,6,"Zuniga Sojo, Kaleb Alejandro",Liceo Manuel Emilio Rodriguez,,
1379771,7,"Loria Sanchez, Jose Andre",CTP Pacayas,,
1379771,7,"Quiros Varela, Sebastian",CTP Pacayas,,
1379771,7,"Varela Ramirez, Dereck",CTP Pacayas,,
1379773,1,"Hernandez Jimenez, Tania Isabel",Centro Educativo Liceo Hospicio de,,5
1379773,2,"Valderramos Solano, Ashly Victoria",Colegio San Luis,,4
1379773,3,"Navarro Jarquin, Kashel Oriana",Tolentino,,3
1379773,4,"Fonseca Vargas, Daniela Lucia",,,3
1379773,5,"Morales Guzman, Sofia",,,3
1379773,6,"Gomez Naranjo, Valeria Maria",,,3
1379773,7,"Camacho Cerdas, Dana Daniela",,,2
1379773,8,"Aguero Brenes, Abigail Esther",,,1
1379773,9,"Sandoval Martinez, Daniela",,,1
1379785,1,"Gonzalez Marin, Dilan Adriel",CTP de Dulce Nombre,,3
1379785,2,"Tenorio Zuniga, Jonatan Matias",CTP de Dulce Nombre,,3
1379785,3,"Montezuma García, Alexis",Liceo de Paraiso,,2
1379785,4,"Obando Leiton, Andrey David",Colegio Vocacional de artes y ofici,,1
1379785,5,"Ramirez Alvarado, Sebastian",Liceo de Tobosi,,1
1379822,1,"Alvarado Araya, Keylor",Liceo de Paraiso,,
1379822,1,"Brenes Chaverri, Santiago",Liceo de Paraiso,,
1379822,1,"Cortes Vega, Fabian",Liceo de Paraiso,,
1379822,1,"Guevara Pilarte, Zaid",Liceo de Paraiso,,
1379822,2,"Alvarado Torres, Iker Julian",CTP Orosi,,
1379822,2,"Gomez Martinez, Josias Eduardo",CTP Orosi,,
1379822,2,"Ortega Jimenez, Carolina",CTP Orosi,,
1379822,2,"Solano Serrano, Ian Alonso",CTP Orosi,,
1379822,2,"Torres Vega, Isaias Jesus",CTP Orosi,,
1379822,3,"Calvo Tenorio, Emilio",CTP Dulce Nombre A,,
1379822,3,"Jimenez Hernandez, Isaac Josue",CTP Dulce Nombre A,,
1379822,3,"Murillo Calvo, Mathias",CTP Dulce Nombre A,,
1379822,3,"Ramirez Alvarez, Alonso",CTP Dulce Nombre A,,
1379822,4,"Amador Gonzalez, Julian Andres",CTP Dulce Nombre B,,
1379822,4,"Campos Calvo, Abigail",CTP Dulce Nombre B,,
1379822,4,"Mendez Quesada, Jimena",CTP Dulce Nombre B,,
1379843,1,"Zuniga Bedoya, Matias",Liceo Vivente Lachner Sandoval,,4
1379843,2,"Barrantes Nunez, Pablo Matias",Colegio San Luis Gonzaga,,4
1379843,3,"Cordero Mendez, Emmanuel",Centro Educativo Liceo Hospicio de,,4
1379843,4,"Granados Garcia, Dennis Alberto",,,4
1379843,5,"Paniagua Brenes, Vincent Joel",,,3.5
1379843,6,"Retana Mora, Yeikel Andrey",,,3
1379843,7,"Selles Salazar, Madison Zaith",,,3
1379843,8,"Valerin Cortes, Allan Sebastian",,,3
1379843,9,"Ramirez Coto, Gerald Isaac",,,2.5
1379843,10,"Calderon Ruiz, Sebastian",Colegio Seráfico San Francisco,,2.5
1379843,11,"Arias Marin, Jose Angel",Colegio Seráfico San Francisco,,2
1379843,12,"Hernandez Salas, Lucas",,,2
1379843,13,"Quesada Peraza, Deyler Jesus",,,2
1379843,14,"Chaves Solis, Moises Leonardo",,,2
1379843,15,"Fernandez Quesada, Juan Pablo",,,1.5
1379843,16,"Abarca Anchia, Gael Damian",,,1
1379843,17,"Morales Mora, Neyshan Jariel",,,1
1379843,18,"Garcia Raudez, Rider Mauricio",,,0
1379843,19,"Rodriguez Castro, Jose Daniel",,,0
1379843,20,"Solano Brenes, Santiago Alexander",,,0
1379848,1,"Meza Quesada, Alana",CTP Dulce Nombre,,5
1379848,2,"Leiton Martinez, Emiliana",Liceo Jose Figueres Ferrer,,4
1379848,3,"Mata Arce, Sarah Lucia",CRP de Pacayas,,3
1379848,4,"Borge Araya, Ariela Dayana",,,2.5
1379848,5,"Trana Serrano, Valeska Sthefania",,,2.5
1379848,6,"Vindas Chinchilla, Clara Nicole",,,2
1379848,7,"Retana Corrales, Ivonn",,,1
1380086,1,"ARAYA, MARTINEZ SAMUEL",ANTONIO OBANDO ESPINOZA,,4.5
1380086,2,"ROSALES, RODRIGUEZ SAMUEL",CENTRO EDUCATIVO EULOGIO LÓPEZ OBAN,,3.5
1380086,3,"MURILLO, FERNANDEZ DAVID JOSE",JOSÉ MARÍA CALDERÓN,,3
1380086,4,"SANCHO, ROJAS HECTOR FABIAN",JOSÉ MARÍA CALDERÓN,,2
1380086,5,"APUY, VALVERDE JULIAN",CENTRO EDUCATIVO EULOGIO LÓPEZ OBAN,,2
1380086,6,"CORDERO, PEREZ DEIBY",SAN JUAN CHIQUITO,,0
1380088,1,"CHAN, MEJIAS DOUGLAS STEPHEN",DELIA OVIEDO DE ACUÑA,1437,5
1380088,2,"ARAYA, MARTINEZ SANTIAGO",ANTONIO OBANDO ESPINOZA,,4
1380088,3,"ULATE, BARRANTES JOSE JESUS",JOSÉ MARÍA CALDERÓN,,3
1380088,4,"ARCE, UGALDE EVANS DAVID",BELLO HORIZONTE,,3
1380088,5,"CALVO, MATARRITA SANTIAGO",LIMONAL,,2.5
1380088,6,"RAMIREZ, GUTIERREZ CRISTOPHER DAVID",DELIA OVIEDO DE ACUÑA,,2.5
1380088,7,"LACAYO, ARAYA SANTIAGO",CENTRO EDUCATIVO EULOGIO LÓPEZ OBAN,,2
1380088,8,"GAMBOA, ALVARADO JOEL ANDREY",BELLO HORIZONTE,,2
1380088,9,"SOLANO, PEREZ ALEXIS SANTIAGO",CENTRO EDUCATIVO EULOGIO LÓPEZ OBAN,,1
1380088,10,"VARGAS, VALVERDE CESAR",SAN JUAN CHIQUITO,,0
1380090,1,"CASTRO, MENDEZ ARIEL",CTP ABANGARES,,5
1380090,2,"FENG, WU ANTONY",CENTRO EDUCATIVO EULOGIO LÓPEZ OBAN,,4
1380090,3,"BERMUDEZ, MONTERO CESAR ARMANDO",LICEO DE COLORADO,,3
1380090,4,"RODRIGUEZ, MENA IAN ANTONIO",LICEO MAURILIO ALVARADO VARGAS,,3
1380090,5,"ORDOÑEZ, BRICEÑO MATTIAS",LICEO MIGUEL ARAYA VENEGAS,,3
1380090,6,"QUIROS, GONZALEZ ANGEL DAVID",LICEO DE COLORADO,,3
1380090,7,"ALVAREZ, MARIN JHOEL ANTONIO",C.T.P. TRONADORA,,3
1380090,8,"MORERA, MATARRITA LUIS",CTP ABANGARES,,3
1380090,9,"OCHOA, ARCE ANTONY JOSEP",C.T.P. TRONADORA,,2.5
1380090,10,"PEREZ, PORRAS MATIAS JOSUE",LICEO DE COLORADO,,2
1380090,11,"ALVAREZ, COLLADO GUILLERMO IGNACIO",CENTRO EDUCATIVO EULOGIO LÓPEZ OBAN,,2
1380090,12,"QUESADA, ARGUEDAS SEBASTIAN RAFAEL",C.T.P. DE CAÑAS,,2
1380090,13,"ARIAS, BERMUDEZ GAEL JAREK",LICEO MIGUEL ARAYA VENEGAS,,2
1380090,14,"VARGAS, MIRANDA BREIDAN JOSUE",LICEO RURAL CABECERAS,,1.5
1380090,15,"REVELO, WONG CAMILO",LICEO DE COLORADO,,1
1380092,1,"ALVARADO, VARGAS ANGIE",CECELO,1411,3
1380092,2,"LOPEZ, GUEVARA ELINA MARIANA",CENTRO EDUCATIVO EULOGIO LÓPEZ OBAN,,2
1380092,3,"DURAN, TORRES MARIA PAULA",C.T.P. TRONADORA,,1
1380092,4,"CHAVES, CHAVES PAMELA MARGARITA",LICEO MAURILIO ALVARADO VARGAS,,0
1380093,1,"SIBAJA, BRENES ELIAS JOSE",CENTRO EDUCATIVO EULOGIO LÓPEZ OBAN,,4.5
1380093,2,"PEREZ, CARVAJAL SAMUEL ENRIQUE",LICEO MAURILIO ALVARADO VARGAS,,4
1380093,3,"MURILLO, LOPEZ SEBASTIAN",LICEO MIGUEL ARAYA VENEGAS,,3
1380093,4,"LOPEZ, CHAVES IAN DAVID",CENTRO EDUCATIVO EULOGIO LÓPEZ OBAN,,2
1380093,5,"JIMENEZ, FUENTES JENNIER DANIEL",LICEO MAURILIO ALVARADO VARGAS,,1.5
1380093,6,"MEDRANO, SALGUERA ADIEL JOSUE",LICEO MIGUEL ARAYA VENEGAS,,0
1380094,1,"VEGA, MONTALBAN SOFIA",LICEO MAURILIO ALVARADO VARGAS,,1
1380094,2,"MADRIGAL, NUÑEZ ANDREA",LICEO MIGUEL ARAYA VENEGAS,,1
1380162,1,"Esquivel Silva, Amanda",Los Ángeles,,3
1380162,2,"Coronel Ramirez, Melany",Goicoechea,,1
1380162,3,"Mata Garcia, Ainhoa Yacsu",Quebradilla,,1
1380182,1,"Esquivel Galan, Inti",Escuela Billingue Sonny,1543,5
1380182,2,"Villalobos Garcia, Felipe",Juan Ramírez Ramírez,1484,4
1380182,3,"Dittel Brenes, Samuel",Los Ángeles,1418,3
1380182,4,"Leon Sanabria, Sandro Javier",Eugenio Corrales Bianchini,1400,3
1380182,5,"Alfaro Calderon, Josue",Centro Educativo Billingue MC,,3
1380182,6,"Diaz Murillo, Johan",Guayabal,,3
1380182,7,"Munoz Moya, Salomon Isai",Ascensión Esquivel Ibarra,1400,3
1380182,8,"Coto Garcia, Miguel Angel",Guayabal,,2.5
1380182,9,"Astua Sanabria, Luis Daniel",Eugenio Corrales Bianchini,1400,2
1380182,10,"Redondo Ruiz, Jose Gael",Monseñor Sanabria Martínez,,2
1380182,11,"Moya Pineda, Marcelo",Centro Educativo Semillas,,2
1380182,12,"Cordoba Abarca, Thiago Francisco",Cocorí,,1.5
1380182,13,"Barrera Marin, Ismael",Escuela Billingue Sonny,,1
1380183,1,"Moya Cubero, Amanda",Monseñor Sanabria Martinez,,
1380183,1,"Nunez Aguilar, Michelle",Monseñor Sanabria Martinez,,
1380183,1,"Nunez Aguilar, Samantha",Monseñor Sanabria Martinez,,
1380183,2,"Perez Fonseca, Ashley de los Angeles",Jose Liendo y Goicoechea,,
1380183,2,"Picado Alegria, Mariam",Jose Liendo y Goicoechea,,
1380183,2,"Serrano Guzman, Elena Victoria",Jose Liendo y Goicoechea,,
1380183,2,"Vargas Sandoval, Luna",Jose Liendo y Goicoechea,,
1380185,1,"Marin Zuniga, Mathias Saul",Monseñor Sanabria Martinez,,
1380185,1,"Picado Guzman, Zahir Mateo",Monseñor Sanabria Martinez,,
1380185,1,"Portuguez Ulloa, Matthew Gael",Monseñor Sanabria Martinez,,
1380185,1,"Serrano Quiros, Daikel Akil",Monseñor Sanabria Martinez,,
1380185,2,"Abarca Fuentes, Mathew",Filadelfo Salas Cespedes,,
1380185,2,"Avendano Vargas, Zaid",Filadelfo Salas Cespedes,,
1380185,2,"Redondo Rivera, Francisco Josue",Filadelfo Salas Cespedes,,
1380185,3,"Madriz Serrano, Roberth Felipe",Jose Liendo y Goicoechea,,
1380185,3,"Marin Madriz, Saul",Jose Liendo y Goicoechea,,
1380185,3,"Meza Galeano, Gabriel",Jose Liendo y Goicoechea,,
1380186,1,"Villalobos Garcia, Fabricio",Juan Ramirez Ramirez,1561,5
1380186,2,"Acuna Porras, Fabio",Colegio Miravalle Bilingue,,4
1380186,3,"Gomez Barahona, Diego Alonso",Los Ángeles,1486,4
1380186,4,"Meza Mora, Matias Gabriel",Filadelfo Salas Cespedes,1463,4
1380186,5,"Navarro Abarca, Felipe",Escuela Jardín de Niños Antoniano,1408,4
1380186,6,"Chacon Aguilar, Saul",Villas de Ayarco,1400,3.5
1380186,7,"Amador Lemus, Eliseo Andres",Fernando Teran Valls,,3
1380186,8,"Amador Lemus, Efrain Gabriel",Fernando Teran Valls,,3
1380186,9,"Segura Monge, Gabriel",Escuela Bilingue Sonny,1400,3
1380186,10,"Jimenez Calderon, Marcelo",Ascensión Esquivel Ibarra,,3
1380186,11,"Ramirez Diaz, Ismael",Domingo Faustino Sarmiento,,3
1380186,12,"Vargas Soto, Kaleb Joel",San Ignacio de Loyola,1400,3
1380186,13,"Baron Viquez, Nicolas",Escuela Bilingue Sonny,1400,2.5
1380186,14,"Vargas Soto, Oscar Zahir",San Ignacio de Loyola,1400,2.5
1380186,15,"Araya Zuniga, David Alexander",Eugenio Corrales Bianchini,,2
1380186,16,"Cespedes Aguilar, Saul Jose",Monseñor Sanabria Martinez,,2
1380186,17,"Barquero Picado, Santiago",José Liendo,,2
1380186,18,"Madriz Serrano, Olman Francisco",José Liendo,1400,2
1380186,19,"Ramirez Castillo, Jahel Nathan",Cocorí,,2
1380186,20,"Arias Arguedas, Lucas Alberto",Villas de Ayarco,,1.5
1380186,21,"Brenes Rojas, Luis Gonzalo",La Guaria,,1.5
1380186,22,"Ramirez Jimenez, Ivan Jafeth",Quebradilla,,1.5
1380186,23,"Flores Chunningham, Samuel Esteban",Centro Educativo San Felipe Neri,,1.5
1380186,24,"Fonseca Redondo, Samuel",Centro Educativo San Felipe Neri,,1.5
1380186,25,"Marin Perez, Mariano Andres",Jesus Jimenez,,0.5
1380186,26,"Contreras Cordero, Andres",La Pitahaya,,0.5
1380186,27,"Orozco Vega, Liam Josue",Emilio Robert Brouca,,0
1380189,1,"Segura Villavicencia, Angela Maria",Ricardo Jimenez Oreamuno,,4.5
1380189,2,"Moya Cubero, Ana Valeria",Monseñor Sanabria,,4
1380189,3,"Clavera Cruz, Zoe",Padre Peralta,,4
1380189,4,"Acuna Porras, Ariana",Colegio Miravalle Bilingue,1565,3.5
1380189,5,"Brenes Vargas, Leyre Celeste",Fernando Teran Valls,,3.5
1380189,6,"Cordero Perez, Angie Roxana",Carlos Luis Valverde Vega,1400,3
1380189,7,"Munoz Moya, Ilana Zirel",Ascensión Esquivel Ibarra,,2.5
1380189,8,"Saborio Soto, Samantha Sofia",San Ignacio de Loyola,,2.5
1380189,9,"Tames Mejia, Iara Yevette",Rescate de Ujarrás,,2.5
1380189,10,"Aguilar Urena, Celeste",Villas de Ayarco,1400,2
1380189,11,"Siles Calderon, Emma Sofia",Monseñor Sanabria Matinez,,2
1380189,12,"Obando Rodriguez, Eva",Domingo Faustino Sarmiento,,2
1380189,13,"Picado Calderon, Maria Paula",Guayabal,,2
1380189,14,"Bermudez Coto, Maria Pia",Los Ángeles,,1
1380189,15,"Jimenez Obando, Maria Celeste",Goicoechea,,1
1380189,16,"Pemberton Villalobos, Alexa Sofia",San Ignacio de Loyola,,0
1380196,1,"Calderon Brenes, Isaac Mauricio",Padre Peralta,,
1380196,1,"Chaves Cortes, Lucio Ezequiel",Padre Peralta,,
1380196,1,"Loria Schnitzler, Marcelo",Padre Peralta,,
1380196,1,"Ovares Arce, Danny Matias",Padre Peralta,,
1380196,2,"Guillen Gomez, Nicolas",Monseñor Sanabria Martínez,1400,
1380196,2,"Marin Pacheco, Jeykel Andres",Monseñor Sanabria Martínez,,
1380196,2,"Palma Gonzalez, Lucas Ariel",Monseñor Sanabria Martínez,,
1380196,2,"Silva Camacho, Sebastian",Monseñor Sanabria Martínez,,
1380196,3,"Campos Ortiz, Nicolas",Centro Educativo San Felipe Neri,1400,
1380196,3,"Monge Leiva, Santiago",Centro Educativo San Felipe Neri,,
1380196,3,"Navarro Porras, Iann Carlo",Centro Educativo San Felipe Neri,,
1380196,3,"Quesada Coto, Gabriel",Centro Educativo San Felipe Neri,,
1380196,3,"Sequeira Alvarado, Samuel David",Centro Educativo San Felipe Neri,,
1380196,4,"Sibaja Murillo, Mateo Daniel",Guayabal,1400,
1380196,4,"Fernandez Fernandez, Keyleth Jesus",Guayabal,,
1380196,4,"Fernandez Fernandez, Samuel Andres",Guayabal,,
1380196,4,"Martinez Aguirre, Maikel Noe",Guayabal,,
1380196,5,"Gomez Lobo, Juan Miguel",Ricardo Jiménez Oreamuno,,
1380196,5,"Maroto Vargas, Fabiola de los Angeles",Ricardo Jiménez Oreamuno,,
1380196,5,"Mata Umaña, Luciana",Ricardo Jiménez Oreamuno,,
1380420,1,"MOYA, VARELA AGUSTIN",LA RIVIERA,,5
1380420,2,"GAMBOA, BENAVIDES ELIAS",LA RIVIERA,,4
1380420,3,"MONCADA, ALVAREZ ISAAC",JOSÉ MARÍA ZELEDÓN BRENES,,2
1380420,4,"PEREZ, FALLAS BENJAMIN",DELIA URBINA DE GUEVARA,,2
1380420,5,"ALVAREZ, MEJIA CARLOS ANDRES",EL MOJÓN,,1.5
1380420,6,"PALMA, CAMACHO LUCAS",JOSE MARIA ZELEDON,,0.5
1380422,1,"SILVA, MOLINA MARIA ALEXANDRA",La Riviera,,2
1380422,2,"QUIROS, MADRIGAL JIMENA DAYARA",EL MOJÓN,,1
1380422,3,"LEON, MORALES ALAINA ANDREA",LA RIVERA,,0
1380423,1,"ROJAS, ALVAREZ DENILSON FERNANDO",DELIA URBINA DE GUEVARA,,5
1380423,2,"GUTIERREZ, VARELA BASTIAN RAFAEL",COUNTRYSIDE ACADEMY,,4
1380423,3,"LEITON, NARANJO THIAGO",CENTRO EDUCATIVO BILINGÜE SUNNY SID,,4
1380423,4,"MORERA, RUIZSEBASTIAN",SAN ISIDRO,,3
1380423,5,"ESCOBAR, ROJAS ISAIAS EDUARDO",COUNTRYSIDE ACADEMY,,3
1380423,6,"ALVAREZ L, CASTILLO ZADKIE",JOSE MARIA ZELEDON,,3
1380423,7,"CORTEZ, CABEZAS SNAYDER",EL MOJON,,3
1380423,8,"HERNANDEZ, MORA SANTIAGO",EL ROBLE,,2.5
1380423,9,"RIVAS, MEDINA ITHAN",MARAYONAL,,2
1380423,10,"BATISTA, AGUIRRE GARRETH",EL ROBLE,,2
1380423,11,"FRANCO, AGUERO NATANAEL DAVID",JOSÉ JOAQUÍN MORA PORRAS,,2
1380423,12,"GONZALEZ, ALVAREZ KAY",LA RIVIERA,,2
1380423,13,"GOMEZ, JIMENEZ SEBASTIAN DAVID",SAN ISIDRO,,1.5
1380423,14,"SOSA, MALUEÑOS JASON MATHIAS",LA RIVIERA,,1.5
1380423,15,"FERNANDEZ, CASTRILLO MARCO ANTONIO",EL MOJÓN,,1
1380423,16,"RODRIGUEZ, GUZMAN OSCAR ALEXANDER",DELIA URBINA DE GUEVARA,,0.5
1380424,1,"ORTEGA, RAMIREZ EMILY SOFIA",EL MOJÓN,,3
1380424,2,"TRIPOVICH, ZUÑIGA SOFIA DANEYSHA",DELIA URBINA DE GUEVARA,,2
1380424,3,"SOSA, CERDAS MARIANGEL",EL MOJÓN,,2
1380424,4,"REYES, MOYA MARISSA",DELIA URBINA DE GUEVARA,,1
1380424,5,"FIGUEROA, OBANDO ZURY PAOLA",LA RIVIERA,,0
1380430,1,"RODRIGUEZ SALAZAR, VICTORIA",CECELO,,2
1380430,2,"ESPINOZA ACHIO, SOFIA",LOS ANGELES,,0
1381826,1,"MONTOYA, VILLALOBOS ESTEBAN ANDRES",ESCUELA ANGLO AMERICANA-COLEGIO ANG,,4
1381826,2,"ABARCA, ARGUETA ISAAC GABRIEL",COLEGIO MADRE DEL DIVINO PASTOR,,4
1381826,3,"NAVAS, ZUÑIGA ALEXANDER",CENTRO EDUCATIVO CRESTON SCHOOL,,3.5
1381826,4,"CASTRO, PANIAGUA FABRICIO",COLEGIO SAINT FRANCIS,,3
1381826,5,"CAMBRONERO, FUENTES JULIAN",MONTERREY VARGAS ARAYA,,3
1381826,6,"ARTAVIA, MORA MARIANO",CENTRO EDUCATIVO CRESTON SCHOOL,,2.5
1381826,7,"CRUZ, SANABRIA MATEO",SAN RAFAEL,,2
1381826,8,"SOLEY, JIMENEZ FELIPE",CENTRO BILINGÜE EDUCATIVO AMADITA,,2
1381826,9,"MULLAN, REYES CILLIAN",COLEGIO METODISTA,,1
1381865,1,"HERRERA, CORDOBA CALA",COLEGIO MADRE DEL DIVINO PASTOR,,5
1381865,2,"ACUÑA, MORA SARA",LABORATORIO U.C.R.,,4
1381865,3,"ROJAS, RUEDA AMANDA GABRIEL",COLEGIO SAINT FRANCIS,,3.5
1381865,4,"VASQUEZ, PARREAGUIRRE LUCIANA",JESÚS JIMÉNEZ ZAMORA,,3
1381865,5,"SALAZAR, HERNANDEZ ALYSON",MANUEL MARÍA GUTIÉRREZ ZAMORA,,3
1381865,6,"MADRIGAL, RAPSON FABIANA",I.E.G.B. AMÉRICA CENTRAL,,2.5
1381865,7,"ARGUEDAS, BOLAÑOS MONICA VICTORIA",FRANKLIN DELANO ROOSEVELT,,2.5
1381865,8,"CARBALLO, MORALES CATALINA DEL SOL",PÍO XII,,2
1381865,9,"CHINCHILLA, CASTRO LUCIANA",SAINT ANTHONY SCHOOL-SAINT ANTHONY,,2
1381865,10,"DELGADO, MONTERO BRENDA SELENI",SAN RAFAEL,,1.5
1381865,11,"GONZALEZ, BRICEÑO ABRIL",JESÚS JIMÉNEZ ZAMORA,,1
1381868,1,"VALVERDE, FERNANDEZ AMALIA",COLEGIO SAINT FRANCIS,,3
1381868,2,"SALAZAR, ESPINOZA MARIANGEL",COLEGIO TERESIANO SAN ENRIQUE DE OS,,2
1381868,3,"ULLOA, TAPIA SARA BEATRIZ",COLEGIO SAINT FRANCIS,,1
1381868,4,"WABE, RAMIREZ AMANDA",I.E.G.B. AMÉRICA CENTRAL,,0
1381889,1,"PEREZ, AMADOR SEBASTIAN ALBERTO",,,5
1381889,2,"CHAVES, SOLANO ALONSO",SISTEMA EDUCATIVO SAINT CLARE,,4
1381889,3,"MONTOYA, VILLALOBOS DANIEL ALFONSO",ESCUELA ANGLO AMERICANA-COLEGIO ANG,,4
1381889,4,"ARAYA, THIAGO",,,4
1381889,5,"RODRIGUEZ, CUBILLO LUIS ALONSO",,,4
1381889,6,"ESQUIVEL, CALDERON LEANDRO",CEDROS,,3.5
1381889,7,"CASTRO, PANIAGUA SEBASTIAN",COLEGIO SAINT FRANCIS,,3
1381889,8,"HENAO, JULIAN",,,3
1381889,9,"ALPIZAR, QUIJANO SEBASTIAN",SAINT ANTHONY SCHOOL-SAINT ANTHONY,,3
1381889,10,"ARRIETA, MADRIGAL ASRIEL SAMUEL",MONTERREY VARGAS ARAYA,,3
1381889,11,"QUESADA, FABIAN",,,3
1381889,12,"SALAZAR, ESPINOZA GABRIEL",COLEGIO TERESIANO SAN ENRIQUE DE OS,,3
1381889,13,"UMANA, MONTERO LUIS GABRIEL",,,2.5
1381889,14,"DIAZ, MARTINEZ TOMAS",COLEGIO MADRE DEL DIVINO PASTOR,,2.5
1381889,15,"CHAVARRIA, SOTELA NATHAN JOEL",LA ISLA,,2.5
1381889,16,"TENORIO, ZUÑIGA ISAAC JOSUE",,,2.5
1381889,17,"HERNANDEZ MORALES, JOSEPH DAVID",,,2
1381889,18,"MOLINA, MORA MATIAS",COLEGIO SAINT FRANCIS,,2
1381889,19,"QUESADA, GARCIA SANTIAGO",COLEGIO TERESIANO SAN ENRIQUE DE OS,,2
1381889,20,"SANCHO, LOPEZ BENJAMIN",JESÚS JIMÉNEZ ZAMORA,,2
1381889,21,"ACUÑA, MORA SAUL",LABORATORIO U.C.R.,,2
1381889,22,"RODRIGUEZ, HERNANDEZ JOSUE",,,2
1381889,23,"DAVILA FUNES, AARON MAURICIO",,,1.5
1381889,24,"CERDAS, QUESADA EVANS JARED",PORFIRIO BRENES CASTRO,,1
1381889,25,"PEREZ, LOPEZ NOAH ALEXANDER",JESÚS JIMÉNEZ ZAMORA,,1
1381889,26,"MARIN, RAMIREZ LAURENT JAREL",MONTERREY VARGAS ARAYA,,1
1381889,27,"MORALES, FLAMENCO SANTIAGO",,,1
1381909,1,"Chavarria Masis, Astrid",Sun View Elementary,,5
1381909,2,"Vaughan Jimenez, Natalie Samantha",Liceo Hernan Zamora,,4
1381909,3,"Picado Chaves, Luciana Maria",COLEGIO SAINT FRANCIS,,2.5
1381909,4,"Ramirez Valverde, Michelle Aurora",COLEGIO BILINGÜE ENRIQUE MALAVASSI,,2
1381909,5,"Acuna Mora, Sofia",LICEO LABORATORIO EMMA GAMBOA UCR,,1
1381909,6,"Porras Rois, Nayuribe",COLEGIO TERESIANO SAN ENRIQUE DE OS,,0.5
1381929,1,"Garcia Mendez, Julian",COLEGIO BILINGÜE ENRIQUE MALAVASSI,,5
1381929,2,"Rodriguez Navarro, Isaac",COLEGIO MADRE DEL DIVINO PASTOR,,4
1381929,3,"Rodriguez Richmond, Eithan Dariel",LICEO ANASTASIO ALFARO,,3
1381929,4,"Lopez Escalante, Adrian Alejandro",SISTEMA EDUCATIVO SAINT CLARE,,3
1381929,5,"Salazar Espinoza, Mauricio",COLEGIO TERESIANO SAN ENRIQUE DE OS,,2
1381929,6,"Castillo Salazar, Eydan",COLEGIO BILINGÜE ENRIQUE MALAVASSI,,2
1381929,7,"Ramirez Rodriguez, Ignacio",SISTEMA EDUCATIVO SAINT CLARE,,2
1381929,8,"Rodriguez Navarro, Aaron",COLEGIO MADRE DEL DIVINO PASTOR,,1.5
1381929,9,"Jimenez Chavez, Isaac",CTP Avelardo Bonilla,,1.5
1381929,10,"Robles Mora, Gabriel Alejandro",LICEO ANASTASIO ALFARO,,1
1381933,1,"Castro Campos, Alana Patricia",LICEO ANASTASIO ALFARO,,5
1381933,2,"Alvarado Wiciak, Ana Luisa",KAMUK SCHOOL,,4
1381933,3,"Huang Sanders, Ariela Maria",LICEO JOSÉ JOAQUÍN VARGAS CALVO,,3
1381933,4,"Porras Rois, Iztaru",COLEGIO TERESIANO SAN ENRIQUE DE OS,,2.5
1381933,5,"Mendez Lopez, Nadeska Felicia",Liceo Jose Joaquin Vargas Calvo,,2
1381933,6,"Chaves Mora, Sophia",Liceo Anastasio Alfaro,,2
1381933,7,"Solano Munoz, Stephanie Ariadna",COLEGIO BILINGÜE ENRIQUE MALAVASSI,,1.5
1381948,1,"Gonzalez Perez, Osvaldo Andres",EXPERIMENTAL BILINGÜE LA TRINIDAD,,4.5
1381948,2,"Ortega Canisales, Aaeden Josue",LICEO LABORATORIO EMMA GAMBOA UCR,,4.5
1381948,3,"Hidalgo Mendez, Emilio",SAINT ANTHONY SCHOOL-SAINT ANTHONY,,4
1381948,4,"Soto Sandi, Fabian",EXPERIMENTAL BILINGÜE LA TRINIDAD,,4
1381948,5,"Solano Barrantes, Roberto",Liceo Jose Joaquin Vargas Calvo,,3
1381948,6,"Rodriguez Castro, Han Nahum",LICEO NAPOLEÓN QUESADA SALAZAR,,3
1381948,7,"Vega Gonzalez, Jeremy",Liceo Jose Joaquin Vargas Calvo,,3
1381948,8,"Solano Mendez, Santiago Andrey",LICEO ANASTASIO ALFARO,,3
1381948,9,"Navas Pereira, Eduardo Kane",COLEGIO ISAAC MARTIN,,2.5
1381948,10,"Solano Alfaro, Marias Andres",LICEO ANASTASIO ALFARO,,2.5
1381948,11,"Liang Feng, Feng Edwin",COLEGIO CEDROS,,2
1381948,12,"Perez Rojas, Nicolas",LICEO LABORATORIO EMMA GAMBOA UCR,,2
1381948,13,"Barrantes Alfaro, Nicoalt",COLEGIO BILINGÜE ENRIQUE MALAVASSI,,2
1381948,14,"Polini Calderon, Santiago",COLEGIO SAINT FRANCIS,,2
1381948,15,"Aleman Lopez, Joshuar Mauricio",COLEGIO CEDROS,,2
1381948,16,"Quesada Lachner, Matias",COLEGIO BILINGÜE ENRIQUE MALAVASSI,,2
1381948,17,"Diaz Herrera, Troy Miguel",LICEO NAPOLEÓN QUESADA SALAZAR,,1
1381948,18,"Porras Rois, Eduardo",COLEGIO TERESIANO SAN ENRIQUE DE OS,,1
1381948,19,"Soto Wittmann, Ernesto",COLEGIO SAINT FRANCIS,,1
1381975,1,"Guevara Vargas, Alondra de Los Angeles",LICEO ANASTASIO ALFARO,,1
1381975,2,"Cruz Lara, Sharon Jimena",LICEO ANASTASIO ALFARO,,1
1384310,1,"BENAVIDES, NUÑEZ SEBASTIAN HAZIEL",LA GUARIA,,4
1384310,2,"CORDERO, NUÑEZ THIAGO GAEL",MONSEÑOR JUAN VICENTE SOLÍS FERNÁND,,4
1384310,3,"LEON, ROSALES ISAAC DAVID",UNIDAD PEDAGÓGICA SAN FRANCISCO,,3
1384310,4,"VILLALOBOS, CAMBRONERO VICTOR EMILIANO",LABORATORIO,,3
1384310,5,"VILLALOBOS, PEREIRA NICOLAS",COLEGIO BILINGÜE SAN RAMÓN,,3
1384310,6,"MIRANDA, VALVERDE VICTOR SANTIAGO",COLEGIO BILINGÜE SAN RAMÓN,,2.5
1384310,7,"CUBERO, PALMA EZEQUIEL",EL CRUCE DE CIRRÍ,,2.5
1384310,8,"CHAVARRIA, CAMPOS MATEO",RIO GRANDE,,2
1384310,9,"MARIN, RODRIGUEZ ALDO",SARCHÍ NORTE,,1
1384310,10,"ALFARO, ULLOA ALEJANDRO JOSE",CENTRO EDUCATIVO NBS,,0
1384310,11,"SOTO, MIRANDA JHON",ÁLVARO TERÁN SECO,,0
1384310,12,"VIQUEZ, BENAVIDES JOSE EMILIANO",CENTRO EDUCATIVO NBS,,0
1384312,1,"CORDERO, ROJAS EVA",SANTIAGO CRESPO CALVO,,4
1384312,2,"ARAYA, SANCHEZ ISHBELL",LA GUARIA,,3
1384312,3,"LORIA, FERNANDEZ MARIA CLARA",LA GUARIA,,2
1384312,4,"PORRAS, CAMBRONERO CLARISSA",SARCHÍ NORTE,,1
1384312,5,"MONTERO, VELAZCO ALANA",UNIDAD PEDAGÓGICA SAN FRANCISCO,,0
1384317,1,"CASTRO, SALAZAR MATEO",OTILIO ULATE BLANCO,,6
1384317,2,"FLORES, ROJAS YENDRICK JAFETH",SANTIAGO CRESPO CALVO,,5.5
1384317,3,"GOULD, PAPILI LUCCA",UNIDAD PEDAGÓGICA SAN FRANCISCO,,5
1384317,4,"BRICEÑO, MARTINEZ DARIEN GABRIEL",SARCHÍ NORTE,,5
1384317,5,"RIVAS, CAMPOS NEYTHAN",JACINTO ÁVILA ARAYA,,5
1384317,6,"LEDEZMA, GRIJALBA DAVID",COLEGIO BILINGÜE SAN RAMÓN,,4.5
1384317,7,"MARTINEZ, HERRERA EITHAN ANDREE",VALLE AZUL,,4.5
1384317,8,"ZUÑIGA, ALFARO FELIPE",ALFONSO MONGE RAMÍREZ,,4
1384317,9,"DELGADO, MIRANDA THIAGO NICOLAS",DANIEL SOLÓRZANO MURILLO,,4
1384317,10,"WEI, MORAGA YEN XIANG",COLEGIO BILINGÜE SAN RAMÓN,,4
1384317,11,"ARREDONDO, VARELA KEVIN GAEL",MONSEÑOR JUAN VICENTE SOLÍS FERNÁND,,4
1384317,12,"ELIZONDO, VARGAS ISMAEL",VALLE AZUL,,4
1384317,13,"ALPIZAR, MENDEZ TOMAS",SEP INTERNATIONAL SCHOOL,,3.5
1384317,14,"ANGULO, SALAZAR EYERICK ANTONIO",SARCHÍ NORTE,,3
1384317,15,"RODRIGUEZ, RODRIGUEZ DEYKEL SANTIAGO",MONSEÑOR JUAN VICENTE SOLÍS FERNÁND,,3
1384317,16,"CHAVERRI, RODRIGUEZ JUAN ELIAS",JUDAS TADEO CORRALES SAÉNZ,,3
1384317,17,"DE, CANDIDO PEREZ JULIAN",LOS ROBLES,,3
1384317,18,"SOLANO, VARGAS ISAAC",FERMÍN RODRÍGUEZ CORDERO,,3
1384317,19,"ROJAS, FALLAS JESUS ADRIAN",PBRO. VENANCIO DE OÑA Y MARTÍNEZ,,2.5
1384317,20,"BARBOZA, ARIAS ENYEL STAWSKY",FERMÍN RODRÍGUEZ CORDERO,,2.5
1384317,21,"MURILLO, CHAVERRI ADRIAN",SEP INTERNATIONAL SCHOOL,,2.5
1384317,22,"ROSALES GONZALEZ, GABRIEL",JACINTO ÁVILA ARAYA,,2
1384317,23,"VALVERDE, ARCE HENYEL CALEB",PALMITOS,,1.5
1384317,24,"SALAS, ROJAS EITHAN JOSUE",JOAQUÍN LORENZO SANCHO QUESADA,,1
1384317,25,"MADRIGAL, VARGAS DEREK JOSUE",DANIEL SOLÓRZANO MURILLO,,0
1384317,26,"FERNANDEZ, ESPINOZA MATIAS JOSUE",ÁLVARO TERÁN SECO,,0
1384317,27,"MORALES, CHAVES JOSHUA JAIR",ÁLVARO TERÁN SECO,,0
1384317,28,"RIVERA, MORA PABLO JOSE",CENTRO EDUCATIVO NBS,,0
1384317,29,"VILLALOBOS, ELIZONDO NEYTHAN",CENTRO EDUCATIVO NBS,,0
1384319,1,"LACAYO, KOLYZHIKHIN JAZMIN",SEP INTERNATIONAL SCHOOL,,4.5
1384319,2,"MAROTO, LIZANO SAMANTA",SEP INTERNATIONAL SCHOOL,,4
1384319,3,"TORRES, ALVAREZ LUCIA",PALMITOS,,4
1384319,4,"SANCHEZ, LORIA NATALIA",SANTIAGO,,3.5
1384319,5,"MORA, LOPEZ ISABELLA",OTILIO ULATE BLANCO,,3
1384319,6,"ARCE, CASTILLO ISABELLA",UNIDAD PEDAGÓGICA SAN FRANCISCO,,2
1384319,7,"ULATE, ROJAS ALIDA SOFIA",SARCHÍ NORTE,,2
1384319,8,"ROJAS, JIMENEZ EMMA",DANIEL SOLÓRZANO MURILLO,,2
1384319,9,"SALAZAR, CARRANZA LUCIA",DANIEL SOLÓRZANO MURILLO,,2
1384319,10,"BUZANO, CASCANTE JAEL ELISA",VALLE AZUL,,2
1384319,11,"CHAVARRIA, CAMPOS VICTORIA",RÍO GRANDE,,1
1384319,12,"LEON, BOGANTES MARYPAZ",SARCHÍ NORTE,,0
1384319,13,"ACUÑA, ROJAS ABIGAIL",CENTRO EDUCATIVO NBS,,0
1384319,14,"RAMIREZ, CHAVES ELENA",CENTRO EDUCATIVO NBS,,0
1384684,1,"CHAVES, ESQUIVEL JUAN PABLO",COLEGIO BILINGÜE SAN RAMÓN A,,
1384684,1,"RAMIREZ, ELIZONDO JAVIER",COLEGIO BILINGÜE SAN RAMÓN A,,
1384684,1,"RAMIREZ, ELIZONDO JULIAN",COLEGIO BILINGÜE SAN RAMÓN A,,
1384684,1,"SOLIS, RODRIGUEZ SAMUEL",COLEGIO BILINGÜE SAN RAMÓN A,,
1384684,1,"VILLALOBOS, GUERRERO JOSE ANDRES",COLEGIO BILINGÜE SAN RAMÓN A,,
1384684,2,"CUBERO, RAMIREZ VICTOR JOEL",LABORATORIO,,
1384684,2,"DAVIES, KLINKOV ANDREY DAVIES",LABORATORIO,,
1384684,2,"SANTAMARIA, JIMENEZ ISRAEL",LABORATORIO,,
1384684,2,"SANTAMARIA, TORRES MARCK PAOLO",LABORATORIO,,
1384684,3,"CASCANTE, PALACIOS EDWIN HUGO",SANTIAGO CRESPO CALVO,,
1384684,3,"CORDERO, ROJAS GAEL",SANTIAGO CRESPO CALVO,,
1384684,3,"GONZALEZ, CHAVES SEBASTIAN ANDRES",SANTIAGO CRESPO CALVO,,
1384684,3,"MARIN, SANDOVAL ALESSANDRO ANDRES",SANTIAGO CRESPO CALVO,,
1384684,4,"ALFARO, HIDALGO ALEJANDRO",UNIDAD PEDAGÓGICA SAN FRANCISCO,,
1384684,4,"HIDALGO, PEÑARANDA MARCO ANTONIO",UNIDAD PEDAGÓGICA SAN FRANCISCO,,
1384684,4,"LEON, ROSALES JOSE DANIEL",UNIDAD PEDAGÓGICA SAN FRANCISCO,,
1384684,4,"VARELA, LEON IRINA",UNIDAD PEDAGÓGICA SAN FRANCISCO,,
1384684,5,"KETOVER, JENKINS GRAYSON ROBERT",MONSEÑOR JUAN VICENTE SOLÍS FERNÁNDEZ,,
1384684,5,"KETOVER, JENKINS JANSON ENRIQUE",MONSEÑOR JUAN VICENTE SOLÍS FERNÁNDEZ,,
1384684,5,"MIRANDA, SOLANO JHERICK ISAAC",MONSEÑOR JUAN VICENTE SOLÍS FERNÁNDEZ,,
1384684,5,"PEREZ, VILLARREAL IAN GABRIEL",MONSEÑOR JUAN VICENTE SOLÍS FERNÁNDEZ,,
1384684,5,"RODRIGUEZ, ALVARADO THIAGO",MONSEÑOR JUAN VICENTE SOLÍS FERNÁNDEZ,,
1384684,6,"JAMES, MESEN EDMONT DAMARCUS",COLEGIO BILINGÜE SAN RAMÓN B,,
1384684,6,"QUESADA, FERNANDEZ FABRICIO",COLEGIO BILINGÜE SAN RAMÓN B,,
1384684,6,"SEGNINI, QUESADA DIEGO",COLEGIO BILINGÜE SAN RAMÓN B,,
1384684,6,"SOLANO, ROJAS SANTIAGO",COLEGIO BILINGÜE SAN RAMÓN B,,
1384684,6,"TORRES, ALVARADO MATHIAS",COLEGIO BILINGÜE SAN RAMÓN B,,
1384684,7,"FERNANDEZ, MONTERO EVAN",MIXTA SAN RAFAEL,,
1384684,7,"GRANADOS, CHAVARRIA IAN JOSUE",MIXTA SAN RAFAEL,,
1384684,7,"MATHIEU, ESPINOZA ISMAEL",MIXTA SAN RAFAEL,,
1384684,8,"ARIAS, MONTOYA KEILOR DAVID",REPÚBLICA DE COLOMBIA,,
1384684,8,"DELGADO, OSES SANTIAGO",REPÚBLICA DE COLOMBIA,,
1384684,8,"MENDEZ, NAVARRO SEBASTIAN FABRICIO",REPÚBLICA DE COLOMBIA,,
1384684,8,"TAPIA, CERDAS LUIS ANDRES",REPÚBLICA DE COLOMBIA,,
1384684,8,"VILLALOBOS, HERNANDEZ MARCOS",REPÚBLICA DE COLOMBIA,,
1384684,9,"MOYA, ESPINOZA LUIS DIEGO",JOAQUÍN LORENZO SANCHO QUESADA,,
1384684,9,"OROZCO, LEDEZMA MATHEO",JOAQUÍN LORENZO SANCHO QUESADA,,
1384684,9,"TORTOS, CUBERO IVAN",JOAQUÍN LORENZO SANCHO QUESADA,,
1384699,1,"CARRANZA, GONZALEZ MARIANGEL",SANTIAGO CRESPO CALVO,,
1384699,1,"FALLAS, SALAS CASSANDRA SOFIA",SANTIAGO CRESPO CALVO,,
1384699,1,"TOLEDO, VARGAS SAMANTA DE LOS ANGELES",SANTIAGO CRESPO CALVO,,
1384699,1,"VASQUEZ, BETETA SHARON VANESSA",SANTIAGO CRESPO CALVO,,
1384699,2,"NUÑEZ, ROBLES MARYANNE",COLEGIO BILINGÜE SAN RAMÓN,,
1384699,2,"RAMIREZ, OROZCO ISABELLA",COLEGIO BILINGÜE SAN RAMÓN,,
1384699,2,"RODRIGUEZ, ALVAREZ FATIMA",COLEGIO BILINGÜE SAN RAMÓN,,
1384699,2,"SANCHO, RAMIREZ EMMA",COLEGIO BILINGÜE SAN RAMÓN,,
1384699,3,"ALCOCER, MEZA AMY SAMANTHA",REPÚBLICA DE COLOMBIA,,
1384699,3,"FERNANDEZ, MUÑOZ LUCIA DANIELA",REPÚBLICA DE COLOMBIA,,
1384699,3,"MARIN, ARAYA SOFIA",REPÚBLICA DE COLOMBIA,,
1384699,3,"VARGAS, RAMIREZ EMMA DANIELLA",REPÚBLICA DE COLOMBIA,,
1384699,4,"ACUÑA, MADRIGAL TIFFANY SOFIA",JOAQUÍN LORENZO SANCHO QUESADA,,
1384699,4,"ARCE, TONER AMELIA ROSE",JOAQUÍN LORENZO SANCHO QUESADA,,
1384699,4,"QUESADA, QUESADA EMMA ZAMIRA",JOAQUÍN LORENZO SANCHO QUESADA,,
1384701,1,"BEJARANO, TAMES MICHAEL ANDRES",EXPERIMENTAL BILINGÜE DE NARANJO,,5
1384701,2,"LACAYO, KOLYZHIKHIN IVAN",SEP INTERNATIONAL SCHOOL,,4
1384701,3,"MOYA, MOYA DEREK URIEL",INSTITUTO JULIO ACOSTA GARCÍA,,3.5
1384701,4,"GARCIA, HIDALGO JUAN CARLOS",EXPERIMENTAL BILINGÜE DE SAN RAMÓN,,3
1384701,5,"DONDI, CASTRO FABRIZZIO",EXPERIMENTAL BILINGÜE DE SAN RAMÓN,,3
1384701,6,"ULATE, MORALES SEBASTIAN",SEP INTERNATIONAL SCHOOL,,3
1384701,7,"BLANCO, QUESADA EMANUEL",LICEO LAGUNA,,3
1384701,8,"MIRANDA, SOLANO BRANDON ALEJANDRO",C.T.P. DE PIEDADES SUR,,2.5
1384701,9,"ROJAS, LEDEZMA LUIS ANDRES",COLEGIO DE NARANJO,,2
1384701,10,"QUIROS, LOPEZ KENNY EMMANUEL",C.T.P. FRANCISCO JOSÉ ORLICH BOLMAR,,2
1384701,11,"ARREDONDO VARELA, PATRICK ELIAS",CTP PIEDADES SUR,,2
1384701,12,"BENAVIDES, CHAVES ANGEL ANDRES",C.T.P. ZARCERO,,1
1384701,13,"VARGAS, ROJAS EISSAN MATHIAS",UNIDAD PEDAGÓGICA SAN FRANCISCO,,1
1384705,1,"CORTES MATARRITA, ALEXA THAMIA",CTP PIEDADES SUR,,3
1384705,2,"ALVAREZ, RAMOS STEFANY DANIELA",EXPERIMENTAL BILINGÜE DE PALMARES,,1.5
1384705,3,"LEDEZMA, CHINCHILLA ABIGAIL",SEP INTERNATIONAL SCHOOL,,1
1384705,4,"JIMENEZ, SALAZAR GEILANNY LUCIA",C.T.P. FRANCISCO JOSÉ ORLICH BOLMAR,,0.5
1384710,1,"ARAYA, SALAZAR JEINER JOHAN",EXPERIMENTAL BILINGÜE DE PALMARES,,
1384710,1,"QUIROS, PORRAS EMMANUEL",EXPERIMENTAL BILINGÜE DE PALMARES,,
1384710,1,"RODRIGUEZ, ALVARADO JOSE PABLO",EXPERIMENTAL BILINGÜE DE PALMARES,,
1384710,1,"UMAÑA, CASTRO KEYBEL JESUS",EXPERIMENTAL BILINGÜE DE PALMARES,,
1384710,2,"ALPIZAR SEQUEIRA, STEVEN",CTP ZARCERO,,
1384710,2,"GARCIA CALVO, KENDALL BENJAMIN",CTP ZARCERO,,
1384710,2,"GONZALEZ LOPEZ, JOSUE",CTP ZARCERO,,
1384710,2,"VALLE CENTENO, MAIKEL FERNANDO",CTP ZARCERO,,
1384710,3,"ARCE, ARAYA KENDRICK",C.T.P. FRANCISCO JOSÉ ORLICH BOLMARCICH,,
1384710,3,"BEJARANO, QUESADA JOSE ENIO",C.T.P. FRANCISCO JOSÉ ORLICH BOLMARCICH,,
1384710,3,"MORA ARAYA, IAN GUSTAVO",C.T.P. FRANCISCO JOSÉ ORLICH BOLMARCICH,,
1384744,1,"SANCHEZ, SANCHE JUAN TOBIAS",C.T.P. CALLE ZAMORA,,5
1384744,2,"ESTRADA, RODRIGUEZ HENDRIK ALEXANDER",COLEGIO DE NARANJO,,4
1384744,3,"SANCHEZ, CASTRO JUAN ALBERTO",EXPERIMENTAL BILINGÜE DE SAN RAMÓN,,3
1384744,4,"VARELA, RODRIGUEZ JOAN STEVEN",EXPERIMENTAL BILINGÜE DE SAN RAMÓN,,3
1384744,5,"MORA, SALAZAR DILAN ISAAC",C.T.P. FRANCISCO JOSÉ ORLICH BOLMAR,,2
1384744,6,"RODRIGUEZ, CORDERO JOSE PABLO",C.T.P. CALLE ZAMORA,,2
1384744,7,"CACERES, URPI LUIS ANDRES",SEP INTERNATIONAL SCHOOL,,1
1384744,8,"MORALES, CHACON EMANUEL",COLEGIO BILINGÜE SAN RAMÓN,,0
1384745,1,"VASQUEZ, RODRIGUEZ EMILY",EXPERIMENTAL BILINGÜE DE PALMARES,,5
1384745,2,"VARGAS, SOLORZANO ISABELLA",SEP INTERNATIONAL SCHOOL,,3
1384745,3,"VINDAS, VARGAS MARIAPAULA",SEP INTERNATIONAL SCHOOL,,2.5
1384745,4,"MONGE, SANCHEZ KATERINE FERNANDA",INSTITUTO JULIO ACOSTA GARCÍA,,2
1384745,5,"ARAYA, CALERO SOFIA NAZARETH",COLEGIO DE NARANJO,,1.5
1384745,6,"MURILLO, CHAVARRIA TAMARA SHAMIEL",INSTITUTO JULIO ACOSTA GARCÍA,,1
1384745,7,"LOPEZ RAMIREZ, SAILIN VALENTINA",COLEGIO NARANJO,,0
1384748,1,"ANGULO, MENDOZA BRYAN MAURICIO",C.T.P. ZARCERO,,
1384748,1,"CASTRO, SOTO EMANUEL",C.T.P. ZARCERO,,
1384748,1,"CHACON, ROJAS DOMINIC",C.T.P. ZARCERO,,
1384748,1,"GARCIA, PEREZ CALET ARTURO",C.T.P. ZARCERO,,
1384748,1,"TENCIO BARRANTES, HAROLD JOSUE",C.T.P. ZARCERO,,
1384748,2,"GONZALEZ, ALPIZAR FRANCO",INSTITUTO JULIO ACOSTA GARCÍA B,,
1384748,2,"MENDEZ, CHACON NIGEL SEBASTIAN",INSTITUTO JULIO ACOSTA GARCÍA B,,
1384748,2,"SANCHEZ, BATISTA WARNER",INSTITUTO JULIO ACOSTA GARCÍA B,,
1384748,2,"VARGAS, GARCIA CARLOS EFRAIN",INSTITUTO JULIO ACOSTA GARCÍA B,,
1384748,3,"BLANCO, FERNANDEZ EMMANUEL JOSE",COLEGIO BILINGÜE SAN RAMÓN,,
1384748,3,"GONZALEZ, VARGAS GABRIEL",COLEGIO BILINGÜE SAN RAMÓN,,
1384748,3,"NUÑEZ, ROBLES BRYAN JOSUE",COLEGIO BILINGÜE SAN RAMÓN,,
1384748,3,"SALAZAR, CHAVARRIA FABIAN ALBERTO",COLEGIO BILINGÜE SAN RAMÓN,,
1384748,3,"UREÑA, MATAMOROS SEBASTIAN",COLEGIO BILINGÜE SAN RAMÓN,,
1384748,4,"ARGUEDAS, DIAZ MATIAS",SEP INTERNATIONAL SCHOOL A,,
1384748,4,"GONZALO, VILLALOBOS DARIO",SEP INTERNATIONAL SCHOOL A,,
1384748,4,"MENA, RODRIGUEZ JULIAN JOSE",SEP INTERNATIONAL SCHOOL A,,
1384748,4,"ROBLES, CASTRO JOSE IGNACIO",SEP INTERNATIONAL SCHOOL A,,
1384748,4,"SOTO, VARGAS MATIAS",SEP INTERNATIONAL SCHOOL A,,
1384748,5,"CARDENAS GARCIA, SAUL ANDRES",EXPERIMENTAL BILINGÜE DE PALMARES,,
1384748,5,"HIDALGO, PALMA ADRIEL JESUS",EXPERIMENTAL BILINGÜE DE PALMARES,,
1384748,5,"SANCHEZ, SANCHEZ GABRIEL JOSUE",EXPERIMENTAL BILINGÜE DE PALMARES,,
1384748,6,"BOLAÑOS, MENA ISAAC",INSTITUTO JULIO ACOSTA GARCÍA A,,
1384748,6,"MUÑOZ, CHACON STEVEN ISAAC",INSTITUTO JULIO ACOSTA GARCÍA A,,
1384748,6,"REINOLDS, GONZALEZ JOSHUA",INSTITUTO JULIO ACOSTA GARCÍA A,,
1384748,6,"SANCHEZ, BATISTA JAFETH",INSTITUTO JULIO ACOSTA GARCÍA A,,
1384748,7,"DIAZ, NUÑEZ BAYRON ALONSO",C.T.P. DE PIEDADES SUR,,
1384748,7,"NUNEZ MORERA, EIDAN IVAN",C.T.P. DE PIEDADES SUR,,
1384748,7,"SANCHEZ JIMENEZ, AMHED ALEXANDER",C.T.P. DE PIEDADES SUR,,
1384748,7,"SOTO BADILLA, WALTER RAFAEL",C.T.P. DE PIEDADES SUR,,
1384748,7,"VASQUEZ QUIÑONEZ, KHENNY BARUK",C.T.P. DE PIEDADES SUR,,
1384748,8,"JARQUIN, CRUZ DILAN ANDREY",C.T.P. FRANCISCO JOSÉ ORLICH BOLMARCICH,,
1384748,8,"LARIOS, ROJAS SEBASTIAN",C.T.P. FRANCISCO JOSÉ ORLICH BOLMARCICH,,
1384748,8,"SEGURA, ALFARO TOBIAS",C.T.P. FRANCISCO JOSÉ ORLICH BOLMARCICH,,
1384748,8,"SUAREZ, SANDIGO NERY NEFTALI",C.T.P. FRANCISCO JOSÉ ORLICH BOLMARCICH,,
1384748,9,"BADILLA, LLOBET MATEO ALONSO",SEP INTERNATIONAL SCHOOL B,,
1384748,9,"FONSECA, MURILLO ALEJANDRO",SEP INTERNATIONAL SCHOOL B,,
1384748,9,"ROJAS CORRALES, SANTIAGO",SEP INTERNATIONAL SCHOOL B,,
1384748,9,"SEQUEIRA, PEREZ ETHAN ANTHUAN",SEP INTERNATIONAL SCHOOL B,,
1384748,9,"VEGA, RODRIGUEZ ALEJANDRO",SEP INTERNATIONAL SCHOOL B,,
1384750,1,"CARRANZA, GUTIERREZ BAYRON DAVID",EXPERIMENTAL BILINGÜE DE PALMARES,,4.5
1384750,2,"MENDEZ, CASTRO FABRICIO",C.T.P. ZARCERO,,4
1384750,3,"HERNANDEZ, CARRANZA DARIEN JOSE",EXPERIMENTAL BILINGÜE DE PALMARES,,3.5
1384750,4,"ARGUEDAS, RAMIREZ STUART JAIR",INSTITUTO JULIO ACOSTA GARCÍA,,3
1384750,5,"SALINAS, DAVILA JONAR JOSUE",C.T.P. FRANCISCO JOSÉ ORLICH BOLMAR,,2
1384750,6,"ROJAS, SOLORZANO SANTIAGO",SEP INTERNATIONAL SCHOOL,,2
1384750,7,"CHACON ROJAS, DOMINIC",CTP ZARCERO,,1
1384753,1,"Vargas Sancho, Susan Elena",EXPERIMENTAL BILINGÜE DE PALMARES,,2
1384753,2,"Leal Retana, Brittany",C.T.P. CALLE ZAMORA,,0
1385299,1,"Corrales Corrales, Fidel",Centro Educativo Fray Felipe,,7
1385299,2,"Rivera Guadamuz, Derek",Villa Ligia,,6
1385299,3,"Badilla Flores, Ian Daniel",La Ceniza,,4
1385299,4,"Ulcigrai Ramirez, Giordano",Centro Educativo Fray Felipe,,4
1385299,5,"Cervantes Soto, Jose Antonio",Centro Educativo Colegio La Asunció,,3
1385299,6,"Calderon Ureña, Zaid",Juan Valverde Mora,,1.5
1385299,8,"Cambronero Mendoza, Sebastian",Nueva Santa Ana,,1
1385328,1,"Arguedas Rodriguez, Amelia Maria",Hernán Rodríguez Ruíz,,6
1385328,2,"Mora Ramirez, Valery",Centro Educativo Fray Felipe,,5
1385328,3,"Zuniga Arias, Yariela Sofia",Jerusalén 3m,,4
1385328,4,"Zuniga Hidalgo, Arianna Lucia",12 De Marzo De 1948,,3
1385328,5,"Carvajal Marin, Nazaret Camila",Pavones,,2
1385328,6,"Calero Peña, Sianny Aranza",Laboratorio,,1
1385328,7,"Lileh Charkviani, Elizabeth",Las Tumbas,,0
1385344,1,"Barrantes Gaitan, Dominic",LABORATORIO A,,
1385344,1,"Leon Calderon, Sebastian Andre",LABORATORIO A,,
1385344,1,"Monge Romero, Lucca",LABORATORIO A,,
1385344,1,"Palacios Solano, Matheo",LABORATORIO A,,
1385344,2,"Camacho Zuñiga, Gael",LAS LAGUNAS,,
1385344,2,"Porras Mora, Evans",LAS LAGUNAS,,
1385344,2,"Quiros Jimenez, Jose Alfredo",LAS LAGUNAS,,
1385344,2,"Rojas Mata, Marcos Joel",LAS LAGUNAS,,
1385344,4,"Mora Jimenez, Emanuel",CENTRO EDUCATIVO ESCUELA Y COLEGIO DEL VALLE,,
1385344,4,"Segura Moraga, Andres Humberto",CENTRO EDUCATIVO ESCUELA Y COLEGIO DEL VALLE,,
1385344,4,"Ulloa Monge, Sebastian",CENTRO EDUCATIVO ESCUELA Y COLEGIO DEL VALLE,,
1385344,4,"Villalobos Solano, Samuel",CENTRO EDUCATIVO ESCUELA Y COLEGIO DEL VALLE,,
1385344,5,"Fallas Fonseca, Natalia Sofia",PUEBLO NUEVO,,
1385344,5,"Fonseca Portuguez, Jorge Andres",PUEBLO NUEVO,,
1385344,5,"Torres Abarca, Matias Josue",PUEBLO NUEVO,,
1385344,5,"Trejos Monge, Antuan Mateo",PUEBLO NUEVO,,
1385344,6,"Cordero Hernandez, Marconey",LABORATORIO B,,
1385344,6,"Fallas Padilla, Samuel",LABORATORIO B,,
1385344,6,"Hernandez Alvarado, Tobias Gabriel",LABORATORIO B,,
1385344,6,"Picado Rojas, Nicolas",LABORATORIO B,,
1385344,6,"Villalta Garcia, Anthony Daniel",LABORATORIO B,,
1385344,,"Calvo Segura, Zayd Hamid",12 DE MARZO DE 1948,,
1385344,,"Sandi Rivera, Eidan Jared",12 DE MARZO DE 1948,,
1385344,,"Villalobos Mora, Gael Zaid",12 DE MARZO DE 1948,,
1385347,1,"Cruz Mendoza, Natalia Patricia",LAS LAGUNAS,,
1385347,1,"Lopez Solis, Danna Lucia",LAS LAGUNAS,,
1385347,1,"Ureña Bonilla, Jerelyn Leancy",LAS LAGUNAS,,
1385347,1,"Zuñiga Arias, Leah Stella",LAS LAGUNAS,,
1385347,2,"Cordero Castro, Emma",ESCUELA DEL VALLE,,
1385347,2,"Jimenez Aguilera, Alissa Aurora",ESCUELA DEL VALLE,,
1385347,2,"Ureña Hernandez, Mariangel",ESCUELA DEL VALLE,,
1387503,1,"Villegas Badilla, Evanz",San Pedro,,4.5
1387503,2,"Monge Araya, Samuel",Centro Educativo Fray Felipe,,4.5
1387503,3,"Rivera Guadamuz, Walter Gilberto",Villa Ligia,,4
1387503,4,"Mora Salazar, Juan Diego",San José,,3
1387503,5,"Piedra Villarevia, Aaron",Guadalupe,,3
1387503,6,"Granados Zeledon, Benjamin",Cocorí,,3
1387503,7,"Bejarano Jimenez, Saul Josue",Centro Educativo Fray Felipe,,3
1387503,8,"Segura Valverde, Dylan Esteban",Hernán Rodríguez Ruíz,,3
1387503,9,"Barrientos Morales, Thiago Gael",Hernán Rodríguez Ruíz,,2.5
1387503,10,"Mena Estrada, Kevin Mauricio",Laboratorio,,2.5
1387503,11,"Altamirano Sibaja, Thiago Noel",Laboratorio,,2.5
1387503,12,"Alvarado Garcia, Samuel",Centro Educativo Escuela Y Colegio,,2.5
1387503,13,"Carvajal Marin, Josafat",Sagrada Familia,,2
1387503,14,"Cantwell Xavier, Daniel",Laguna,,2
1387503,15,"Granados Arias, Diego",Centro Educativo Escuela Y Colegio,,2
1387503,16,"Ruiz Mora, Evan",Sinaí,,2
1387503,17,"Amador Segura, Thomas Elpidio",Sinaí,,1.5
1387503,18,"Pineda Martinez, Jonathan",Las Lagunas,,1.5
1387503,19,"Rivera Vargas, Dylan Gael",Cocorí,,1
1387504,1,"Corrales Corrales, Ana Maria",Centro Educativo Fray Felipe,,6
1387504,2,"Ceciliano Azofeifa, Amy Samantha",Centro Educativo Institución Educat,,5
1387504,3,"Rivera Sanchez, Samantha",Sinaí,,3.5
1387504,4,"Chaves Salazar, Nayeli Sofia",Villa Ligia,,3
1387504,5,"Solano Rodriguez, Angelyn Lucia",Juan Valverde Mora,,2
1387504,6,"Blanco Artavia, Sherlyn Nahomy",Juan Valverde Mora,,1.5
1387504,7,"Rivera Vargas, Dylana Griley",Cocorí,,0
1387512,1,"Vargas Vargas, Yeison David",ESCUELA DEL VALLE A,,
1387512,1,"Camacho Baldizon, Aaron",ESCUELA DEL VALLE A,,
1387512,1,"Chryssopulos Fajardo, Alejandro",ESCUELA DEL VALLE A,,
1387512,1,"Martinez Arce, Samuel",ESCUELA DEL VALLE A,,
1387512,1,"Quesada Aguero, Samuel",ESCUELA DEL VALLE A,,
1387512,2,"Fernandez Aguilar, Ian Santiago",LAS LAGUNAS A,,
1387512,2,"Hernandez Quesada, Thiago Jared",LAS LAGUNAS A,,
1387512,2,"Sanchez Vargas, Samuel Mathias",LAS LAGUNAS A,,
1387512,2,"Vargas Marin, Kendrick Joel",LAS LAGUNAS A,,
1387512,2,"Vivas Vargas, Jean Carlo",LAS LAGUNAS A,,
1387512,3,"Salazar Aguilar, Luis Gabriel",LABORATORIO A,,
1387512,3,"Alpizar Hernandez, Ethan Bary",LABORATORIO A,,
1387512,3,"Garita Herrera, Ignacio",LABORATORIO A,,
1387512,3,"Leon Calderon, Santiago Mathias",LABORATORIO A,,
1387512,3,"Reyes Gamboa, Jeremias Jose",LABORATORIO A,,
1387512,4,"Chryssopulos Fajardo, Juan Pablo",ESCUELA DEL VALLE B,,
1387512,4,"Espinoza Solano, Mauro",ESCUELA DEL VALLE B,,
1387512,4,"Saborio Zuniga, Gabriel",ESCUELA DEL VALLE B,,
1387512,4,"Valverde Alvarado, Leonardo",ESCUELA DEL VALLE B,,
1387512,5,"Alvarez Chaves, Marco Felipe",LABORATORIO B,,
1387512,5,"Fernandez Mora, Alejandro",LABORATORIO B,,
1387512,5,"Navarro Sanchez, Mathias",LABORATORIO B,,
1387512,5,"Navarro Sanchez, Saul Alessandro",LABORATORIO B,,
1387512,5,"Valverde Ceciliano, Alessandro",LABORATORIO B,,
1387512,6,"Camacho Cordero, Ariana Valentina",PEDRO PÉREZ ZELEDÓN,,
1387512,6,"Mora Bonilla, Carlos Daniel",PEDRO PÉREZ ZELEDÓN,,
1387512,6,"Mora Cordero, Nahomy Isabella",PEDRO PÉREZ ZELEDÓN,,
1387512,6,"Araya Vargas, Elian",PEDRO PÉREZ ZELEDÓN,,
1387512,7,"Abarca Hernandez, Naiyel Stif",PUEBLO NUEVO,,
1387512,7,"Barboza Valverde, Evans Julian",PUEBLO NUEVO,,
1387512,7,"Estrada Venegas, Sianny Jarelys",PUEBLO NUEVO,,
1387512,7,"Fallas Fonseca, Roger Eduardo",PUEBLO NUEVO,,
1387512,7,"Fonseca Portuguez, Angelica Maria",PUEBLO NUEVO,,
1387512,8,"Fuentes Reyes, Isaac Faruk",12 DE MARZO DE 1948,,
1387512,8,"Vargas Trejos, Abdiel Jasah",12 DE MARZO DE 1948,,
1387512,8,"Villalobos Lopez, Ian",12 DE MARZO DE 1948,,
1387512,9,"Duarte Monge, Isaac Emmanuel",LAS LAGUNAS B,,
1387512,9,"Esquivel Barrantes, Keiner Jafeth",LAS LAGUNAS B,,
1387512,9,"Monge Campos, Jerick Cael",LAS LAGUNAS B,,
1387512,9,"Rojas Valverde, Emanuel",LAS LAGUNAS B,,
1387518,1,"Alvarado Badilla, Salome Naiara",LABORATORIO,,
1387518,1,"Cruz Barrantes, Sharon Ariana",LABORATORIO,,
1387518,1,"Fallas Padilla, Maripaz",LABORATORIO,,
1387518,1,"Garita Herrera, Fiorella",LABORATORIO,,
1387518,3,"Arias Bonilla, Sofia",LAS LAGUNAS,,
1387518,3,"Garro Varela, Kailye",LAS LAGUNAS,,
1387518,3,"Salazar Garro, Sofia Fabiola",LAS LAGUNAS,,
1387518,3,"Valverde Diaz, Babsy Nahomy",LAS LAGUNAS,,
1387518,,"Campos Campos, Samantha",ESCUELA DEL VALLE,,
1387518,,"Cordova Elizondo, Sofia",ESCUELA DEL VALLE,,
1387518,,"Herrera Robles, Larissa Tamara",ESCUELA DEL VALLE,,
1387518,,"Jimenez Azofeifa, Lia",ESCUELA DEL VALLE,,
1387518,,"Mata Vasquez, Mariangel",ESCUELA DEL VALLE,,
1387898,1,"Beitia Retana, Samuel Josue",,,5
1387898,2,"Monge Valverde, Byron Alexander",,,4
1387898,3,"Quesada Gonzalez, Juan Diego",,,4
1387898,4,"Solano Sandoval, Jose Julian",,,3
1387898,5,"Chavarria Obando, Dave Jafet",,,3
1387898,6,"Astua Quesada, Jean Paulo",,,3
1387898,7,"Cisneros Carvajal, Evanz Jesus",,,3
1387898,8,"Aguilar Flores, Bairon Matias",,,2
1387898,9,"Herrera Araya, Samuel Andres",,,2
1387898,10,"Rodriguez Rojas, Noah Joab",,,2
1387898,11,"Fallas Aguero, Gael Sebastian",,,1.5
1387898,12,"Castillo Esquivel, Fabricio David",,,1.5
1387898,13,"Porras Jimenez, Donald Josue",,,1
1387900,1,"Vindas Mendez, Brianna Isabella",Liceo Sinaí,,6
1387900,2,"Aguilar Martinez, Nahomy Sofia",Liceo Fernando Volio Jiménez,,5
1387900,3,"Herrera Aguilar, Angelyn Sofia",Liceo Fernando Volio Jiménez,,4
1387900,4,"Coste Mora, Eva Irene",Centro Educativo Escuela Y Colegio,,3
1387900,5,"Fallas Montero, Emily Jimena",C.T.P. Ambientalista Isaías Retana,,2
1387900,6,"Salazar Reyes, Elizabeth Sofia",UP. Jose Breinderhoff,,1
1387900,7,"Solis Sanchez, Emma Victoria",Unidad Pedagógica José Breinderhoff,,0
1387917,1,"Arguedas Matamoros, Isaac Ariel",LICEO SINAÍ,,
1387917,1,"Chaves Zuniga, Andres David",LICEO SINAÍ,,
1387917,1,"Cordero Fonseca, Jeremy Jacob",LICEO SINAÍ,,
1387917,1,"Segura Valverde, Matthew Jose",LICEO SINAÍ,,
1387917,1,"Zeledon Rojas, Ismael",LICEO SINAÍ,,
1387917,2,"Hidalgo Montero, Joshua Darian",LICEO UNESCO,,
1387917,2,"Quesada Cruz, Abraham",LICEO UNESCO,,
1387917,2,"Segura Cespedes, Jeremy Samuel",LICEO UNESCO,,
1387917,2,"Tammetta Fallas, Ian",LICEO UNESCO,,
1387917,2,"Ureña Brenes, Juan Pablo",LICEO UNESCO,,
1387917,3,"Alvarado Samudio, Sthiwar Mathias",LICEO SAN PEDRO,,
1387917,3,"Chinchilla Ledezma, Dixon David",LICEO SAN PEDRO,,
1387917,3,"Cordero Gonzalez, Abraham Mateo",LICEO SAN PEDRO,,
1387917,3,"Vargas Cordero, Santiago Andre",LICEO SAN PEDRO,,
1387917,4,"Elizondo Garro, Jose David",COLEGIO DEL VALLE,,
1387917,4,"Fonseca Montoya, Thiago",COLEGIO DEL VALLE,,
1387917,4,"Jimenez Barrantes, Isaac",COLEGIO DEL VALLE,,
1387917,4,"Zuñiga Barrantes, Raul",COLEGIO DEL VALLE,,
1387917,5,"Badilla Mora, Samuel Andres",C.T.P. SAN ISIDRO,,
1387917,5,"Grajales Araya, Santhiago",C.T.P. SAN ISIDRO,,
1387917,5,"Quesada Aguero, Evens Josue",C.T.P. SAN ISIDRO,,
1387917,5,"Quesada Gonzalez, Jonathan Matias",C.T.P. SAN ISIDRO,,
1387917,6,"Granados Barrientos, Caleb Josias",UP DR. CALDERÓN GUARDIA,,
1387917,6,"Granados Barrientos, Elias Andres",UP DR. CALDERÓN GUARDIA,,
1387917,6,"Montenegro Mebus, Jesse Mateo",UP DR. CALDERÓN GUARDIA,,
1387917,7,"Elizondo Madrigal, Sebastian Alejandro",C.T.P. DE PLATANARES,,
1387917,7,"Ortiz Chinchilla, Freisel",C.T.P. DE PLATANARES,,
1387917,7,"Sanchez Torrez, Fabian Alejandro",C.T.P. DE PLATANARES,,
1387917,7,"Villalobos Freer, Walter Emmanuel",C.T.P. DE PLATANARES,,
1387919,1,"Acuña Badilla, Sussy Belen",LICEO FERNANDO VOLIO JIMÉNEZ,,
1387919,1,"Badilla Mena, Elizabeth Sofia",LICEO FERNANDO VOLIO JIMÉNEZ,,
1387919,1,"Flores Badilla, Joselyn Ariana",LICEO FERNANDO VOLIO JIMÉNEZ,,
1387919,1,"Mejias Benavides, Katty Celeste",LICEO FERNANDO VOLIO JIMÉNEZ,,
1387919,1,"Rodriguez Quesada, Keithy Samanta",LICEO FERNANDO VOLIO JIMÉNEZ,,
1387919,2,"Badilla Vargas, Ashley Tatiana",LICEO SINAÍ,,
1387919,2,"Centeno Barahona, Nataly Fiorella",LICEO SINAÍ,,
1387919,2,"Flores Mendoza, Yipsi Camila",LICEO SINAÍ,,
1387919,2,"Solano Arias, Keitlyn Dariana",LICEO SINAÍ,,
1387919,2,"Washington Vindas, Victoria Sophia",LICEO SINAÍ,,
1387919,3,"Amen Obando, Naomy",COLEGIO DEL VALLE,,
1387919,3,"Bejarano Quesada, Anny Nayeli",COLEGIO DEL VALLE,,
1387919,3,"Hidalgo Ureña, Samira",COLEGIO DEL VALLE,,
1387919,3,"Johnson Severin, Tallulah Ilena",COLEGIO DEL VALLE,,
1387923,1,"Aguirre Moya, David Andres",C.T.P. San Isidro,,5
1387923,2,"Cordero Esquivel, Gabriel",Liceo Aeropuerto Jerusalén,,4
1387923,3,"Arias Monestel, Dilan",Liceo Unesco,,3.5
1387923,4,"Monge Hernandez, Jose Daniel",Liceo Sinaí,,3
1387923,5,"Vargas Marin, Andy Samuel",Liceo Fernando Volio Jiménez,,3
1387923,6,"Duarte Molina, Santiago",Liceo Fernando Volio Jiménez,,2.5
1387923,7,"Martinez Gamboa, Gabriel Yoet",Liceo Sinaí,,2.5
1387923,8,"Mora Estrada, Gabriel Matthias",Liceo San Pedro,,2.5
1387923,9,"Ramirez Rivera, Hanfferny Matias",Liceo San Pedro,,2
1387923,10,"Cordero Quiros, Manases Aaron",Liceo Unesco,,2
1387923,11,"Morales Fonseca, Keilor Daniel",C.T.P. De Platanares,,2
1387923,12,"Moya Villanueva, Saulo Stiff",C.T.P. General Viejo,,1
1387923,13,"Fuentes Calderon, Juan Enrique",C.T.P. De Platanares,,0
1387927,1,"Erf Vargas, Vaioleth Alisha",C.T.P. San Isidro,,5
1387927,2,"Corrales Abarca, Jimena",Científico De Costa Rica De Perez Z,,4
1387927,3,"Valenciano Hidalgo, Luana Sofia",Centro Educativo Escuela Y Colegio,,3
1387927,4,"Gonzalez Retana, Danna Camila",Liceo Unesco,,3
1387927,5,"Ferreto Sandi, Sara",C.T.P. San Isidro,,2
1387927,6,"Monge Lopez, Jessica Anguimassiell",Liceo Fernando Volio Jiménez,,2
1387927,7,"Quesada Solano, Sofia",Científico De Costa Rica De Perez Z,,2
1387927,8,"Cambronero Calderon, Nazareth",Liceo Las Mercedes,,2
1387927,9,"Barquero Guzman, Maria Guadalupe",C.T.P. De Platanares,,1
1387927,10,"Retana Marin, Jennifer Daniela",Liceo Sinaí,,1
1388002,1,"Villalobos, Palacios Misael",Fila De Trucho,,5
1388002,2,"Naranjo, Mendez Sebastian",La Fuente,,4
1388002,3,"Morales, LEITON MATTEO",Santiago,,4
1388002,4,"Esquivel, Mora Gian Domenico",La Primavera,,4
1388002,5,"Jimenez, Mairena Benjhamin William",Coopa Buena,,4
1388002,6,"Molina, Jimenez Khaleb Andres",Centro Educativo Kennedy Bilingüal,,3
1388002,7,"Azofeifa, Villegas Evans Santiago",La Primavera,,3
1388002,8,"Villegas, Mendez Evans Jesus",José Gonzálo Acuña Hernández,,3
1388002,9,"Barrantes, Varela Juan Pablo",Colegio Madre Del Divino Pastor De,,3
1388002,10,"Trejos, Gamboa Xavi Armando",Santiago,,3
1388002,11,"Gonzalez, Campos Kahel",María Auxiliadora,,3
1388002,12,"Cedeño, Fonseca Josecarlos",La Fuente,,3
1388002,13,"Lobo, Zamora Evans Jareth",Valle Azul,,3
1388002,14,"Espinoza, Carrillo Farid Samuel",La Virgen,,2.5
1388002,15,"Gibb, Titan",Las Gemelas,,2
1388002,16,"Troyo, Molina Carlos Manuel",Playa Cacao,,2
1388002,17,"Pitti, Jimenez Thiago Joell",Kilómetro Uno,,2
1388002,18,"Mora, Steinvorth Matteo Esteban",Santa Clara,,2
1388002,19,"Segura, Ruiz Maykel Johel",Brunca,,2
1388002,20,"Mendoza, Sanchez Kenneth",Escuela Adventista De Paso Canoas /,,2
1388002,21,"Acosta, Cuenca Jonathan Josue",Juan Lara Alfaro,,2
1388002,22,"Molina, Umaña Dilan Jose",Laurel,,2
1388002,23,"Gonzalez, Fallas Dareck Jhalil",Laurel,,2
1388002,24,"Morera, Chavarria Julian",Centro Educativo Kennedy Bilingüal,,1.5
1388002,25,"Ceballos, Chaves Maick Santiago",San Martín,,1
1388002,26,"Tilcia, Quiros Cordero",Kilómetro 16,,1
1388002,27,"Villalobos, Monge Felipe",Fila Tigre,,1
1388002,28,"Amaya, Ramirez David Ezequiel",Saturnino Cedeño Cedeño,,0
1388002,29,"Garita, Moreno Eithan Emanuel",Saturnino Cedeño Cedeño,,0
1388002,30,"Montero, Fabregas Gael",Saturnino Cedeño Cedeño,,0
1388002,31,"Quesada, Mora Cristian Keniel",Fila San Rafael,,0
1388003,1,"Obando, Aguilar Brenda Paola",La Amistad,,4.5
1388003,2,"Villalobos, Esquivel Shaira Natalia",Santiago,,4
1388003,3,"Jimenez, Chavarria Isabella",Juan Lara Alfaro,,4
1388003,4,"Pineda, Rojas Maria Celeste",Río Nuevo,,4
1388003,5,"Barrantes, Cedeño Jimena Maria",María Auxiliadora,,3.5
1388003,6,"Acosta, Solis Esther Nayeli",Brunca,,3
1388003,7,"Cascante, Mendez Bristhany Paola",Fila De Méndez,,3
1388003,8,"Lombana, Araya Leah Sol",Colegio Madre Del Divino Pastor De,,3
1388003,9,"Guerra, Antunez Camila Fernanda",María Auxiliadora,,3
1388003,10,"Vasquez, Madrigal Yariany Mahely",El Labrador,,3
1388003,11,"MUÑOZ CEDEÑO, KHAILYN",LOS PILARES,,3
1388003,12,"Castillo, Carranza Danna",Tres Ríos,,2
1388003,13,"Fernandez, Rivera Belen",José Gonzálo Acuña Hernández,,2
1388003,14,"Castro, Marin Fatima",Santa Elena,,2
1388003,15,"Estrada, Quesada Fibi Priscila",Linda Mar,,2
1388003,16,"Calderon, Montenegro Rut Elena",Coopa Buena,,2
1388003,17,"Arias, Cordero Emma Luciana",José Gonzálo Acuña Hernández,,2
1388003,18,"Chaves, Sanchez Thairyn Maria",La Mona,,1.5
1388003,19,"Mora, Cortes Sheilyn Victoria",La Estrella,,1.5
1388003,20,"Quiros, Romero Kendra Virginia",La Mona,,1
1388003,21,"CORDERO ESPINOZA, DELMI",,,1
1388003,22,"Bonilla, Jimenez Jimena",La Mona,,0
1388003,23,"Cordero, Rodriguez Naidelyn Marian",Linda Mar,,0
1388003,24,"Garcia, Flores Emma Janelly",Brunca,,0
1388003,25,"Hidalgo, Burgos Irina Naomi",Santa Rita,,0
1388003,26,"Sandi, Castillo Michell Daniela",Fila San Rafael,,0
1388122,1,"Rosales, Jimenez Alfredo Daniel",San Antonio De Sabalito,,4.5
1388122,2,"Barrantes, Varela Ezequiel",Colegio Madre Del Divino Pastor De,,4.5
1388122,3,"Blanco, Villalobos Emiliano",Tres Ríos,,3.5
1388122,4,"Rosales, Sanchez Gael",Coopa Buena,,3.5
1388122,5,"Monge, Campos Noah Jose",Santiago,,3
1388122,6,"Alvarado, Rodriguez Santiago Jesus",Fila Tigre,,3
1388122,7,"Rivera, Alfaro Mateo",María Auxiliadora,,3
1388122,8,"Rainold, Cordoba Marlon Adrick",La Mona,,3
1388122,9,"Sanchez, Carrillo Roilyn Sebastian",Tres Ríos,,3
1388122,10,"Campos, Madrigal Mathias",José Gonzálo Acuña Hernández,,2
1388122,11,"Lopez, Ramirez Matthew Alexander",José Gonzálo Acuña Hernández,,2
1388122,12,"Chavarria, Mendez Jose Ismael",Fila De Méndez,,2
1388122,13,"CALVO BURGOS, SANTIAGO",LA MONA,,2
1388122,14,"Moe, Sanchez Mathias Olaf",La Mona,,2
1388122,15,"Herrera, Carrillo Liam Miguel",La Virgen,,1.5
1388122,16,"Hernandez, Cortes Ismael Andres",El Triunfo,,1.5
1388122,17,"Zuñiga, Umaña Emmanuel",Coopa Buena,,1
1388122,18,"Aguero, Mena Aaron Jose",Colegio Madre Del Divino Pastor De,,1
1388122,19,"Zuñiga, Zuñiga Ethan Mathias",La Mona,,1
1388122,20,"Abarca, Elizondo Thiago Ezequiel",Coopa Buena,,0
1388122,21,"Abarca, Montenegro Ethan Isaac",Santa Rita,,0
1388122,22,"Alpizar, Mora Sneyder Lafnny",Escuela Adventista De Paso Canoas /,,0
1388122,23,"Madrigal, Zamora Andrew Joel",Fila San Rafael,,0
1388122,24,"Marin, Carranza Lucas Daniel",Santa Rita,,0
1388122,25,"Mulder, Mendez Jacob Samuel",Saturnino Cedeño Cedeño,,0
1388122,26,"Robles, Villanueva Tyrrell Damian",Saturnino Cedeño Cedeño,,0
1388128,1,"Gonzalez, Arias Luciana",Centro Educativo Kennedy Bilingüal,,5
1388128,2,"Cascante, Amador Maria Jose",Santa Elena,,4
1388128,3,"Molina, Bermudez Gloriana Maria",Santa Elena,,3
1388128,4,"Carrillo, Guadamuz Nazareth Samara",Fila San Rafael,,3
1388128,5,"Chaves, Marin Maia Valentina",Tres Ríos,,2
1388128,6,"Sanchez, Segura Daisy Adriana",La Mona,,2
1388128,7,"Obando, Orozco Zoe Lohana",La Mona,,1
1388128,8,"Salazar, Godinez Alyson Samantha",Tres Ríos,,0
1388128,9,"Madrigal, Zuñiga Yeirany Celeste",Santa Rita,,0
1388128,10,"Zuñiga, Castillo Maria Valeria",Coopa Buena,,0
1388132,1,"GUTIERREZ, RODRIGUEZ IGNACIO",COMPLEJO EDUCATIVO SAINT PATRICK AM,,4.5
1388132,2,"SOLANO, ALFARO ABDIEL MATHEO",COLEGIO LABORATORIO DEL C.U.P.,,4.5
1388132,3,"SANCHEZ, ARCE DEREK",COLEGIO LABORATORIO DEL C.U.P.,,4
1388132,4,"MORALES, RAMOS LEO",COLEGIO LABORATORIO DEL C.U.P.,,3
1388132,5,"PORTUGUEZ, ARAYA JAYDEN ALEXANDER",PRIMARIA SANTI SPIRITUS / COLEGIO S,,3
1388132,6,"RODRIGUEZ, NAVARRO ROSSELLA",CAFORE,,3
1388132,7,"MADRIZ, CORTES JOSEPH",BENEMERITO,,2.5
1388132,8,"VARGAS, LEON IAN MATHIAS",CENTRO DE ATENCIÓN FORMATIVA Y RECR,,2.5
1388132,9,"CASTRO, LAURENT SANTIAGO",BENEMERITO,,2.5
1388132,10,"ARIAS, LORIA GAEL ANTONIO",C.T.P. DE SANTA ELENA,,2.5
1388132,11,"MONGE, DURAN ABRAHAM ANTONIO",C.T.P. ESPARZA,,2
1388132,12,"HERNANDEZ, BEJARANO CHRISTOPHER LEONARDO",C.T.P. DE SANTA ELENA,,2
1388132,13,"ALVARADO FLORES, EDUARD SAMUEL",LICEO RURAL ARANJUEZ,,2
1388132,14,"CASTRO, LEITON ERIK MATIAS",C.T.P. DE SANTA ELENA,,1
1388132,15,"ARAYA, AGUERO MATHIAS ALBERTO",LICEO EMILIANO ODIO MADRIGAL,,1
1388133,1,"WAHRMANN, BRENES EMMA",CENTRO EDUCATIVO CATOLICO NUESTRA S,,4
1388133,2,"TREJOS, SEGURA LORETTY YUDITH",PRIMARIA SANTI SPIRITUS / COLEGIO S,,3
1388133,3,"ARIAS, LIPPKE MARIANGEL",CAFORE,,2
1388133,4,"COLOMER, MORALES AMANDA",CAFORE,,1
1388133,5,"BARRANTES, MARIN SARAY DE LOS ANGELES",C.T.P. ESPARZA,,0
1388134,1,"PEREZ, FRANCO ANDREW DE DOJSHUA",BENEMERITO LICEO JOSÉ MARTÍ,,4.5
1388134,2,"SALINAS, PEREZ ABEL",C.T.P. ESPARZA,,4
1388134,3,"ARROYO, MOYA HECTOR SANTIAGO",BENEMERITO LICEO JOSÉ MARTÍ,,3.5
1388134,4,"PORRAS, FALLAS DANIEL",COUNTRY SIDE ACADEMY,,3
1388134,5,"MONGE, VILLALOBOS ISAI",LICEO EMILIANO ODIO MADRIGAL,,3
1388134,6,"ARIAS, SALGADO MARVIN SANTIAGO",CENTRO DE ATENCIÓN FORMATIVA Y RECR,,3
1388134,7,"GUADAMUZ, LOPEZ STIWAR",CTP PUNTARENAS,,2
1388134,8,"VIALES, AGUIRRE ALFREDO JOSUE",CENTRO DE ATENCIÓN FORMATIVA Y RECR,,2
1388134,9,"TORRES, ARGUEDAS JUAN",CTP SANTA ELENA,,2
1388134,10,"VINDAS, MONGE KEYLOR JOSE",LICEO DE CHACARITA,,2
1388134,11,"ALVAREZ, MORALES ADRIEL SNEIDER",BENEMERITO LICEO JOSÉ MARTÍ,,1
1388134,12,"HERRERA, FERNANDEZ LEIZER DANIEL",BENEMERITO LICEO JOSÉ MARTÍ,,0
1388383,1,"Leon Robles, Daniel Alejandro",Puerto Viejo,,5
1388383,2,"Hernandez Ramirez, Mateo",Finca Seis,,4
1388383,3,"Rallo Barreda, Yekson",Chilimate,,3
1388383,4,"Gonzalez Jimenez, Eythan Andres",Puerto Viejo,,2
1388383,5,"Campos Aguilera, Sebastian Josue",Chilimate,,1
1388383,6,"Rojas Mendez, Jefferson Gael",Cubujuquí,,0
1388384,1,"Rios Alvarez, Ana Lucia",Chilimate,,5
1388384,2,"Ortiz Leal, Emma Suzett",Cubujuqui,,4
1388384,3,"Miranda Abarca, Samira Johanna",Chilimate,,3
1388384,4,"Ruiz Rodriguez, Emma Maria",Puerto Viejo,,1.5
1388384,6,"Medal Mejia, Valery Lineth",Puerto Viejo,,0
1388386,1,"Rallo Barreda, Kevin",Chilimate,,2
1388386,2,"Gonzalez Jimenez, Andy",Puerto Viejo,,1
1388386,3,"Padilla Alfaro, Jayla Doriana",Puerto Viejo,,0
1388409,1,"Rivera Oses, Joel David",Sistema Educativo Saint Clare,,1
1388409,2,"Alfaro Guevara, Thiago",Liceo Anastasio Alfaro,,1
1388458,1,"VALVERDE, GUTIERREZ MARYCRIS",ROBERTO LÓPEZ VARELA,,5
1388458,2,"VEGA, SALAZAR ISABELLA",SANTA CECILIA,,4
1388458,3,"BARRANTES, LOPEZ VALERY MONSERRATH",SANTA CECILIA,,3.5
1388458,4,"Morales Mendez, Victoria",Brasil de Mora,,3.5
1388458,5,"STERLING, MORA NAOMI DE LOS ANGELES",BAJO DE LA LEGUA,,3.5
1388458,6,"Arias Jimenez, Victoria",Jacinto Mora Gomez,,3
1388458,7,"MORA, PORRAS LILY SOFIA",KREATIVE LEARNING SCHOOL MONTESSORI,,3
1388458,8,"MORA, MORA ALHANNA GUADALUPE",LLANO GRANDE,,3
1388458,9,"BONILLA, DIAZ SAMANTHA NAOMI",CANDELARITA,,3
1388458,10,"ALPIZAR, MESEN HEATHER AMELIE",CORTEZAL,,3
1388458,11,"MARIN, GONZALEZ MARIANA",CERBATANA,,2.5
1388458,12,"GOUVEIA, SOTO CHLOE DEL CARMEN",KREATIVE LEARNING SCHOOL MONTESSORI,,2.5
1388458,13,"Mata Diaz, Nataly",Jacinto Mora Gomez,,2.5
1388458,14,"MENA, CASTRO GENESYS LUSSANIA",JUNQUILLO ARRIBA,,2.5
1388458,15,"BOZA, MORA TRACY SALETH",CERBATANA,,2.5
1388458,16,"Ramirez Montero, Valentina",Cortezal,,2
1388458,17,"VALVERDE, GARITA BRIANNA",SANTIAGO ALPÍZAR JIMÉNEZ,,2
1388458,18,"QUINTERO, JIMÈNEZ KERSTIN DARIANI",MERCEDES SUR,,2
1388458,19,"ARAYA, SOLANO ARIADNA SOPHIA",SAN BOSCO DE MORA,,2
1388458,20,"Mora Porras, Claudia",San Bosco,,1.5
1388458,21,"ACUÑA, AGUERO AMBER GUADALUPE",ROBERTO LÓPEZ VARELA,,1.5
1388458,22,"Delgado Ureña, Amanda",Dario Flores,,1
1388458,23,"PORRAS, QUESADA SERENA PAOLA",JUNQUILLO ABAJO,,1
1388458,24,"VARGAS, AGUILAR VALENTINA",JUNQUILLO ABAJO,,0
1388459,1,"GOMEZ, DIAZ TOMAS RODOLFO",CENTRO EDUCATIVO J.E.C SAINT SPIRIT,,4.5
1388459,2,"Elizonso Sanchez, Mateo",Brasil de Mora,,4
1388459,3,"MARIN, CASTRO TOMAS",KREATIVE LEARNING SCHOOL MONTESSORI,,3.5
1388459,4,"FALLAS, GONZALEZ JOSE EMILIANO",CERBATANA,,3
1388459,5,"MORALES, MONTEALEGRE SAUL",SAN BOSCO DE MORA,,3
1388459,6,"MORA, SALAZAR ANDRES",REPÚBLICA DE PARAGUAY,,3
1388459,7,"RIVAS, LOPEZ YAIR ABRAHAM",SANTIAGO ALPÍZAR JIMÉNEZ,,2.5
1388459,8,"AGUILAR, DIAZ ANGEL MATEO",CANDELARITA,,2
1388459,9,"MONGE, PEÑA IAN MARCELO",SAN BOSCO DE MORA,,2
1388459,10,"GONZALEZ, FERNANDEZ FRANZ WILHELM",CERBATANA,,2
1388459,11,"BERNALD, MORA BENJAMIN",KREATIVE LEARNING SCHOOL MONTESSORI,,2
1388459,12,"BERMUDEZ, MORALES OSCAR MATEO",CANDELARITA,,2
1388459,13,"Diaz Aguilar, Sebastian",Brasil de Mora,,1.5
1388459,14,"CORDERO, IBARRA DANIEL ALBERTO",SANTIAGO ALPÍZAR JIMÉNEZ,,0
1388460,1,"BRENES, PRENDAS MATEO",SANTA CECILIA,,5
1388460,2,"Carmona Bonilla, Lucas",,,5
1388460,3,"RUBI, PORRAS GUSTAVO ALONSO",ROBERTO LÓPEZ VARELA,,4
1388460,4,"Molina Gutierrez, Dominik",San Bosco,,4
1388460,5,"MADRIGAL, GUZMAN LUCAS MATEO",CANDELARITA,,4
1388460,6,"NAJERA, CHAVARRIA IAN ESMERLIN",ROGELIO FERNÁNDEZ GÜELL,,3
1388460,7,"RIVAS, LOPEZ LEVI IZJACK",SANTIAGO ALPÍZAR JIMÉNEZ,,3
1388460,8,"GUZMAN, SANTILLAN FELIPE ANTONIO",JUNQUILLO ABAJO,,3
1388460,9,"DIAZ, PINEDA DAVID ANDRES",CERBATANA,,3
1388460,10,"Diaz Aguilar, Felipe",Brasil de Mora,,3
1388460,11,"Porras Salguera, Santiago",Juan Luis Gracia,,3
1388460,12,"CASTILLO, CALDERON JUAN DIEGO",ROBERTO LÓPEZ VARELA,,3
1388460,13,"Villalobos Marin, Samuel",San Bosco,,3
1388460,14,"ROJAS, CORDOBA LUCAS",SANTA CECILIA,,3
1388460,15,"MENA, PEREZ SEBASTIAN JOSUE",CERBATANA,,2
1388460,16,"Ureña Bermudez, Isaias",Dario Flores,,2
1388460,17,"Membreño Castro, Dilan",,,2
1388460,18,"Sanchez Zamora, Ismael",Brasil de Mora,,2
1388460,19,"AGUILAR, OCAMPO JULIAN ALEXANDER",JACINTO MORA GÓMEZ,,2
1388460,20,"Arias Mesen, Ryan",,,2
1388460,21,"BADILLA, MORA MATHIAS",DARIO FLORES HERNÁNDEZ,,1.5
1388460,22,"AGUERO, VARGAS VICTOR MANUEL",PEDERNAL,,1.5
1388460,23,"MARIN, GONZALEZ GABRIEL ESTEBAN",MERCEDES SUR,,1
1388460,24,"DUARTE, ARCE ELIAN ISMAEL",BELLA VISTA,,1
1388460,25,"AZOFEIFA, DELGADO SANTIAGO",J.E.C SAINT SPIRIT SCHOOL,,1
1388460,26,"KRAUSE, SCHWERDTFEGER JOAQUIN",KREATIVE LEARNING SCHOOL MONTESSORI,,1
1388460,27,"MURILLO, ARTAVIA SAMUEL JOSUE",BELLA VISTA,,1
1388461,1,"JIMENEZ, RODRIGUEZ ELIZABETH MILEVA",CERBATANA,,5.5
1388461,2,"MOREIRA, CORRALES ABIGAIL",SAN BOSCO DE MORA,,4.5
1388461,3,"MENA, CASTRO EMMILY FABIANA",JUNQUILLO ARRIBA,,4
1388461,4,"FERNANDEZ, FERNANDEZ AVRIL VICTORIA",PEDERNAL,,3
1388461,5,"VILLALOBOS, BARRANTES LUCIANA",SANTIAGO ALPÍZAR JIMÉNEZ,,2
1388461,6,"Chaves, Herrera Alana",Escuela Cerbatana,,1
1388461,7,"CORDERO, MURILLO ALHANA LUCIA",SANTIAGO ALPÍZAR JIMÉNEZ,,1
1388494,1,"Ruiz Valverde, Boris Daniel",Las Colonias,,3
1388494,2,"Kwok Rodriguez, Yahirt",La Virgen,,3
1388494,3,"Luna, Kalebh",Bilingue,,2
1388494,4,"Padilla, Jaden",Bilingue,,2
1388494,5,"Vega, Zarith",,,0
1388508,1,"Martinez Artavia, Keylor Damian",El Paraiso,,5
1388508,2,"Varela Madrigal, Gilberth Andrey",Las Colonias,,4
1388508,3,"Rojas Molina, Ivick Sebastian",La Virgen,,4
1388508,4,"Santana, Marco",CTP Puerto Viejo,,3
1388508,5,"Troz Campos, Martin Danilo",El Paraiso,,3
1388508,6,"Lopez Nicundano, Jeremy Josue",La Virgen,,2
1388508,7,"Rugama, Stephen",CTP Puerto Viejo,,2
1388508,8,"Palacio Calero, Noe Sebastian",San Jose Del Rio,,2
1388508,9,"Alvarez Rojas, Eithel Esteban",San Jose Del Rio,,2
1388508,10,"Bolanos, Kevin",CTP Puerto Viejo,,1.5
1388508,11,"Herrera, Jostin",CTP Puerto Viejo,,1
1388508,12,"Gonzalez Bello, Axel Step",San Jose Del Rio,,0.5
1388635,1,"Vargas, Chavarria Ariana Maria",C.T.P. De Sabalito,,4.5
1388635,2,"Azofeifa, Castillo Sofia Daniela",C.T.P. De Corredores,,4
1388635,3,"Zuñiga, Aguilar Genesis Maria",Colegio Jorge Volio Jiménez,,3.5
1388635,4,"Cardenal, Aguilar Ana Paula",Liceo Ciudad Neily,,3
1388635,5,"Gonzalez, Mora Elizabeth Arlet",Colegio Indígena La Casona,,3
1388635,6,"Blanco, Rojas Tiffany Daniela",Liceo Ciudad Neily,,2
1388635,7,"Gonzalez, Alvarez Yadriela Maylen",Colegio Madre Del Divino Pastor De,,2
1388635,8,"Jimenez, Gonzalez Shelsea Nicol",Experimental Bilingüe De Agua Buena,,1.5
1388635,9,"De, Gracia Santos Kimberly Mileidy",Liceo Rural Abrojo Moctezuma,,1.5
1388635,10,"Arias, Monge Zailyn Fabiola",Liceo Sabanillas,,0
1388635,11,"Arseneault, Hernandez Bela",Liceo Comte,,0
1388635,12,"Sandi, Miranda Aleska",C.T.P. Carlos Manuel Vicente Castro,,0
1388635,13,"Villalobos, Palacios Laura",Colegio República De Italia,,0
1388637,1,"Samudio, Ramirez Wilson Magdiel",C.T.P. Guaycara,,5
1388637,2,"Venegas, Rodriguez Zahir Dariel",Liceo Ciudad Neily,,4
1388637,3,"Fonseca, Sanchez Zahir Felipe",C.T.P. Carlos Manuel Vicente Castro,,4
1388637,4,"SIBAJA, PABLO ESTEBAN",CARI,,4
1388637,5,"Cazares, Mena Ricardo Antonio",C.T.P. Guaycara,,4
1388637,6,"TREJOS, EZEQUIEL",CTP HENSY FRANCOIS,,4
1388637,7,"Santo, Rodriguez Joel",Colegio Indígena La Casona,,3
1388637,8,"GONZALES, DAVID ELIECER",CTP HENRY FRANCOIS,,3
1388637,9,"Ali, Martes Riddwan Ammar",C.T.P. De Corredores,,3
1388637,10,"Diaz, Quintana Emmanuel David",Experimental Bilingüe De Agua Buena,,3
1388637,11,"Cedeño, Flores Jareth",Liceo Sabanillas,,3
1388637,12,"Vargas, Chavarria Oscar Jose",C.T.P. De Sabalito,,3
1388637,13,"Fonseca, Martinez Maikel Stev",C.T.P. Guaycara,,3
1388637,14,"Cambronero, Fajardo Kendall Andre",Experimental Bilingüe De Agua Buena,,3
1388637,15,"Gonzalez, Alvarez Reynard Isaac",Colegio Madre Del Divino Pastor De,,3
1388637,16,"Rodriguez, Solano Jose Maria",C.T.P. De Puerto Jiménez,,2.5
1388637,17,"Molina, Jimenez Isaak Andres",Centro Educativo Kennedy Bilingüal,,2
1388637,18,"Caballero, Muñoz Andres Felipe",C.T.P. Umberto Melloni Campanini,,2
1388637,19,"Solano, Cedeño Johan Caleb",C.T.P. De Puerto Jiménez,,2
1388637,20,"Andrade, Sire Luis Carlos",Experimental Bilingüe De Agua Buena,,2
1388637,21,"Guillen, Chinchilla Dereck Jafeth",Colegio Indígena La Casona,,2
1388637,22,"Brenes, Bolaños Derek Jose",Colegio Jorge Volio Jiménez,,2
1388637,23,"GONZALES, DAMIAN",,,2
1388637,24,"Sandi, Prendas Junior Alonso",Liceo Sabanillas,,2
1388637,25,"Montes, Castro Joshua",Colegio La Palma,,2
1388637,26,"Arias, Saborio Jordy Mattias",Colegio Finca Naranjo,,2
1388637,27,"Lizano, Rivera Isaac",Liceo Bilingüe Ítalo Costarricense,,1.5
1388637,28,"Gomez, Arguindegui Misael",Liceo Comte,,1
1388637,29,"Alvarado, Quesada Adrian Mauricio",Colegio Jorge Volio Jiménez,,1
1388637,30,"Atencio, Espinoza Eliecer Emilio",Colegio Indígena La Casona,,1
1388637,31,"Espinoza, Carrillo Dairon Kaleth",Liceo Comte,,1
1388637,32,"Gonzalez, Alfaro Elian Joshue",C.T.P. Carlos Manuel Vicente Castro,,0
1388637,33,"LIZANO RIVERA, ISAAC",ITALO COSTARRICENSE,,0
1388637,34,"Mora, Araya Alonso",Liceo Ciudad Neily,,0
1388637,35,"Salazar, Solano Isai Yennier",Liceo Sabanillas,,0
1388637,36,"Zelaya, Lopez Alexander",C.T.P. Carlos Manuel Vicente Castro,,0
1388652,1,"Aguilar, Solorzano Matteo Antonio",C.T.P. Umberto Melloni Campanini,,4.5
1388652,2,"Torres, Rodriguez Daniel Iosev",Humanístico Costarricense-Sede Coto,,4.5
1388652,3,"Abarca, Montero Ivan Jose",Experimental Bilingüe De Agua Buena,,4
1388652,4,"Rodriguez, Badilla Angelo Fabricio",Colegio República De Italia,,4
1388652,5,"Solano, Barquero Jose Pablo",C.T.P. Guaycara,,4
1388652,6,"Salina, Andrade Elias Josue",Experimental Bilingüe De Agua Buena,,3
1388652,7,"Guevara, Lezcano Andres",C.T.P. De Puerto Jiménez,,3
1388652,8,"Rojas, Guzman Esteban Jesus",C.T.P. De Puerto Jiménez,,3
1388652,9,"Magaña, Cardenal Ian Sebastian",C.T.P. Guaycara,,3
1388652,10,"Mora, Rojas Adam Alonso",C.T.P. Carlos Manuel Vicente Castro,,3
1388652,11,"Laidley, Saballo Maikell Daniel",C.T.P. Carlos Manuel Vicente Castro,,3
1388652,12,"RODRIGUEZ, IAN JOSEPH",,,2.5
1388652,13,"Azofeifa, Calero Miguel Alejandro",C.T.P. De Corredores,,2
1388652,14,"Barrantes, Aguero Josue Enrique",C.T.P. De Sabalito,,2
1388652,15,"Herrera, Beita Santiago Matias",Centro Educativo Kennedy Bilingüal,,2
1388652,16,"Gonzalez, Miranda Justin",C.T.P. De Sabalito,,2
1388652,17,"Samuels, Bogantes Clever Alexander",Colegio Jorge Volio Jiménez,,2
1388652,18,"Cardenal, Abarca Mateo",C.T.P. Guaycara,,2
1388652,19,"Sianca, Escamilla Abdiel Abraham",C.T.P. De Corredores,,2
1388652,20,"Esquivel, Perez Adrian Jose",Liceo Ciudad Neily,,1.5
1388652,21,"Chacon, Castro Dayron Jose",Colegio República De Italia,,1
1388652,22,"Arias, Monge Jefferson Daniel",Liceo Sabanillas,,1
1388652,23,"Ruiz, Beita Axel Aaron",Liceo Rural Abrojo Moctezuma,,1
1388652,24,"Hernandez, Segura Joynan Josue",Colegio Finca Naranjo,,0
1388652,25,"Alvarado, Perez Sebastian",Colegio República De Italia,,0
1388652,26,"Amaya, Vindas Jeffrey Alberto",C.T.P. De Puerto Jiménez,,0
1388652,27,"Barrantes, Rodriguez Samuel Josue",C.T.P. Umberto Melloni Campanini,,0
1388652,28,"Fernandez, Badilla Naykel Duban",Ipec Agua Buena,,0
1388652,29,"Mendoza, Avila Cedrekc Adrian",Experimental Bilingüe De Agua Buena,,0
1388652,30,"Miranda, Martinez Manuel",Ipec Agua Buena,,0
1388652,31,"Moreno, Palacios Demetrio",Colegio Indígena La Casona,,0
1388652,32,"Picado, Contreras Herlin Alberto",C.T.P. Carlos Manuel Vicente Castro,,0
1388652,33,"Picado, Ruiz Manfred Jafet",Ipec Agua Buena,,0
1388652,34,"Pulido, Araya Joseph Antonio",Liceo Ciudad Neily,,0
1388652,35,"Romero, Vargas Harby Alonso",Colegio Finca Naranjo,,0
1388652,36,"Santos, Aguirre Dorrell Asriel",Ipec Agua Buena,,0
1388652,37,"Segura, Gutierrez Dario Emiliano",Liceo Sabanillas,,0
1388652,38,"Vega, Gutierrez Ian Obeth",Colegio Finca Naranjo,,0
1388654,1,"MARTINEZ, TIRA KATRINA",,,5
1388654,2,"Sevilla, Vargas Maria Raquel",Humanístico Costarricense-Sede Coto,,4
1388654,3,"Vigil, Sanchez Madelyn Larissa",Liceo Ciudad Neily,,3
1388654,4,"Marin, Jimenez Kimberly Paola",Colegio Jorge Volio Jiménez,,3
1388654,5,"Perez, Campos Yuliana",C.T.P. Umberto Melloni Campanini,,2
1388654,6,"Santamaria, Mora Shauny Tamara",C.T.P. De Sabalito,,2
1388654,7,"Sosa, Valverde Emily Valeria",Colegio Finca Naranjo,,1
1388654,8,"Arauz, Arias Guiselle Johanna",C.T.P. Carlos Manuel Vicente Castro,,1
1388654,9,"Bermudez, Gomez Kembly Sofia",Liceo Comte,,0
1388654,10,"Brenes, Artavia Brithany Paola",Ipec Agua Buena,,0
1388654,11,"Corrales, Laurent Isabella",Liceo Sabanillas,,0
1388654,12,"Fallas, Duran Makerlyn Zayeth",C.T.P. De Corredores,,0
1388654,13,"Palacios, Watson Karina",Liceo Comte,,0
1388655,1,"Enriquez, Nuñez Justin Daniel",C.T.P. Henri François Pittier,,4.5
1388655,2,"Castro, Herrera Maverick Caleb",C.T.P. Guaycara,,3.5
1388655,3,"Alvarez, Quesada Jeancarlo Jesus",C.T.P. Umberto Melloni Campanini,,3.5
1388655,4,"Arroyo, Bermudez Andrew Matias",C.T.P. Henri François Pittier,,3
1388655,5,"Fernandez, Villafuerte Marco Andres",C.T.P. Carlos Manuel Vicente Castro,,3
1388655,6,"Jimenez, Aguero Jose David",C.T.P. Guaycara,,2.5
1388655,7,"Avila, Navarro Erick Andres",C.T.P. De Corredores,,2
1388655,8,"Rivera, Navarro Irwin Omar",C.T.P. Henri François Pittier,,2
1388655,9,"Granados, Castro Leonardo Gonzalo",C.T.P. De Corredores,,1
1388655,10,"Villarreal, Vallejos Jafet Said",C.T.P. Carlos Manuel Vicente Castro,,0
1388687,1,"Rivera Espinoza, Isaac",Villa Bonita,,3
1388687,2,"Mendez Herrera, Isaac",Santa Teresa,,2
1388687,3,"Salas Gomez, Daven",Manuela Santamaria,,2
1388687,4,"Mendez Sanchez, Andy",Enrique Pinto,,2
1388687,5,"Rojas Scafidi, Andres",Green House,,2
1388687,6,"Roman Alvarez, Felipe",Santa Teresa,,1
1388687,7,"Montero Vargas, Tomas",Gsd,,1
1388687,8,"Brown Lopez, Lorenzo",Gsd,,1
1388687,9,"Fonseca Cespedes, Ryan",San Diego,,0
1388688,1,"Viera Jara, Marcelo",Marista,,4
1388688,2,"Gonzalez Sosa, Santiago",Hummingbird,,3.5
1388688,3,"Solano Pereira, Emanuel",Saint Francis,,3
1388688,4,"Gonzalez Salas, Ismael",Santa Teresa,,3
1388688,5,"Jara Quiros, Christopher",Ascension Esquivel,,3
1388688,6,"Rojas Soto, Antonio",Santa Teresa,,3
1388688,7,"Solis Carballo, Carlos",Enrique Pinto,,2.5
1388688,8,"Arce Montero, Matthias",Autum Miller,,2
1388688,9,"Barrantes Alfaro, Jorge",Julia Fernandez,,2
1388688,10,"Chavarria Alvarez, Luka",Gsd,,2
1388688,11,"Jimenez Maroto, Fernando",Gsd,,2
1388688,12,"Gonzalez Rodriguez, Emilio",Holanda,,1
1388688,13,"Arias Vargas, Jaden",Villa Bonita,,1
1388688,14,"Benavides Mendez, Dempsey",Holanda,,1
1388688,15,"Tejada Palacios, David",Miguel Obregon,,1
1388688,16,"Rodriguez Rodriguez, Sebastian",Ascension Esquivel,,0
1388688,17,"Araya Gomez, Ignacio",Gabriela Mistral,,0
1388688,18,"Araya Gonzalez, Ian",Invu Las Canas,,0
1388688,19,"Rodriguez Rojas, Josue",Gabriela Mistral,,0
1388689,1,"Hernandez Montero, Sofia",Holanda,,3
1388689,2,"Guell Morera, Fabiana",Timoleon Morera,,2
1388689,3,"Velazquez Andrade, Esther",Holanda,,2
1388689,4,"Corella Salas, Bianca",Quebradas,,2
1388689,5,"Villegas Salas, Rebeca",Guatemala,,2
1388689,6,"Elizondo Arias, Karyme",Hummingbird,,1.5
1388689,7,"Salas Gomez, Lucy",Manuela Santamaria,,1.5
1388689,8,"Gamboa Oreamuno, Keyla",Gabriela Mistral,,1
1388689,9,"Benavides Gomez, Briana",Enrique Pinto,,0
1388689,10,"Rios Castillo, Emily",Miguel Obregon,,0
1388693,1,"Alvarez Ramirez, Emanuel",Liceo Pacto Jocote,,5
1388693,2,"Duran Araya, Aaron",Ctp Carrizal,,4
1388693,3,"Vargas Madrigal, Alessandro",Maria Vargas,,3
1388693,4,"Herrera Prendas, Mateo",Lsr Alajuela,,3
1388693,5,"Picado Vanderveen, Antonio",Green House,,3
1388693,6,"Venegas Castillo, Samuel",Liceo Turrucares,,3
1388693,7,"Ruiz Morales, Saul",Santa Teresa,,3
1388693,8,"Murillo Herrera, Gael",Saint John,,2
1388693,9,"Guadamuz Murillo, Sebastian",Ctp Invu Las Canas,,2
1388693,10,"Hervoso Jimenez, Lucas",Liceo El Carmen,,2
1388693,11,"Ramirez Carballo, Matthias",Sn Gerardo,,2
1388693,12,"Montes Rodriguez, Kendall",Maria Vargas,,1
1388693,13,"Calderon Montoya, Keyleb",Liceo El Carmen,,1
1388693,14,"Cordero Pitti, Daniel",Liceo Turrucares,,0
1388696,1,"Mena Paz, Ezly",Idea,,4
1388696,2,"Chaves Chavarria, Nataly",Pacto Del Jocote,,3
1388696,3,"Toro Jimenez, Samantha",Horizontes,,2
1388696,4,"Rodriguez Eduarte, Maripaz",Liceo Turrucares,,1
1388696,5,"Lippi Azofeifa, Luciana",Saint John,,0
1388699,1,"Cadena Diaz, Mateo",Marista,,5
1388699,2,"Mock Hegg, Cristopher",Horizontes,,4
1388699,3,"Velasquez Andrade, Angel",El Carmen,,3
1388699,4,"Morera Perez, Dereck",Maria Vargas,,3
1388699,5,"Soto Ocampo, Andres",San Diego,,3
1388699,6,"Montero Espinoza, Sebastian",Idea,,3
1388699,7,"Solis Leon, David",Redentorista,,2
1388699,8,"Bogantes Marin, Nickolas",Green House,,2
1388699,9,"Suarez Viera, Yeison",Gregorio Jose Ramirez,,1
1388699,10,"Bejarano Villalobos, Isaac",Turrucares,,0
1388699,11,"Prado Hernandez, Sebastian",Ctp Jesus Ocana,,0
1389065,1,"Chevez Lowe, Ismael",Rafael Iglesias,,5
1389065,2,"Morales Najera, Daniel",Caribbean School,,4
1389065,3,"Aguirre Mora, Jose",El Parque,,3
1389065,4,"Mccello Rojas, Ian",Caribbean School,,2.5
1389065,5,"Camacho Gonzalez, Osvaldo",Brisas de Zent,,2.5
1389065,6,"Garcia Leandro, Keyrick",Sector Norte,,2
1389065,7,"Collado Hernandez, Kion",Sector Norte,,1
1389067,1,"ALVAREZ, GONZALEZ CRISTOPHER JAVIER",LICEO DE PURISCAL,,4
1389067,2,"ORTIZ, PORTUGUEZ VICTOR SEBASTIAN",LICEO DE PURISCAL,,4
1389067,3,"ELIZONDO, ZUMBADO MAURICIO JOSE",C.T.P. DE PURISCAL,,3.5
1389067,4,"MORALES, MORA JAMES ADRIEL",COLEGIO DE TABARCIA,,3
1389067,5,"ESQUIVEL, AZOFEIFA NICOLAS",LICEO DIURNO CIUDAD COLÓN,,3
1389067,6,"SALAZAR, MESEN ESTEBAN",COMPLEJO EDUCATIVO SANTA LUCÍA,,2.5
1389067,7,"UMAÑA, MEZA JEYKELL GABRIEL",LICEO RURAL LA PALMA,,2
1389067,8,"MONGE, MADRIGAL SEBASTIAN DAVID",COLEGIO DE TABARCIA,,2
1389067,9,"MADRIGAL, ELIZONDO CARLOS ISAAC",LICEO NUEVO DE PURISCAL,,1
1389068,1,"ARAUZ, MORALES VICTOR IVAN",LICEO DE PURISCAL,,6
1389068,2,"BRENES, QUIROS DANIEL EDUARDO",C.T.P. DE PURISCAL,,5
1389068,3,"GONZALEZ, SEVILLA JOCHUA YONANDER",LICEO NUEVO DE PURISCAL,,3
1389068,4,"JIMENEZ, BUSTAMANTE LIAN ANTONIO",LICEO DE PURISCAL,,3
1389068,5,"CASTILLO, VILLAREVIA OSCAR ANDRES",C.T.P. DE PURISCAL,,2.5
1389068,6,"QUESADA, GONZALEZ DIEGO IVAN",COLEGIO DE TABARCIA,,1.5
1389068,7,"AGUILAR, MENDEZ EDWARD ANDRES",COLEGIO DE TABARCIA,,0
1389070,1,"SALAS, CHINCHILLA MARIANGEL",C.T.P. DE PURISCAL,,4
1389070,2,"MONGE, SANCHEZ NATALY VALERIA",LICEO RURAL LA PALMA,,2
1389070,3,"ROJAS, TORRES ANA LUCIA",LICEO DE PURISCAL,,0
1389071,1,"CAMPOS, FAJARDO MATILDE HERNESTINA",C.T.P. DE PURISCAL,,2
1389071,2,"VILLAREVIA, OPORTA DEYBIS DANIEL",LICEO DE PURISCAL,,1
1389071,3,"ACUÑA, MEDINA NIKOLE FERNANDA",LICEO RURAL LA PALMA,,0
1389074,1,"Hernandez Jimenez, Luciada",Sector Norte,,2
1389074,2,"Alfaro Gamboa, Brianny",Sector Norte,,0
1389147,1,"Brunnings, Willem",Rio Negro,,5
1389147,2,"Hassid, Eylan",Caribbean School,,4
1389147,3,"Marin, Santiago",Celia,,4
1389147,4,"Hidalgo, Kleverson",Olympia,,3
1389147,5,"Nunez, Jaikel",Silvestre Grant,,3
1389147,6,"Matamoros, Eidan",Silvestre Grant,,2.5
1389147,7,"Paniagua, Adrian",Caribbean School,,2.5
1389147,8,"Cruz, Delkan",Rafael Iglesias,,2.5
1389147,9,"Victor, Byron",El Parque,,2
1389147,10,"Garcia, Keyden",Hone Creek,,2
1389147,11,"Plant, Keyan",Pacuare,,2
1389147,12,"James, Jacob",Rafael Iglesias,,1.5
1389147,13,"Bryan, Selah",Olympia,,1
1389157,1,"Feng Wu, Victoria",Caribbean School,,4
1389157,2,"Campos, Sashary",Justo Antonio,,4
1389157,3,"Blandon, En Qi",Caribbean School,,3
1389157,4,"Gutierrez, Genesis",El Parque,,1.5
1389157,5,"Orozco, Valentina",Sector Norte,,1.5
1389157,6,"Siles, Mia",Sector Norte,,1
1389343,1,"SALMERON, QUIROS HILARY SOFIA",BRIBRÍ,,4
1389343,2,"MEDINA, RODRIGUEZ KHARYS JANESSA",SAN VICENTE,,3
1389343,3,"STUART, SELLES SAULI",SUIRI,,2
1389343,4,"FERNANDEZ, REYES RUTH",SAN MIGUEL,,1
1389343,5,"NAVARRETE, LUCIA",SUIRI,,0
1389344,1,"PAEZ, ANTOINE",BERNARDO DRUG,,3
1389344,2,"BLANCO, TORRES KEYDEN SAIT",SUIRI,,2
1389344,3,"PAEZ, DYLAN",BOCAUREN,,1
1389344,4,"ZUÑIGA, FERNANDEZ FAYDEN YADIEL",SAN VICENTE,,0
1389354,1,"ALMENGOR, VILLANUEVA JEYDEM EFRAIN",SURETKA,,5
1389354,2,"SANCHEZ, MORALES NAUL ISMAEL",SIBÖDI,,4
1389354,3,"MORALES, MORALES MATIAS GABRIEL",SANTO TOMÁS,,3.5
1389354,4,"VILLALOBOS, BROWN ROYDENTH JAMIR",SURETKA,,3.5
1389354,5,"GUIDO, MORALES IAN YAREY",SIBÖDI,,3.5
1389354,6,"YASLIN, EYTHAN",SUIRI,,3.5
1389354,7,"RODRÍGUEZ, BRANDON",BARA VIEN,,3
1389354,8,"SALAZAR, JHOSTIN",BERNARDO,,3
1389354,9,"MORALES, KEIDEN",BERNARDO,,3
1389354,10,"UVA, LOPEZ HECTOR JOSE",MOJONCITO,,3
1389354,11,"RODRIGUEZ, KEILETH",MOJONCITO,,3
1389354,12,"DIAZ, HERNANDEZ TAYRON STIPHEN",SANTO TOMÁS,,3
1389354,13,"LANGOMAS, ABELLAN YOHAN",BRIBRÍ,,2
1389354,14,"NERCIS, FRANCO",BERNARDO,,2
1389354,15,"HIDALGO, OBANDO JONATHAN EFREN",SAN VICENTE,,2
1389354,16,"MORALES, NITZIA",MOJONCITO,,2
1389354,17,"ARAN, ONILO",SIBODI,,2
1389354,18,"BROWN, PEREIRA JAYDEN KIRVIN",RANCHO GRANDE,,2
1389354,19,"JACKSON, IBRAHIM",RANCHO GRANDE,,2
1389354,20,"MORALES, QUIROS WESLEY CALEB",SAN MIGUEL,,2
1389354,21,"ESTRADA, LUIS",BRIBRI,,1
1389354,22,"ZUÑIGA, FERNANDEZ CHRISTOPHER GAEL",SAN VICENTE,,1
1389354,23,"SEVILLA, LOPEZ DILAN YAIR",RANCHO GRANDE,,1
1389355,1,"HERNANDEZ, MORALES YULIERKA TAMI",SANTO TOMÁS,,5
1389355,2,"TORRES, YASLIN SUNAY",SURETKA,,4
1389355,3,"ZUÑIGA, VILLALOBOS AMANDA RUBI",BRIBRÍ,,3
1389355,4,"PAEZ, PASCACIO IVANI YALEINI",RANCHO GRANDE,,3
1389355,5,"DIAZ, ORUNO YAILIN",SUIRI,,3
1389355,6,"MORALES, HERNANDEZ ALICE ELIZA",RANCHO GRANDE,,2
1389355,7,"LUPARRO, PAEZ YEIMELIN",SAN MIGUEL,,2
1389355,8,"UVA, ZUÑIGA MIA MELANI",SAN VICENTE,,1
1389355,9,"VILLALOBOS, MOORE ALISHA DASHANI",SHIROLES,,1
1389355,10,"FERNÁNDEZ, RUTH",SAN MIGUEL,,0
1389355,11,"IVANI, PAEZ",RANCHO GRANDE,,0
1389707,1,"Herrera Castro, David Elian",Mario Bourne,,5
1389707,2,"Otoya Sanchez, Adrian",Siquirres,,4
1389707,3,"Martinez Lanzas, Jose Andres",Maria Inmaculada,,3
1389707,4,"Flores Salazar, Luis Santiago",Bilinguie Siquirres,,3
1389707,5,"Harris Villarreal, Hayden",Parismina,,3
1389707,6,"Chaves Jimenez, Ronier",Siquirres,,3
1389707,7,"Romero Hughes, Kahleel Akim",Bilingue Siquirres,,3
1389707,8,"Gonzalez Sanchez, Deyvi Dario",Venecia,,2
1389707,9,"Loria Mora, Jeanfranco Yadir",Mario Bourne,,2
1389707,10,"Navarro Martinez, Lowane Dshairck",Deportivo,,1
1389707,11,"Corella Lobo, Ramses Omar",Sixaola,,1
1389707,12,"Ramirez Garro, Dereck Josue",Deportivo,,1
1389707,13,"Vargas Conejo, Keyshell Ariani",Venecia,,1
1389708,1,"Gonzalez Salazar, Matthew",CTP Batan,,5
1389708,2,"Guzman Montero, Yassin Gabriel",Siquirres,,4
1389708,3,"Kcuno Aimituma, Enzo Ivan",Sixaola,,3.5
1389708,4,"Ortega Parker, Emanuel",CTP Liverpool,,3
1389708,5,"Taylor Arce, Ian Lebron",San Marcos,,3
1389708,6,"Mo Hou, Aslan",Maria Inmaculada,,2.5
1389708,7,"Rodriguez Cruz, Johan Gustavo",Barra de Parismina,,2
1389708,8,"Cabraca Hernandez, Derrick Jefferson",Rio Banano,,2
1389708,9,"Zumbado Zuniga, Julio Cesar",San Marcos,,2
1389708,10,"Benavidez Moncada, Josue Manuel",Siquirres,,2
1389708,11,"Valverde Prado, Marcos Adrian",CINDEA Limon,,1
1389709,1,"Mora Valladares, Evans Bryant",CTP Limon,,2
1389709,2,"Soto Ramirez, Elian Alexander",CINDEA El Cocal,,1
1389709,3,"Barrientos Moritoy, Isaac Jose",CTP Batan,,0
1389710,1,"Araya Vaciana, Breyssi Yasiri",Deportivo,,4
1389710,2,"Garcia Obando, Kiara Daniela",CTP Limon,,3
1389710,3,"Concepcion Orozco, Hazel Nayeli",Paraiso,,1
1389710,4,"Campos Picado, Daniela Sofia",Siquirres,,1
1389768,1,"Blanco, Jurgen Gerard",Deportivo,,
1389768,1,"Gutierrez Bromley, Keydreyam",Deportivo,,
1389768,1,"Jimenez Mora, Joymarck",Deportivo,,
1389768,1,"Mc Gregor, Darnell",Deportivo,,
1389768,2,"Chavez, Josue",CTP Limon,,
1389768,2,"Saavedra Barquero, Isaac",CTP Limon,,
1389768,2,"Valverde, Meza",CTP Limon,,
1389768,3,"Derling,",CTP Batan,,
1389768,3,"Dylan,",CTP Batan,,
1389768,3,"Ever,",CTP Batan,,
1389768,3,"Sebastian,",CTP Batan,,
1389940,1,"VILLANUEVA, MORALES HIAN YAIMIR",COLEGIO SULÁYÖM,,5
1389940,2,"REYES, FERNANDEZ DORIAN JEREMY",COLEGIO SEPECUE,,4
1389940,3,"TORRES, ROJAS JULIAN ALEJANDRO",COLEGIO SULÁYÖM,,3
1389940,4,"HERNANDEZ, MORENO DERIAN ALEXIS",COLEGIO SEPECUE,,3
1389940,5,"GUADAMUZ, DIAZ RAMSES JOHAMIR",COLEGIO SEPECUE,,3
1389940,6,"SALAZAR, LOPEZ ADONAI FADEL",COLEGIO SULÁYÖM,,2.5
1389940,7,"HERNANDEZ, HIDALGO KENRY",USEKLA,,2.5
1389940,8,"MOLINA, HERNANDEZ WILMER",USEKLA,,2
1389940,9,"CHAVES, MENESES RUTH",USEKLA,,2
1389940,10,"GUERRA, AGUILAR MATIUS YARIEL",LICEO RURAL GAVILÁN,,2
1389940,11,"ALVARADO, JIMENEZ KAREL ANDRE",LICEO RURAL USEKLA,,1
1389940,12,"AGUIRRE, SANCHEZ EDUAR",SHIROLES,,0
1389942,1,"VILLANUEVA, IGLESIAS MATHY FLORETH",COLEGIO SULÁYÖM,,5
1389942,2,"JIMENEZ, ALMENGOR KATE NAOMY",COLEGIO SULÁYÖM,,4
1389942,3,"MORA, ARIAS DANIELA",SHIROLES,,2
1389942,6,"HDEZ, GARCIA KIARA",SEPECUE,,0
1389948,1,"REYES, ZUNIGA NAYELI",USEKLA,,4
1389948,2,"MORALES, LOPEZ HENICZA",COLEGIO SEPECUE,,3
1389948,3,"VILLANUEVA, UVA ASHLYN",USEKLA,,2
1389948,4,"CHAVES, VARELA SOOCHYL TATIANA",LICEO RURAL USEKLA,,1
1389948,5,"MORALES, ROSA CHRISTIE",KATSY,,0
1389950,1,"GARCIA, MORALES BRAINER",CINDEA SEPECUE,,5
1389950,2,"BLANCO, DIAZ ALBERTH JOEL",COLEGIO SULÁYÖM,,4
1389950,3,"PEÑARANDA, ARCE DEREK",LICEO RURAL COROMA,,4
1389950,4,"MORALES, CHACON YARET ADRIAN",COLEGIO SULÁYÖM,,4
1389950,5,"JIMENEZ, HERNANDEZ RANDAL VLADIMIR",LICEO RURAL KATSI,,3
1389950,6,"UVA, KIUMBI EMILSON",USEKLA,,3
1389950,7,"MORALES, HERNANDEZ DERECK ALAIN",LICEO RURAL COROMA,,3
1389950,8,"PORRAS, TORRES DARWIN KARLITH",LICEO RURAL USEKLA,,3
1389950,9,"MENDEZ, ROJAS JOSE JAIME",COLEGIO SULÁYÖM,,3
1389950,10,"TORRES, GOMEZ CHRISTIAN",USEKLA,,2
1389950,11,"CHAVES, MENESES HEINER",LICEO RURAL GAVILÁN,,2
1389950,12,"UVA, HERANDEZ FABRICIO",USEKÑA,,2
1389950,13,"ALMENGOR, GARCIA JABET ARIET",LICEO RURAL COROMA,,2
1389950,14,"JACKSON, CORTES LEANDRO",KATSY,,2
1389950,15,"GUILLEN, ROCHA DWANY",SHIROLES,,1
1389950,16,"MORALES, TORRES ADRIAN ALFREDO",LICEO RURAL USEKLA,,1
1389950,17,"FERNANDEZ, ORTIZ BRANDON DARIEL",LICEO RURAL GAVILÁN,,1
1389953,1,"Rieke Avery, Lavaun",SAINT JOSEPHINE,,0
1389953,2,"Vargas Penaranda, Lizz",CARRILLOS POAS,,0
1389953,3,"Esquivel Rojas, Maria Alexa",LEB GRECIA,,0
1389953,4,"Espinoza Marin, Jasline",LEB GRECIA,,0
1389953,5,"Canales Hernandez, Alexandra",PUENTE PIEDRA,,0
1389973,1,"Chinchilla Solis, Javier Alonso",LICEO SINAÍ,,
1389973,1,"Diaz Carvajal, Ian Alonso",LICEO SINAÍ,,
1389973,1,"Rivera Angulo, Francisco Alberto",LICEO SINAÍ,,
1389973,1,"Salas Rojas, Jose Pablo",LICEO SINAÍ,,
1389973,1,"Sequeira Solis, Shane Stevens",LICEO SINAÍ,,
1389973,2,"Alvarenga Carranza, Alvaro Ernesto",LICEO UNESCO,,
1389973,2,"Aragon Ulate, Jeremy Alberto",LICEO UNESCO,,
1389973,2,"Gonzalez Retana, Fabian Daniel",LICEO UNESCO,,
1389973,2,"Naranjo Mora, Marco Ricardo",LICEO UNESCO,,
1389973,2,"Webb Perez, Cristian Jose",LICEO UNESCO,,
1389973,3,"Gonzalez Mendez, Felipe",CIENTÍFICO PZ -UNA,,
1389973,3,"Mora Cordero, Jared Fabian",CIENTÍFICO PZ -UNA,,
1389973,3,"Mora Venegas, Steven Daniel",CIENTÍFICO PZ -UNA,,
1389973,3,"Niessen Cruz, Yannick",CIENTÍFICO PZ -UNA,,
1389973,4,"Fernandez Rojas, Itzan Damian",C.T.P. SAN ISIDRO,,
1389973,4,"Gomez Sanchez, Jefferson Jesus",C.T.P. SAN ISIDRO,,
1389973,4,"Jimenez Zuñiga, Jostin Gribley",C.T.P. SAN ISIDRO,,
1389973,4,"Mora Mora, Juan David",C.T.P. SAN ISIDRO,,
1389973,4,"Valverde Cordero, Santiago",C.T.P. SAN ISIDRO,,
1389973,5,"Atencio Fernandez, Octavio Alfonso",COLEGIO DEL VALLE,,
1389973,5,"Baldi Mora, Fabian",COLEGIO DEL VALLE,,
1389973,5,"Beaufay Van, Roy Zayan",COLEGIO DEL VALLE,,
1389973,5,"Blanco Montealegre, Santiago Alonso",COLEGIO DEL VALLE,,
1389973,6,"Blanco Calderon, Josue Jareft",LICEO SAN PEDRO,,
1389973,6,"Bonilla Barrantes, Matias Ivan",LICEO SAN PEDRO,,
1389973,6,"Diaz Vasquez, Auner Velkam",LICEO SAN PEDRO,,
1389973,6,"Mora Samudio, Yender Antonio",LICEO SAN PEDRO,,
1389973,6,"Salina Campos, Anderson Stiven",LICEO SAN PEDRO,,
1389973,7,"Fernandez Castillo, Santiago",UP DR. CALDERÓN,,
1389973,7,"Mora Castro, Andrey Emanuel",UP DR. CALDERÓN,,
1389973,7,"Sibaja Rivera, Christopher Andres",UP DR. CALDERÓN,,
1389979,1,"Mendez Torres, Cristel Daniela",LICEO SINAÍ,,
1389979,1,"Mendez Torres, Cristy Rocio",LICEO SINAÍ,,
1389979,1,"Valenciano Arias, Alanis Carolina",LICEO SINAÍ,,
1389979,1,"Vega Aguero, Kyhara Mariel",LICEO SINAÍ,,
1389979,2,"Badilla Fallas, Nicole Veronica",C.T.P. SAN ISIDRO,,
1389979,2,"Naranjo Diaz, Renata",C.T.P. SAN ISIDRO,,
1389979,2,"Salas Sanchez, Maria Tamara",C.T.P. SAN ISIDRO,,
1389979,2,"Valverde Jimenez, Lucia Valezca",C.T.P. SAN ISIDRO,,
1389979,3,"Amen Valverde, Lucia",COLEGIO DEL VALLE,,
1389979,3,"Camacho Castro, Sofia",COLEGIO DEL VALLE,,
1389979,3,"Castro Barrantes, Yulisa Estelia",COLEGIO DEL VALLE,,
1389979,3,"Mora Aguilar, Catalina",COLEGIO DEL VALLE,,
1389979,3,"Vega Vargas, Mia Celeste",COLEGIO DEL VALLE,,
1389980,1,"MONGE HERNANDEZ DERECK YAIR,",LICEO SINAÍ,,4
1389980,2,"RODRIGUEZ MOYA ESTEBAN DAVID,",C.T.P. SAN ISIDRO,,3.5
1389980,4,"CAMPOS SALAZAR LUIS FELIPE,",CTP PLATANARES,,2
1389980,5,"SANDI CHINCHILLA KEYLOR ANDRES,",CIENTÍFICO DE COSTA RICA DE PEREZ Z,,2
1389980,6,"GARRO JIMENEZ SANTIAGO,",LICEO FERNANDO VOLIO JIMÉNEZ,,0
1397234,1,"Viera Jara, Marcelo Emmanuel",Marista,1533,5
1397234,2,"Flores Rojas, Yendrick Jafeth",Santiago Crespo Calvo,1458,3
1397234,3,"Solano Pereira, Emmanuel",Saint Francis,1445,2
1397234,4,"Gould Papili, Lucca",U.P. San Francisco,,2
1397234,6,"Castro Salazar, Mateo",Otilio Ulate Blanco,,1
1397236,1,"Hernandez Montero, Sofia",Holanda,,5
1397236,2,"Fonseca Garita, Valentina",Nuevo Milenio,,3
1397236,5,"Torres Alvarez, Lucia",Palmitos,1404,1
1397236,6,"Maroto Lizano, Samanta",SEP,,0
1397241,1,"Santamaria Jimenez, Israel",Laboratorio,1482,
1397241,1,"Davies Klinkov, Andrey",Laboratorio,1471,
1397241,1,"Cubero Ramirez, Victor Joel",Laboratorio,,
1397241,1,"Santamaria Torres, Marck Paolo",Laboratorio,,
1397241,2,"Gonzalez Arguedas, Gabriel",Timoleon Morera,1511,
1397241,2,"Aguilar Alvarado, Cesar Enrique",Timoleon Morera,1400,
1397241,2,"Mena Arias, Adriel",Timoleon Morera,1400,
1397241,2,"Molina Castillo, Felipe Jose",Timoleon Morera,,
1397241,3,"Araya Peraza, Emiliano",Santa Fe Pacific,,
1397241,3,"Lara Perez, Alejandro",Santa Fe Pacific,,
1397241,3,"Mendez Molina, Nicolas",Santa Fe Pacific,,
1397241,3,"Rodriguez Perez, Felipe",Santa Fe Pacific,,
1397241,4,"Ramirez Elizondo, Javier",CBSR,1480,
1397241,4,"Ramirez Elizondo, Julian",CBSR,1417,
1397241,4,"Villalobos Guerrero, Jose Andres",CBSR,1404,
1397241,4,"Chaves Esquivel, Juan Pablo",CBSR,1400,
1397241,4,"Solis Rodriguez, Samuel",CBSR,,
1397241,5,"Quesada Montealegre, Federico",GSD,1400,
1397241,5,"Alfaro Collins, Isaac Francisco",GSD,,
1397241,5,"Esquivel Borbon, Santiago",GSD,,
1397241,5,"Torres Rojas, Rodrigo",GSD,,
1397241,5,"Vindas Salazar, Mariano",GSD,,
1397241,6,"Cordero Rojas, Gael",Santiago Crespo Calvo,1407,
1397241,6,"Cascante Palacios, Edwin Hugo",Santiago Crespo Calvo,1400,
1397241,6,"Gonzalez Chaves, Sebastian Andres",Santiago Crespo Calvo,1400,
1397241,6,"Marin Sandoval, Alessandro Andres",Santiago Crespo Calvo,,
1397247,1,"Fallas Salas, Cassandra Sofia",Santiago Crespo Calvo,1400,
1397247,1,"Carranza Gonzalez, Mariangel",Santiago Crespo Calvo,,
1397247,1,"Toledo Vargas, Samanta de los Angeles",Santiago Crespo Calvo,,
1397247,1,"Vasquez Beteta, Sharon Vanesa",Santiago Crespo Calvo,,
1397247,2,"Nunez Robles, Maryanne",CBSR,1400,
1397247,2,"Rodriguez Alvarez, Fatima",CBSR,1400,
1397247,2,"Fernandez Cascante, Angelica",CBSR,,
1397247,2,"Ramirez Orozco, Isabella",CBSR,,
1397247,2,"Sancho Ramirez, Emma",CBSR,,
1397247,3,"Bonilla Rojas, Luciana",GSD1,,
1397247,3,"Diaz Villaplana, Isabella",GSD1,,
1397247,3,"Mora Godinez, Emma Sofia",GSD1,,
1397247,3,"Quesada Shedden, Luciana",GSD1,,
1397247,4,"Calvo Umana, Alicia",GSD2,,
1397247,4,"De Pinedo Zunzunegui, Luna",GSD2,,
1397247,4,"Jimenez Chaves, Amelia",GSD2,,
1397247,4,"Makhlouf Conejo, Alana",GSD2,,
1397247,5,"Araya Vargas, Sofia",Santa Fe Pacific,,
1397247,5,"Arias Gonzalez, Rosa Amelia",Santa Fe Pacific,,
1397247,5,"Granados Alfaro, Mariangel",Santa Fe Pacific,,
1397247,5,"Wu Mo, Vanessa Suki",Santa Fe Pacific,,
1397247,6,"Alcocer Meza, Amy Samantha",Republica de Colombia,,
1397247,6,"Fernandez Munoz, Lucia Daniela",Republica de Colombia,,
1397247,6,"Marin Araya, Sofia",Republica de Colombia,,
1397247,6,"Vargas Ramirez, Emma Daniela",Republica de Colombia,,
1397249,1,"Estrada Rodriguez, Hendrik",Colegio de Naranjo,1726,4
1397249,4,"Vargas Artavia, Joshua David",CTP Bolivar,1558,2
1397249,5,"Sanchez Sanchez, Juan Tobias",CTP Calle Zamora,1542,0.5
1397252,1,"Campos Munoz, Valentina",MARTHA MIRAMBELL,1960,5
1397252,2,"Andrade Jara, Aythana De Dios",Marista,1441,4
1397252,3,"Vasquez Rodriguez, Emily",LEB Palmares,1400,3
1397252,4,"Vindas Vargas, Maria Paula",SEP,,1.5
1397252,5,"Soto Euceda, Victoria",Redentorista,,1
1397252,6,"Vargas Solorzano, Isabella",SEP,,0.5
1397262,1,"Herrera Carmona, Jhoel",LEB Grecia,1721,
1397262,1,"Jarrin Carranza, Jean Mathew",LEB Grecia,1487,
1397262,1,"Serrano Espinoza, Mattew",LEB Grecia,1445,
1397262,1,"Borjes Vargas, Sara",LEB Grecia,1420,
1397262,1,"Rodriguez Solis, Pablo",LEB Grecia,,
1397262,2,"Solano Hidalgo, Kenneth",Santa Gertrudis,1530,
1397262,2,"Baltodano Mendoza, Matias",Santa Gertrudis,1525,
1397262,2,"Alvarado Mesen, Austin",Santa Gertrudis,1400,
1397262,2,"Oviedo Miranda, Juan Diego",Santa Gertrudis,,
1397262,2,"Ulloa Castro, Joshua",Santa Gertrudis,,
1397262,3,"Rodriguez Zuniga, Matias Yermay",Redentorista,1839,
1397262,3,"Madrigal Bolanos, Frank Ignacio",Redentorista,1435,
1397262,3,"Berrocal Solorzano, Pablo Daniel",Redentorista,1419,
1397262,3,"Soto Rodriguez, Deykel Alexander",Redentorista,1400,
1397262,4,"Urena Matamoros, Sebastian",CBSR,1624,
1397262,4,"Nunez Robles, Bryan Josue",CBSR,1402,
1397262,4,"Blanco Fernandez, Emmanuel Jose",CBSR,1400,
1397262,4,"Gonzalez Vargas, Gabriel",CBSR,1400,
1397262,4,"Salazar Chavarria, Fabian Alberto",CBSR,1400,
1397262,5,"Gonzalez Alpizar, Franco",Instituto Superior Julio Acosta Garcia,1456,
1397262,5,"Mendez Chacon, Nigel Sebastian",Instituto Superior Julio Acosta Garcia,,
1397262,5,"Monge Sanchez, Katerine Fernanda",Instituto Superior Julio Acosta Garcia,,
1397262,5,"Sanchez Batista, Warner",Instituto Superior Julio Acosta Garcia,,
1397262,5,"Vargas Garcia, Carlos Efrain",Instituto Superior Julio Acosta Garcia,,
1397262,6,"Angulo Mendoza, Bryan Mauricio",CTP Zarcero,,
1397262,6,"Castro Soto, Emanuel",CTP Zarcero,,
1397262,6,"Garcia Perez, Calet Arturo",CTP Zarcero,,
1397262,6,"Tencio Barrantes, Harold Josue",CTP Zarcero,,
1398510,1,"Perez Franco, Andrew De Dojshua",Benemerito Liceo José Martí,,3.5
1398510,2,"Vega Badilla, Michael",C.T.P. Esparza,,3
1398510,3,"Zannoni Flores, Leo",Colegio Ecoturístico del Pacífico,,2.5
1398510,4,"Zapata Carrillo, Kendrick Samir",C.T.P. de Quepos,,1
1398510,5,"Fernandez Gonzalez, Nathan Caleth",C.T.P. de Quepos,,0
1398514,1,"Aguero Contreras, Reychel Tamara",Sistema Educativo Los Delfines,,5
1398514,2,"Rodriguez Luna, Genesis Liseth",Cientifico de Parrita - UNED,,3
1398514,3,"Sanchez Arce, Meredit",Colegio Laboratorio del C.U.P,,3
1398514,4,"Guerra Castro, Micheyling Juliana",C.T.P. de Quepos,,2
1398514,5,"Aleman Suazo, Brisa",C.T.P. de Santa Elena,,2
1398514,6,"Tapia Ponce, Yuliana Isabel",Liceo Emiliano Odio Madrigal,,0
1398521,1,"Rojas Alvarez, Denilson Fernando",Delia Urbina de Guevara,,5
1398521,2,"Leiton Naranjo, Thiago",José María Zeledón Brenes,,3.5
1398521,3,"Duran Bejarano, Yadzell Edgardo",Juan Bautista Santamaría,,2.5
1398521,4,"Norris Hernandez, Sky Justice",Sistema Educativo Los Delfines,,2
1398521,5,"Arguedas Vargas, Santiago Jose",Escuela Cristiana El Puente,,1
1398521,6,"Gutierrez Varela, Bastian",Countryside Academy,,1
1398524,1,"Ortega Ramirez, Emily Sofia",El Mojón,,6
1398524,2,"Tripovich Zuniga, Sofia Daneysha",Delia Urbina de Guevara,,4
1398524,3,"Fajardo Barquero, Alma",Escuela Cristiana El Puente,,2
1398524,4,"Aguilar Vasquez, Veronica de Los Angeles",La Costanera,,0
1398654,1,"Porras, Fábio Acuña",Esc. Miravalles,,5
1398654,2,"García, Fabricio Villalobos",Esc. Juan Ramírez,,4
1398654,3,"Navarro, Felipe Díaz",Los Alpes,,3
1398654,4,"Solano, Francisco Ortega",Cecilio Lindo,,2
1398654,5,"Monge, Esteban Moreno",Esc. San Lorenzo,,1
1398654,6,"Monge Mata, Claris Gerardo",Esc. San Rafael,,0
1398655,1,"Villavicencia, Angela Segura",Esc. Ricardo Jiménez,,4
1398655,2,"Moya Cubero, Ana Valeria",Esc. Monseñor Sanabria,,3
1398655,3,"Álvarez, Luciana Suárez",Esc. Mariano Cortes,,2
1398655,4,"Bravo, Valentina Vega",Esc. Manuel Jiménez de la Guardia,,1
1398655,5,"Bonilla, Mariangel Quesada",Esc. Japón,,0
1398657,1,"González Agüero, Julián Mauricio",Colegio Sonny,,5
1398657,2,"Cerdas, Moises Romero",CTP La Suiza,,3.5
1398657,3,"Trejos Chacón, José Daniel",Clodomiro Picado,,2.5
1398657,4,"Cabezas, Santiago Brenes",Liceo Elías Leiva Quirós,,2
1398657,5,"Navarro, Jostin Madrigal",Liceo Copey,,1
1398657,6,"Calvo Rojas, Johan Josué",Liceo Santa Cruz,,1
1398658,1,"Hernández Jiménez, Tania Isabel",LEB Figueres Ferrer,,4
1398658,2,"Calvo Salas, Ayelen Luciana",LEB Turrialba,,3
1398658,3,"Vargas, Raquel Rivera",Liceo San Carlos,,2
1398658,4,"Chinchilla, Guadalupe Flores",Liceo Copey,,1
1398658,5,"Pereira, Ariatni Hernández",Liceo Tres Equis,,0
1398660,1,"Barboza Rojas, Maripaz",Cecilio Lindo,,
1398660,1,"Guerrero Fernandez, Emma",Cecilio Lindo,,
1398660,1,"Gutierrez Cascante, Monserrath",Cecilio Lindo,,
1398660,1,"Rivera Morales, Alana",Cecilio Lindo,,
1398660,2,"Castro Gomez, Emma",CATIE,,
1398660,2,"Navarro Roper, Zyara",CATIE,,
1398660,2,"Novoa Rodriguez, Valeria",CATIE,,
1398660,2,"Sanchez Norddal, Anna",CATIE,,
1398660,2,"Sandi Alvarez, Isabella",CATIE,,
1398660,3,"Cordero Jimenez, Kendra",Escuela Guayabal,,
1398660,3,"Mena Solano, Arlene",Escuela Guayabal,,
1398660,3,"Navarro Siles, Mayeli",Escuela Guayabal,,
1398660,3,"Rojas Vega, Ariana",Escuela Guayabal,,
1398661,1,"Diaz Mora, Isai",CATIE,,
1398661,1,"Gros, Joel",CATIE,,
1398661,1,"Lopez Garcia, Sebastian",CATIE,,
1398661,1,"Orozco Sanchez, Matias",CATIE,,
1398661,1,"Villata Pizarro, Emanuel",CATIE,,
1398661,2,"Calderon Brenes, Issac",Escuela del Padre Peralta,,
1398661,2,"Chaves Cortes, Lucio",Escuela del Padre Peralta,,
1398661,2,"Loria Schnitzler, Marcelo",Escuela del Padre Peralta,,
1398661,2,"Ovares Arce, Danny",Escuela del Padre Peralta,,
1398661,3,"Barboza Rojas, Emmanuel",Cecilio Lindo,,
1398661,3,"Blanco Martinez, Noe",Cecilio Lindo,,
1398661,3,"Carvajal Esquivel, Isaac",Cecilio Lindo,,
1398661,3,"Lazo Rojas, Gerson",Cecilio Lindo,,
1398661,3,"Melendez Fuentes, Gadiel",Cecilio Lindo,,
1398661,4,"Cespedes Aguilar, Saul",Escuela Monseñor Sanabria,,
1398661,4,"Guillen Gomez, Nicolas",Escuela Monseñor Sanabria,,
1398661,4,"Marin Pacheco, Jeykel",Escuela Monseñor Sanabria,,
1398661,4,"Palma Gonzalez, Lucas",Escuela Monseñor Sanabria,,
1398661,5,"Brizuela Fallas, Daniel",Esc. León Cortés Castro,,
1398661,5,"Flores Vega, Eithan",Esc. León Cortés Castro,,
1398661,5,"Rios Naranjo, Joaquin",Esc. León Cortés Castro,,
1398661,5,"Romero Solis, Aaron",Esc. León Cortés Castro,,
1398661,6,"Monge Fallas, Jose",Esc. Japón,,
1398661,6,"Porras Bermudez, Thiago",Esc. Japón,,
1398661,6,"Ulloa Navarro, Thiago",Esc. Japón,,
1398663,1,"Castro Sanchez, Joel",Santa Teresita,,
1398663,1,"Juarez Lizano, Samuel",Santa Teresita,,
1398663,1,"Mendez Sanchez, Carlos",Santa Teresita,,
1398663,1,"Solano Valerio, Sergio",Santa Teresita,,
1398663,2,"Araya Sanchez, Sebastian",CTP Orosí,,
1398663,2,"Calderon Conejo, Jose",CTP Orosí,,
1398663,2,"Castro Solano, Ahren",CTP Orosí,,
1398663,2,"Fuentes Cabrera, Andy",CTP Orosí,,
1398663,3,"Brenes Brenes, Danilo",Colegio Elías Leiva Quirós,,
1398663,3,"Marchena Montero, Saul",Colegio Elías Leiva Quirós,,
1398663,3,"Soto Abarca, Fernando",Colegio Elías Leiva Quirós,,
1398663,3,"Zuñiga Serrano, Dayonel",Colegio Elías Leiva Quirós,,
1398663,4,"Cordero Murillo, Juan",Liceo Copey,,
1398663,4,"Cruz Vargas, Derek",Liceo Copey,,
1398663,4,"Duran Mora, Erickson",Liceo Copey,,
1398663,4,"Monge Mata, Israel",Liceo Copey,,
1398663,4,"Vindas Prado, Emmanuel",Liceo Copey,,
1398663,5,"Calderon Castro, Marvin",Liceo Tarrazú,,
1398663,5,"Granados Calvo, Jose",Liceo Tarrazú,,
1398663,5,"Guzman Duran, Angel",Liceo Tarrazú,,
1398663,5,"Mendez Azofeifa, Josefat",Liceo Tarrazú,,
1398663,5,"Umaña Navarro, Angel",Liceo Tarrazú,,
1398663,6,"Gutierrez Valverde, Derek",CTP La Suiza,,
1398663,6,"Perez Sandoval, Ferdinand",CTP La Suiza,,
1398663,6,"Porras Aguilar, Moises",CTP La Suiza,,
1398663,6,"Romero Lopez, Chris",CTP La Suiza,,
1398663,6,"Sanchez Fonseca, Jordan",CTP La Suiza,,
1398664,1,"Brenes Campos, Brithany",CTP La Suiza,,
1398664,1,"Chacon Jimenez, Elena",CTP La Suiza,,
1398664,1,"Granados Sanchez, Sophia",CTP La Suiza,,
1398664,1,"Meza Flores, Sofia",CTP La Suiza,,
1398664,2,"Barreda Bermudez, Dariana",Liceo Manuel Emilio Rodríguez,,
1398664,2,"Barreda Bermudez, Dayana",Liceo Manuel Emilio Rodríguez,,
1398664,2,"Bermudez Redondo, Hellen",Liceo Manuel Emilio Rodríguez,,
1398664,2,"Castillo Hernandez, Sheryl",Liceo Manuel Emilio Rodríguez,,
1398664,3,"Abarca Mena, Kristel",Liceo San Carlos,,
1398664,3,"Cruz Esquivel, Ashley",Liceo San Carlos,,
1398664,3,"Garro Abarca, Allison",Liceo San Carlos,,
1398664,3,"Rivera Vargas, Noemi",Liceo San Carlos,,
1398939,1,"Calderon Reyes, Yadir",,,3
1398939,2,"Reyes Ramirez, Latrell",,,2
1398939,3,"Benavides Avila, Saul",,,1
1398939,4,"Rojas Molina, Sebastian",,,0
1398940,1,"Garita Vargas, Amber",,,4
1398940,2,"Rios Alvarez, Ana Lucia",,,3
1398940,3,"Brenes Chaves, Maria Belen",,,2
1398940,4,"Miranda Abarca, Samira",,,1
1398940,5,"Arias Calvo, Luciana",,,0
1398941,1,"Leon Robles, Daniel A",,,4.5
1398941,2,"Sandoval Fallas, Junior",,,3.5
1398941,3,"Sojo Miranda, Ivan",,,3
1398941,4,"Hernandez Ramirez, Mateo",,,2
1398941,5,"Bermudez Rubi, Heykel",,,2
1398941,6,"Rallo Barreda, Yekson",,,0
1399562,1,"Blanco Chacin, Santiago",,,4.5
1399562,2,"Larinov, Lev",,,4
1399562,3,"Brenes Prendas, Mateo",,,3.5
1399562,4,"Carmona Bonilla, Lucas",,,2
1399562,5,"Brenes Zúñiga, Dharrel",,,1
1399562,6,"Vargas Guzmán, Denisse",,,0
1399563,1,"Lakshimi Santhosh, Mithila",,,5
1399563,2,"Mesén Díaz, Emma",,,4
1399563,3,"Loria Calderón, Giula",,,3
1399563,4,"Pérez Sequeira, Ariana",,,2
1399563,5,"Vega Salazar, Isabella",,,1
1399563,6,"Valverde Gutíerrez, Marycris",,,0
1399565,1,"Ortíz Portuguez, Victor",,,3.5
1399565,2,"Rodríguez Pazmiño, Tomas",,,3
1399565,3,"Álvarez González, Javier",,,2.5
1399565,4,"Arce Arias, Jaycob",,,1
1399565,5,"Barboza Madrigal, Matias",,,0
1399566,1,"Jara Madrigal, Ximena",,,3
1399566,2,"Aguilar Naranjo, Ivanna",,,2
1399566,3,"Solano Calvo, Denise",,,1
1399566,4,"Valverde Torres, Daira",,,0
1400297,1,"Torres Rodriguez, Daniel Iosev",Humanístico Costarricense Sede Coto,,5
1400297,2,"Cordero Esquivel, Gabriel",LICEO AEROPUERTO JERUSALÉN,,4
1400297,3,"Aguirre Moya, David Andres",C.T.P. SAN ISIDRO,,3
1400297,4,"Rodriguez Medrano, Yousif Andres",C.T.P. De Osa,,2
1400297,5,"Calderon Villarruel, Percy Manuel",Liceo Rural Salitre,,1
1400297,6,"Aguilar Solorzano, Matteo Antonio",CTP Umberto Melloni Campanini,,0
1400298,1,"Erf Vargas, Vaioleth Alisha",C.T.P. SAN ISIDRO,,5
1400298,2,"Sevilla Vargas, Maria Raquel",Humanístico Costarricense Sede Coto,,4
1400298,3,"Katrina Martinez, Tira",,,3
1400298,4,"Corrales Abarca, Jimena",CIENTÍFICO DE COSTA RICA DE PEREZ Z,,2
1400298,5,"Madriz Ortiz, Janaina Jazmin",Liceo Rural Salitre,,1
1400298,6,"Villanueva Beita, Andrea Sofia",Colegio De Ujarrás,,0
1400301,1,"Francisco Rivera,",Liceo Sinaí,,
1400301,1,"Javier Chinchilla,",Liceo Sinaí,,
1400301,1,"Jose Daniel Monge,",Liceo Sinaí,,
1400301,1,"Jose Pablo Salas,",Liceo Sinaí,,
1400301,1,"Shane Sequeira,",Liceo Sinaí,,
1400301,2,"Alvaro Alvarenja,",Liceo Unesco,,
1400301,2,"Cristian Webb,",Liceo Unesco,,
1400301,2,"Fabian Gonzalez,",Liceo Unesco,,
1400301,2,"Jeremy Aragon,",Liceo Unesco,,
1400301,2,"Marco Naranjo,",Liceo Unesco,,
1400301,3,"Cedreck Mendoza,",Liceo Experimental Bilingue Agua Buena,,
1400301,3,"Elias Salina,",Liceo Experimental Bilingue Agua Buena,,
1400301,3,"Enderson Cordero,",Liceo Experimental Bilingue Agua Buena,,
1400301,3,"Ivan Abarca,",Liceo Experimental Bilingue Agua Buena,,
1400301,4,"Alejandro Flores,",Liceo Bilingue Italo Costarricense,,
1400301,4,"Dreivin Fernandez,",Liceo Bilingue Italo Costarricense,,
1400301,4,"Ignacio Ramirez,",Liceo Bilingue Italo Costarricense,,
1400301,4,"Santiago Campos,",Liceo Bilingue Italo Costarricense,,
1400301,5,"Daymoon Rojas,",Buenos Aires A,,
1400301,5,"Freimin Hidalgo,",Buenos Aires A,,
1400301,5,"Jhon Espinoza,",Buenos Aires A,,
1400301,5,"Lesly Vargas,",Buenos Aires A,,
1400301,5,"Santiago Cordero,",Buenos Aires A,,
1400301,6,"Jairo Rodriguez,",Buenos Aires B,,
1400301,6,"Johan Lopez,",Buenos Aires B,,
1400301,6,"Jose Figueroa,",Buenos Aires B,,
1400301,6,"Keilor Ramirez,",Buenos Aires B,,
1400304,1,"Brianna Vindas,",Liceo Sinaí,,
1400304,1,"Cristel Mendez,",Liceo Sinaí,,
1400304,1,"Cristy Mendez,",Liceo Sinaí,,
1400304,1,"Kyhara Vega,",Liceo Sinaí,,
1400304,1,"Yeilyn Esquivel,",Liceo Sinaí,,
1400304,2,"Nicole Badilla,",CTP San Isidro,,
1400304,2,"Renata Naranjo,",CTP San Isidro,,
1400304,2,"Sara Ferretto,",CTP San Isidro,,
1400304,2,"Tamara Salas,",CTP San Isidro,,
1400304,3,"Natzumy Anees,",Liceo Cuidad Neily,,
1400304,3,"Pamela Jimenez,",Liceo Cuidad Neily,,
1400304,3,"Shaunny Lizano,",Liceo Cuidad Neily,,
1400363,1,"Villegas Badilla, Evanz",San Pedro,,5
1400363,2,"Monge Araya, Samuel",Centro Educativo Fray Felipe,,4
1400363,3,"Villalobos Palacios, Misael",Escuela Fila de Trucho,,2.5
1400363,4,"Quintero Montero, Damian",Sierpe,,2
1400363,5,"Naranjo Mendez, Sebastian",Escuela La Fuente,,1.5
1400363,6,"Perier Castellanos, Mathis",Tres Ríos,,0
1400368,1,"Corrales Corrales, Ana Maria",CENTRO EDUCATIVO FRAY FELIPE,,4
1400368,2,"Ceciliano Azofeifa, Amy Samantha",CENTRO EDUCATIVO INSTITUCIÓN EDUCAT,,2
1400368,3,"Obando Aguilar, Brenda Paola",Escuela La Amistad,,2
1400368,5,"Alvarez Juarez, Genesis",Santa Cruz,,0
1400376,1,"Aaron Camacho,",ESCUELA DEL VALLE A,,
1400376,1,"Alejandro Chryssopulos,",ESCUELA DEL VALLE A,,
1400376,1,"Samuel Martinez,",ESCUELA DEL VALLE A,,
1400376,1,"Samuel Quesada,",ESCUELA DEL VALLE A,,
1400376,1,"Yeison Vargas,",ESCUELA DEL VALLE A,,
1400376,2,"Damian Castillo,",COLEGIO MADRE DEL DIVINO PASTOR DE CORREDORES,,
1400376,2,"Dario Castillo,",COLEGIO MADRE DEL DIVINO PASTOR DE CORREDORES,,
1400376,2,"Evencio Jimenez,",COLEGIO MADRE DEL DIVINO PASTOR DE CORREDORES,,
1400376,2,"Josue Francisco Blanco,",COLEGIO MADRE DEL DIVINO PASTOR DE CORREDORES,,
1400376,3,"Caleb,",ESCUELA JUAN LARA ALFARO,,
1400376,3,"Mathew,",ESCUELA JUAN LARA ALFARO,,
1400376,3,"Mayim,",ESCUELA JUAN LARA ALFARO,,
1400376,3,"Mia,",ESCUELA JUAN LARA ALFARO,,
1400376,4,"Jean Carlo Vivas,",LAS LAGUNAS A,,
1400376,4,"Kendrick Vargas,",LAS LAGUNAS A,,
1400376,4,"Samuel Sanchez,",LAS LAGUNAS A,,
1400376,4,"Santiago Fernandez,",LAS LAGUNAS A,,
1400376,4,"Thiago Hernandez,",LAS LAGUNAS A,,
1400378,1,"Larissa Herrera,",ESCUELA DEL VALLE,,
1400378,1,"Lia Jimenez,",ESCUELA DEL VALLE,,
1400378,1,"Mariangel Mata,",ESCUELA DEL VALLE,,
1400378,1,"Samantha Campos,",ESCUELA DEL VALLE,,
1400378,1,"Sofia Cordova,",ESCUELA DEL VALLE,,
1400378,2,"Daniela Araya,",ESCUELA JOSE GONZALO ACUÑA HERNANDEZ,,
1400378,2,"Isabela Nunez,",ESCUELA JOSE GONZALO ACUÑA HERNANDEZ,,
1400378,2,"Keisy Arias,",ESCUELA JOSE GONZALO ACUÑA HERNANDEZ,,
1400378,2,"Victoria Perez,",ESCUELA JOSE GONZALO ACUÑA HERNANDEZ,,
1400378,3,"Fiorella,",LABORATORIO,,
1400378,3,"Maripaz,",LABORATORIO,,
1400378,3,"Salome,",LABORATORIO,,
1400378,3,"Sharon Cruz,",LABORATORIO,,
1400378,4,"Jimena Bonilla,",LA MONA,,
1400378,4,"Melissa Redondo,",LA MONA,,
1400378,4,"Rihana Solano,",LA MONA,,
1400378,4,"Sofia Kraemer,",LA MONA,,
1400652,1,"Castro Laurent, Matias",GOLDEN VALLEY SCHOOL,,5
1400652,2,"Arevalo Damian, Zachary",LICEO DE HEREDIA,,4
1400652,3,"Sandoval Loaciga, Aldric",COLEGIO SANTA MARÍA DE GUADALUPE,,4
1400652,4,"Ortiz Rodriguez, Khaled",WESTLAND SCHOOL,,3.5
1400652,5,"Umana Calderon, Dominic",C.T.P. DEL ESTE,,3
1400652,6,"Vargas Fernandez, Lucas Andre",LICEO ING. SAMUEL SÁENZ FLORES,,3
1400652,7,"Chavarria Cubero, Josue",LICEO SANTO DOMINGO,,3
1400652,8,"Rodriguez Esquivel, Horell Gabriel",LICEO DE HEREDIA,,2.5
1400652,9,"Rodriguez Garita, Armando Josue",CENTRO EDUCATIVO NUEVA GENERACIÓN E,,2.5
1400652,10,"Salazar Molina, Said",CENTRO EDUCATIVO NUEVA GENERACIÓN E,,2
1400652,11,"Camacho Garcia, Julian",COLEGIO RODRIGO HERNÁNDEZ VARGAS,,2
1400652,12,"Arias Vengas, Fernando Josue",C.T.P. DEL ESTE,,2
1400652,13,"Sanabria Chaves, Saul",CENTRO EDUCATIVO NUESTRA SEÑORA DE,,2
1400652,14,"Lopez Morales, Brandon Samuel",C.T.P. GUARARÍ,,1.5
1400652,15,"Lopez Morales, Andrew David",C.T.P. GUARARÍ,,1
1400652,16,"Arias Marin, Santiago",CENTRO EDUCATIVO NUESTRA SEÑORA DE,,0
1400652,17,"Alvarez Sanchez, Samuel",COLEGIO SANTA MARÍA DE GUADALUPE,,0
1400652,18,"Orozco Arrieta, Jose Francisco",C.T.P. SAN PEDRO DE BARVA,,0
1400652,19,"Sojo Gonzalez, Diego",ESCUELA BILINGÜE NUEVA ESPERANZA-CO,,0
1400652,20,"Varela Roman, Brandon Daniel",C.T.P. SAN PEDRO DE BARVA,,0
1400653,1,"Torres Venegas, Brianna",EXPERIMENTAL BILINGÜE DE BELÉN,,4
1400653,2,"Alvarez Escoto, Elizabeth",CONSERVATORIO CASTELLA,,3
1400653,3,"Giutta Alfaro, Amanda",CONSERVATORIO CASTELLA,,2
1400653,4,"Delgado Urquilla, Jimena Judith",C.T.P. DE ULLOA,,1
1400653,5,"Ruiz Alvarez, Camila del Socorro",LICEO DE HEREDIA,,0
1400654,1,"Rincon Betancourt, Jose Alejandro",COLEGIO SANTA MARÍA DE GUADALUPE,,4.5
1400654,2,"Miranda Barrientos, Gabriel",SAINT MARGARET SCHOOL,,4.5
1400654,3,"Mata Mena, Dylan Isaac",C.T.P. DEL ESTE,,4
1400654,4,"Montes Gomez, Adriano",COLEGIO RODRIGO HERNÁNDEZ VARGAS,,4
1400654,5,"La Touche Barrantes, Julian",LICEO SANTO DOMINGO,,3
1400654,6,"Masis Chaves, Sebastian",C.T.P. MERCEDES NORTE,,3
1400654,7,"Solano Arce, Hector Andres",C.T.P. DE HEREDIA,,3
1400654,8,"Quiros Villalobos, Santiago",LICEO DE HEREDIA,,3
1400654,9,"Rodriguez Vargas, Mathias",COLEGIO CLARETIANO,,3
1400654,10,"Brant Araya, Jeidell Bryan",LICEO DE HEREDIA,,2.5
1400654,11,"Vargas Arias, Eliel Josue",UNIDAD PEDAGÓGICA LICEO EL ROBLE,,2.5
1400654,12,"Martinez Martinez, Matias",LICEO SANTO DOMINGO,,2
1400654,13,"Alvarado Apuy, Gabriel Eduardo",COLEGIO RODRIGO HERNÁNDEZ VARGAS,,2
1400654,14,"Kreis Barrantes, Travis",UNIDAD PEDAGÓGICA LICEO EL ROBLE,,2
1400654,15,"Bonilla Quesada, Kamilo",C.T.P. MERCEDES NORTE,,2
1400654,16,"Gamboa Marin, Alessandro David",LICEO ING. SAMUEL SÁENZ FLORES,,2
1400654,17,"Aguero Gonzalez, Justin Alonso",LICEO ING. MANUEL BENAVIDES RODRÍGU,,1
1400654,18,"Barrientos Barrantes, Sebastian",WESTLAND SCHOOL,,1
1400654,19,"Abed Jimenez, Ali Hasan",CENTRO EDUCATIVO NUEVA GENERACIÓN E,,1
1400654,20,"Alvarado Moron, Luis Enrique",CENTRO INTEGRAL DE EDUCACIÓN PRIVAD,,0
1400654,21,"Angulo Acuna, Darien Joel",LICEO ING. MANUEL BENAVIDES RODRÍGU,,0
1400654,22,"Bolanos Duran, Josue David",COLEGIO TECNICO PROFESIONAL CIT,,0
1400654,23,"Brenes Montero, Caleb Josue",C.T.P. SAN PEDRO DE BARVA,,0
1400654,24,"Campos Alvarado, Adrian Alfonso",C.T.P. DE ULLOA,,0
1400654,25,"Carvajal Araya, Jorell Alejandro",C.T.P. SAN PEDRO DE BARVA,,0
1400654,26,"Chaves Rodriguez, Jose Edwin",CENTRO INTEGRAL DE EDUCACIÓN PRIVAD,,0
1400654,27,"De La O Campos, Francisco Andres",C.T.P. DE ULLOA,,0
1400654,28,"Fernandez Morera, Miguel Fabian",LICEO SAN JOSÉ DE LA MONTAÑA,,0
1400654,29,"Morera Vega, Felipe",CENTRO EDUCATIVO ISAAC PHILLIPE,,0
1400654,30,"Reyes Molina, Eliot Jozeph",EXPERIMENTAL BILINGÜE DE BELÉN,,0
1400654,31,"Roncancio Castellanos, Sebastian",CENTRO EDUCATIVO ISAAC PHILLIPE,,0
1400655,1,"Solis Alvarado, Abigail",SAINT MARGARET SCHOOL,,4.5
1400655,2,"Lara Mesen, Sophia Natalia",LICEO SANTO DOMINGO,,3.5
1400655,3,"Perez Davila, Alexandra",COLEGIO CLARETIANO,,3
1400655,4,"Abarca Azofeifa, Tiffany",EXPERIMENTAL BILINGÜE DE BELÉN,,2
1400655,5,"Cerdas Barquero, Stacy Mariel",LICEO ING. SAMUEL SÁENZ FLORES,,2
1400655,6,"Rojas Delgado, Cristin Valeria",C.T.P. SANTO DOMINGO,,0
1400656,1,"Viquez Alfaro, Gabriel",C.T.P. MERCEDES NORTE,,5
1400656,2,"Villalobos Molina, Caleb Josue",C.T.P. DEL ESTE,,4
1400656,3,"Estrada Blanco, Zaid Antonio",LICEO LOS LAGOS,,3
1400656,4,"Luna Ulate, Sebastian",COLEGIO CLARETIANO,,2
1400656,5,"Vargas Quiros, Xavy Elias",C.T.P. MERCEDES NORTE,,1
1400656,6,"Brenes Romero, Mathias Josue",LICEO LOS LAGOS,,0
1400657,1,"Serrano Linderling, Lesmary",COLEGIO RODRIGO HERNANDEZ VARGAS,,0
1400657,2,"Garro Morales, Dana Jimena",COLEGIO RODRIGO HERNANDEZ VARGAS,,0
1400657,3,"Feng Cen, Wendy",LICEO ING. SAMUEL SAENZ FLORES,,0
1400657,4,"Jara Moraga, Ciara Abigail",LICEO ING. SAMUEL SAENZ FLORES,,0
1400658,1,"Alvarez, Samuel",COLEGIO SANTA MARÍA DE GUADALUPE,,
1400658,1,"Chavarria Alvarez, Emiliano",COLEGIO SANTA MARÍA DE GUADALUPE,,
1400658,1,"Mora Salas, Sebastian",COLEGIO SANTA MARÍA DE GUADALUPE,,
1400658,1,"Ramirez Ruiz, Saul",COLEGIO SANTA MARÍA DE GUADALUPE,,
1400658,2,"Cardoza Zapata, Roger Isaac",EXPERIMENTAL BILINGÜE DE BELÉN,,
1400658,2,"Gamboa, Kevin",EXPERIMENTAL BILINGÜE DE BELÉN,,
1400658,2,"Ramirez Acuna, Samuel Jesus",EXPERIMENTAL BILINGÜE DE BELÉN,,
1400658,2,"Ubeda Bonilla, Santiago David",EXPERIMENTAL BILINGÜE DE BELÉN,,
1400658,3,"Bonilla Duran, Sebastian",C.T.P. MERCEDES NORTE,,
1400658,3,"Flores Zamora, Benjamin",C.T.P. MERCEDES NORTE,,
1400658,3,"Rojas Solis, Jahmil",C.T.P. MERCEDES NORTE,,
1400658,3,"Rong He, Kevin",C.T.P. MERCEDES NORTE,,
1400658,4,"Boza Aguilar, Matias Alonso",COLEGIO CLARETIANO,,
1400658,4,"Espinoza Perez, Mauricio",COLEGIO CLARETIANO,,
1400658,4,"Gomez Garcia, David Josue",COLEGIO CLARETIANO,,
1400658,4,"Ortega Ruiz, Matias Josue",COLEGIO CLARETIANO,,
1400659,1,"Avendano Nunez, Nazareth Lucia",LICEO SAN JOSÉ DE LA MONTAÑA,,
1400659,1,"Cantillo Guillen, Abigail Fiorella",LICEO SAN JOSÉ DE LA MONTAÑA,,
1400659,1,"Parra Zarate, Nathalie Pamela",LICEO SAN JOSÉ DE LA MONTAÑA,,
1400659,1,"Romero Ugarte, Sarah Rebeca",LICEO SAN JOSÉ DE LA MONTAÑA,,
1400660,1,"Cambronero Calvo, Maria Jesus",COLEGIO SANTA MARÍA DE GUADALUPE,,
1400660,1,"Castillo, Sebastian",COLEGIO SANTA MARÍA DE GUADALUPE,,
1400660,1,"Castillo Montenegro, Gabriel Alejandro",COLEGIO SANTA MARÍA DE GUADALUPE,,
1400660,1,"Salazar Salazar, Zuriel",COLEGIO SANTA MARÍA DE GUADALUPE,,
1400660,2,"Chaves Vargas, Luka Gael",COLEGIO CLARETIANO,,
1400660,2,"Flores Camacho, Matias Gabriel",COLEGIO CLARETIANO,,
1400660,2,"Jimenez Cambronero, Dylan Jesus",COLEGIO CLARETIANO,,
1400660,2,"Jimenez Gonzalez, Ignacio",COLEGIO CLARETIANO,,
1400660,2,"Salazar Carballo, Caleb Gabriel",COLEGIO CLARETIANO,,
1400660,3,"Campos Chavarria, Kenneth Jesus",LICEO SAN JOSÉ DE LA MONTAÑA,,
1400660,3,"Carvajal Alfaro, Gabriel Antonio",LICEO SAN JOSÉ DE LA MONTAÑA,,
1400660,3,"Espinoza Martinez, Emmanuel David",LICEO SAN JOSÉ DE LA MONTAÑA,,
1400660,3,"Porras Morales, Breidan Joel",LICEO SAN JOSÉ DE LA MONTAÑA,,
1400660,3,"Rodriguez Campos, Jhonan Josue",LICEO SAN JOSÉ DE LA MONTAÑA,,
1400660,4,"Gonzalez Gonzalez, Salomon Esteban",C.T.P. SANTO DOMINGO 1,,
1400660,4,"Rodriguez Gomez, Iann Armando",C.T.P. SANTO DOMINGO 1,,
1400660,4,"Santamaria Hernandez, Emmanuel",C.T.P. SANTO DOMINGO 1,,
1400660,4,"Turcios Flores, Josue Antonio",C.T.P. SANTO DOMINGO 1,,
1400660,5,"Gonzalez Martinez, Ashley Rebeca",LICEO ING. MANUEL BENAVIDES RODRÍGUEZ B,,
1400660,5,"Mondragon Chaverri, Jeaustin Gabriel",LICEO ING. MANUEL BENAVIDES RODRÍGUEZ B,,
1400660,5,"Ogiste Castillo, Sherwin Jakiur",LICEO ING. MANUEL BENAVIDES RODRÍGUEZ B,,
1400660,5,"Salas Avila, Alejandro",LICEO ING. MANUEL BENAVIDES RODRÍGUEZ B,,
1400660,5,"Umana Gonzalez, Robinson Jeremy",LICEO ING. MANUEL BENAVIDES RODRÍGUEZ B,,
1400660,6,"Alfaro Obando, Sergio Yulian",LICEO DE HEREDIA,,
1400660,6,"Chavarria Arias, Tai Yorzuhat",LICEO DE HEREDIA,,
1400660,6,"Guillen Gonzalez, Jose Angel",LICEO DE HEREDIA,,
1400660,6,"Medrano Aragon, Angel Daniel",LICEO DE HEREDIA,,
1400660,6,"Morales Medina, Reydier",LICEO DE HEREDIA,,
1400660,7,"Alpizar Araya, Dominic Steven",LICEO ING. MANUEL BENAVIDES RODRÍGUEZ A,,
1400660,7,"Barrantes Perez, Santiago Daniel",LICEO ING. MANUEL BENAVIDES RODRÍGUEZ A,,
1400660,7,"Bizcaino Molina, Dominick Anthony",LICEO ING. MANUEL BENAVIDES RODRÍGUEZ A,,
1400660,7,"Espinoza Arce, Angel Santiago",LICEO ING. MANUEL BENAVIDES RODRÍGUEZ A,,
1400660,7,"Pena Artavia, Josseph Benjamin",LICEO ING. MANUEL BENAVIDES RODRÍGUEZ A,,
1400660,8,"Rosales Mata, Santiago",C.T.P. DEL ESTE,,
1400660,8,"Ruiz Montoya, Steven Daniel",C.T.P. DEL ESTE,,
1400660,8,"Vargas Murillo, Gabriel Alexandro",C.T.P. DEL ESTE,,
1400660,8,"Zuniga Saenz, Matias Eduardo",C.T.P. DEL ESTE,,
1400660,9,"Badilla Salas, Santiago de Jesus",LICEO SANTO DOMINGO,,
1400660,9,"Calderon Solano, Isaac",LICEO SANTO DOMINGO,,
1400660,9,"Carvajal Carazo, Franco",LICEO SANTO DOMINGO,,
1400660,9,"Morales Sanchez, Ariel",LICEO SANTO DOMINGO,,
1400660,10,"Cerdas Chaves, Jesus",C.T.P. SANTO DOMINGO 2,,
1400660,10,"Gonzalez Barboza, Mathias",C.T.P. SANTO DOMINGO 2,,
1400660,10,"Granados Centeno, David",C.T.P. SANTO DOMINGO 2,,
1400660,10,"Mora Altamirano, Angelo",C.T.P. SANTO DOMINGO 2,,
1400661,1,"Alvarado Zarate, Sarai",LICEO SAN JOSÉ DE LA MONTAÑA,,
1400661,1,"Jimenez Salas, Ashly Mabel",LICEO SAN JOSÉ DE LA MONTAÑA,,
1400661,1,"Parra Zarate, Nathalie Pamela",LICEO SAN JOSÉ DE LA MONTAÑA,,
1400661,1,"Rojas Diaz, Brihana",LICEO SAN JOSÉ DE LA MONTAÑA,,
1400662,1,"Alvarez Sosa, Gabriel",C.T.P. SANTO DOMINGO,,
1400662,1,"Arce Coronado, Brandon",C.T.P. SANTO DOMINGO,,
1400662,1,"Calderon Morales, Kevin",C.T.P. SANTO DOMINGO,,
1400662,1,"Rojas Blandon, Matias",C.T.P. SANTO DOMINGO,,
1403266,1,"Matamoros, Andres",CASPARI MONTESSORI SCHOOL,,5
1403266,2,"Ulate, Aaron",RAMÓN BARRANTES HERRERA,,4
1403266,3,"Aguilar, Ian",MIRAFLORES,,4
1403266,4,"Salazar, Caleb",JESÚS,,3.5
1403266,5,"Fonseca, Jeyler",CLETO GONZÁLEZ VÍQUEZ,,3.5
1403266,6,"Valerio, Evan",LA AURORA,,3
1403266,7,"Aldana, Emanuel","CENTRO EDUCATIVO PRIMARIA CIT, CTP",,3
1403266,8,"Gonzalez, Sebastian",CLETO GONZÁLEZ VÍQUEZ,,3
1403266,9,"Cubero, Santiago",ESCUELA JOSEFINA SAGRADA FAMILIA,,2.5
1403266,10,"Perez, Jose",CENTRO EDUCATIVO NEW VALLEY,,2.5
1403266,11,"Hines, Liam",PBRO. RICARDO SALAS CAMPOS,,2.5
1403266,12,"Duran, Marco",FIDEL CHAVES MURILLO,,2
1403266,13,"Jimenez, Gabriel",SAN VICENTE,,2
1403266,14,"García, Felipe",CASTILLA,,2
1403266,15,"Pabique, Danniel",SAN FRANCISCO,,2
1403266,16,"Loaiciga, Daniel",CASPARI MONTESSORI SCHOOL,,2
1403266,17,"Jimenez, Isaac",SAN VICENTE,,2
1403266,18,"Vargas, Ignacio",CUBUJUQUÍ,,1.5
1403266,19,"Murillo, Deicken",CASTILLA,,1
1403266,20,"Ledezma, Gael",CENTRO EDUCATIVO NUESTRA SEÑORA DE,,1
1403266,21,"Vargas, Santiago",JESÚS,,1
1403276,1,"Leiva, Isaac",ESCUELA SAN NICOLÁS DE FLÜE (SAINT,,5
1403276,2,"Camacho, Asiel",COLONIA ISIDREÑA,,4.5
1403276,3,"Aldana, Samuel","CENTRO EDUCATIVO PREESCOLAR CIT, C",,4
1403276,4,"Lopez, Owen",JESÚS,,4
1403276,5,"Arroyo, Andres",GOLDEN VALLEY SCHOOL,,4
1403276,6,"Fernandez, Keylor",LUCILA GURDIÁN MORALES,,4
1403276,7,"Carballido, Lucas",PBRO. RICARDO SALAS CAMPOS,,3.5
1403276,8,"Ramirez, Samuel",LOURDES,,3.5
1403276,9,"Mollinedo, Carlos",CLETO GONZÁLEZ VÍQUEZ,,3
1403276,10,"Vargas, Emiliano",BARRIO FÁTIMA,,3
1403276,11,"Rodriguez, Fabian",CASPARI MONTESSORI SCHOOL,,3
1403276,12,"Chacon, Derec",CLETO GONZÁLEZ VÍQUEZ,,3
1403276,13,"Sanchez, Aldo",BARRIO FÁTIMA,,3
1403276,14,"Alvarado, Marcos",FIDEL CHAVES MURILLO,,3
1403276,15,"Aguero, Fabian",CASTILLA,,3
1403276,16,"Arguedas, Matias",MERCEDES SUR,,3
1403276,17,"Cascante, Naiyel",PBRO. RICARDO SALAS CAMPOS,,3
1403276,18,"Masis, Ruben",SAN FRANCISCO,,3
1403276,19,"Lizano, Andres",CASTILLA,,3
1403276,20,"Duarte, Mateo",FÉLIX ARCADIO MONTERO MONGE,,2.5
1403276,21,"Zelaya, Mathias",FIDEL CHAVES MURILLO,,2.5
1403276,22,"Masis, Saul",SISTEMA EDUCATIVO SAN ISIDRO LABRAD,,2.5
1403276,23,"Pineda, Samuel",LABORATORIO,,2.5
1403276,24,"Barrantes, Samuel",MERCEDES SUR,,2.5
1403276,25,"Villalobos, Rafael",SISTEMA EDUCATIVO MONTEALTO,,2
1403276,26,"Zamora, Aaron",SISTEMA EDUCATIVO MONTEALTO,,2
1403276,27,"Romero, Santiago",CUBUJUQUÍ,,2
1403276,28,"Zuñiga, Samuel",CENTRO EDUCATIVO NUEVA GENERACIÓN E,,2
1403276,29,"Bolaños, Thiago",CENTRO EDUCATIVO SANTA ROSA DE LIMA,,2
1403276,30,"Mora, Emmanuel",CASPARI MONTESSORI SCHOOL,,2
1403276,31,"Arroyo, Samuel",CENTRO EDUCATIVO SAN ANDRÉS SCHOOL,,2
1403276,32,"Mejia, Simon","CENTRO EDUCATIVO PREESCOLAR CIT, C",,2
1403276,33,"Merlo, Dianer",,,2
1403276,34,"Baltodano, Thomas",,,2
1403276,35,"Zumbado, Gabriel",LABORATORIO,,1
1403276,36,"Ruiz, Anderson",LUCILA GURDIÁN MORALES,,1
1403276,37,"Topping, Samuel",CRISTÓBAL COLÓN,,1
1403276,38,"Garcia, Joshua",COLONIA ISIDREÑA,,1
1403276,39,"Martin, Jason",FÉLIX ARCADIO MONTERO MONGE,,1
1403276,40,"Molina, Dylan",SAN FRANCISCO,,1
1403276,41,"Montero, Matias",CRISTÓBAL COLÓN,,0.5
1403276,42,"Gutierrez, Ignacio",LOS LAGOS,,0.5
1403276,43,"Hernandez, Isaac",CUBUJUQUÍ,,0
1403276,44,"Hernandez, Matias",GOLDEN VALLEY SCHOOL,,0
1403279,1,"Araya, Amanda",CENTRO EDUCATIVO SANTA ROSA DE LIMA,,5
1403279,2,"Ulate, Sofia",RAMÓN BARRANTES HERRERA,,4.5
1403279,3,"Hernandez, Sofia",CLETO GONZÁLEZ VÍQUEZ,,4
1403279,4,"Gonzalez, Kristell",LOURDES,,4
1403279,5,"Arias, Alison",CENTRO EDUCATIVO NUEVA GENERACIÓN E,,4
1403279,6,"Quiros, Valentina",CENTRO EDUCATIVO SANTA MARÍA,,3
1403279,7,"Arrieta, Jesica",RAFAEL MOYA MURILLO,,3
1403279,8,"Leon, Abigail",SISTEMA EDUCATIVO MONTEALTO,,3
1403279,9,"Di Stefano, Luana",COMPLEJO EDUCATIVO BILINGÜE NUEVA E,,3
1403279,10,"Gonzalez, Mariana",PBRO. RICARDO SALAS CAMPOS,,3
1403279,11,"Hernandez, Amy",CLETO GONZÁLEZ VÍQUEZ,,2.5
1403279,12,"Zepeda, Amanda",CRISTÓBAL COLÓN,,2
1403279,13,"Mora, Catalina",PBRO. RICARDO SALAS CAMPOS,,2
1403279,14,"Barquero, Ema",FÉLIX ARCADIO MONTERO MONGE,,2
1403279,15,"Ocampo, Isabela",FÉLIX ARCADIO MONTERO MONGE,,2
1403279,16,"Acosta, Lucia",LABORATORIO,,2
1403279,17,"Zepeda, Emma",CRISTÓBAL COLÓN,,2
1403279,18,"Zuñiga, Abril",LABORATORIO,,2
1403279,19,"Petitt, Olivia",RAMÓN BARRANTES HERRERA,,2
1403279,20,"Zuñiga, Luciana",CENTRO EDUCATIVO NUESTRA SEÑORA,,2
1403279,21,"Vargas, Lucia",CUBUJUQUÍ,,1.5
1403279,22,"Frutos, Valentina",SAN VICENTE,,1.5
1403279,23,"Chinchilla, Amy",LOS LAGOS,,0.5
1403279,24,"Ramirez, Sara",BARRIO FÁTIMA,,0.5
1403279,25,"Murillo, Alina",CTP CIT,,0
1403279,26,"Gonzalez, Amanda",SAN FRANCISCO,,0
1403282,1,"Saenz, Liz",GOLDEN VALLEY SCHOOL,,5
1403282,2,"Camargo, Fiorella",FIDEL CHAVES MURILLO,,4
1403282,3,"Barrantes, Belen",CENTRO EDUCATIVO SANTA ROSA DE LIMA,,3
1403282,4,"Vargas, Abigail",CENTRO EDUCATIVO NEW VALLEY PRESCHO,,3
1403282,5,"Rodriguez, Isabella",PBRO. RICARDO SALAS CAMPOS,,3
1403282,6,"Jimenez, Arianna",SAN VICENTE,,2
1403282,7,"Artavia, Monserrat",CASTILLA,,2
1403282,8,"Delgado, Danna",CASTILLA,,2
1403282,9,"Cerdas, Coraline",CENTRO EDUCATIVO SAN ANDRÉS SCHOOL,,1
1403282,10,"Monge, Brianna",SAN VICENTE,,0
1403313,0,"Abrahams, Payton",CLETO GONZÁLEZ VÍQUEZ,,
1403313,0,"Barrios, Luciana",CASPARI MONTESSORI SCHOOL,,
1403313,0,"Cascante, Denisse",CASPARI MONTESSORI SCHOOL,,
1403313,0,"De La O, Samantha",CLETO GONZÁLEZ VÍQUEZ,,
1403313,0,"Gomez, Sara",CASPARI MONTESSORI SCHOOL,,
1403313,0,"Hidalgo, Clarissa",CLETO GONZÁLEZ VÍQUEZ,,
1403313,0,"Prendergast, Sara",CASPARI MONTESSORI SCHOOL,,
1403313,0,"Rodriguez, Elisa",CASPARI MONTESSORI SCHOOL,,
1403313,0,"Rodriguez, Kate",CLETO GONZÁLEZ VÍQUEZ,,
1403327,1,"Chen, Luis",GOLDEN VALLEY SCHOOL,,
1403327,1,"Murillo, Franco",GOLDEN VALLEY SCHOOL,,
1403327,1,"Roig, Saul",GOLDEN VALLEY SCHOOL,,
1403327,1,"Romero, Mateo",GOLDEN VALLEY SCHOOL,,
1403327,2,"Arguedas, Josue",CASPARI MONTESSORI SCHOOL,,
1403327,2,"Granados, Daniel",CASPARI MONTESSORI SCHOOL,,
1403327,2,"Herrera, Ignacio",CASPARI MONTESSORI SCHOOL,,
1403327,2,"Matamoros, Fernando",CASPARI MONTESSORI SCHOOL,,
1403327,2,"Rosales, Luis",CASPARI MONTESSORI SCHOOL,,
1403327,3,"Canessa, Lucas",SISTEMA EDUCATIVO MONTEALTO,,
1403327,3,"Castillo, Ian",SISTEMA EDUCATIVO MONTEALTO,,
1403327,3,"Mena, Sebastian",SISTEMA EDUCATIVO MONTEALTO,,
1403327,3,"Roman, Tomas",SISTEMA EDUCATIVO MONTEALTO,,
1403327,4,"Quesada, Isaac",CLETO GONZÁLEZ VÍQUEZ,,
1403327,4,"Rodriguez, Sergio",CLETO GONZÁLEZ VÍQUEZ,,
1403327,4,"Saenz, Arick",CLETO GONZÁLEZ VÍQUEZ,,
1403327,4,"Trejos, Dylan",CLETO GONZÁLEZ VÍQUEZ,,
1403327,5,"Canales, Sofia",FÉLIX ARCADIO MONTERO MONGE,,
1403327,5,"Peraza, Julian",FÉLIX ARCADIO MONTERO MONGE,,
1403327,5,"Varela, Emanuel",FÉLIX ARCADIO MONTERO MONGE,,
1403327,6,"Chaves Leon, Noah",FÉLIX ARCADIO MONTERO MONGE 2,,
1403327,6,"Leon Rodriguez, Moises",FÉLIX ARCADIO MONTERO MONGE 2,,
1403327,6,"Martin Elliott, Rollen",FÉLIX ARCADIO MONTERO MONGE 2,,
1403329,1,"Badilla, Fabian",CASPARI MONTESSORI SCHOOL,,
1403329,1,"Esquivel, David",CASPARI MONTESSORI SCHOOL,,
1403329,1,"Orna, Alejandro",CASPARI MONTESSORI SCHOOL,,
1403329,1,"Orna, David",CASPARI MONTESSORI SCHOOL,,
1403329,1,"Rodriguez, Nicolas",CASPARI MONTESSORI SCHOOL,,
1403329,2,"Chaves, Daniel",ESCUELA BILINGÜE NUEVA ESPERANZA-COMPLEJO EDU,,
1403329,2,"Giachino, Lucas",ESCUELA BILINGÜE NUEVA ESPERANZA-COMPLEJO EDU,,
1403329,2,"Hernandez, Luis",ESCUELA BILINGÜE NUEVA ESPERANZA-COMPLEJO EDU,,
1403329,2,"Hidalgo, Nicolas",ESCUELA BILINGÜE NUEVA ESPERANZA-COMPLEJO EDU,,
1403329,2,"Vargas, Felipe",ESCUELA BILINGÜE NUEVA ESPERANZA-COMPLEJO EDU,,
1403329,3,"Barrantes, Matias",CENTRO EDUCATIVO SANTA ROSA DE LIMA,,
1403329,3,"Castillo, Matias",CENTRO EDUCATIVO SANTA ROSA DE LIMA,,
1403329,3,"Ortiz, Juan",CENTRO EDUCATIVO SANTA ROSA DE LIMA,,
1403329,3,"Rodriguez, Lucia",CENTRO EDUCATIVO SANTA ROSA DE LIMA,,
1403329,4,"Campos, Gabriel",BARRIO FÁTIMA,,
1403329,4,"Castilllo, Tomas",BARRIO FÁTIMA,,
1403329,4,"Delgado, Sebastian",BARRIO FÁTIMA,,
1403329,5,"Leiton, Kai",CLETO GONZÁLEZ VÍQUEZ,,
1403329,5,"Reyes, Elias",CLETO GONZÁLEZ VÍQUEZ,,
1403329,5,"Rojas, Benjamin",CLETO GONZÁLEZ VÍQUEZ,,
1403329,5,"Santana, Lucas",CLETO GONZÁLEZ VÍQUEZ,,
1403329,6,"Alvarez, Isaac",SAN VICENTE,,
1403329,6,"Benavides, Santiago",SAN VICENTE,,
1403329,6,"Ramirez, Johao",SAN VICENTE,,
1403329,6,"Trujillo, Thiago",SAN VICENTE,,
1403329,7,"Chavarria, Abdel",CUBUJUQUÍ,,
1403329,7,"Hernandez, Thiago",CUBUJUQUÍ,,
1403329,7,"Umaña, Fabricio",CUBUJUQUÍ,,
1403329,7,"Valerin, Thiago",CUBUJUQUÍ,,
1403329,8,"Abrahams, Liam",CLETO GONZÁLEZ VÍQUEZ 2,,
1403329,8,"Brenes, Matias",CLETO GONZÁLEZ VÍQUEZ 2,,
1403329,8,"Campos, Samuel",CLETO GONZÁLEZ VÍQUEZ 2,,
1403329,8,"Morera, Tiago",CLETO GONZÁLEZ VÍQUEZ 2,,
1404077,1,"Badilla Junez, Adrian Antonio",INSTITUTO DE GUANACASTE,1400,4
1404077,2,"Cerdas Amador, Matias",COLEGIO CIENTIFICO DE LIBERIA,1666,3
1404077,3,"Rosales Garcia, Alex Alfredo",INSTITUTO DE GUANACASTE,1479,2
1404077,4,"Madrigal Nunez, Andrea",LICEO MIGUEL ARAYA VENEGAS,1400,1
1404077,5,"Perez Carvajal, Samuel Enrique",LICEO MAURILIO ALVARADO VARGAS,1400,0
1404082,1,"Rivera Gutierrez, Geannina Isabela",LICEO LABORATORIO DE LIBERIA,1925,2
1404082,2,"Rojas Vega, Eimy Tracy",CTP FORTUNA DE BAGACES,1400,1
1404082,3,"Vega Montalban, Sofia",LICEO MAURILIO ALVARADO VARGAS,1400,0
1404085,1,"Rodriguez Membreno, Sebastian",LICEO LABORATORIO DE LIBERIA 1,1651,
1404085,1,"Villalta Ramirez, Freivelyn",LICEO LABORATORIO DE LIBERIA 1,1559,
1404085,1,"Cerdas Amador, Felipe",LICEO LABORATORIO DE LIBERIA 1,1503,
1404085,1,"Soto Platero, Jose Alejandro",LICEO LABORATORIO DE LIBERIA 1,1429,
1404085,2,"Saravia Osorio, Kenny Josue",LICEO LABORATORIO DE LIBERIA 2,1576,
1404085,2,"Munoz Aguilar, Ismael",LICEO LABORATORIO DE LIBERIA 2,1512,
1404085,2,"Casierra Bonilla, Francisco",LICEO LABORATORIO DE LIBERIA 2,1438,
1404085,2,"Pena Ballesteros, Ian",LICEO LABORATORIO DE LIBERIA 2,1400,
1404085,3,"Arias Cornejo, Jose Carlos",LICEO MAURILIO ALVARADO VARGAS,1400,
1404085,3,"Elizondo Perez, Luka",LICEO MAURILIO ALVARADO VARGAS,1400,
1404085,3,"Gomez Monestel, Kendal Eduardo",LICEO MAURILIO ALVARADO VARGAS,1400,
1404085,4,"Lara Moreno, Jose Adrian",COLEGIO BILINGUE CIUDAD BLANCA,1491,
1404085,4,"Chaves Villalta, Willem",COLEGIO BILINGUE CIUDAD BLANCA,1400,
1404085,4,"Guo Xu, Benny Carlos",COLEGIO BILINGUE CIUDAD BLANCA,1400,
1404085,4,"Quesada Aguilar, Caleb",COLEGIO BILINGUE CIUDAD BLANCA,1400,
1404085,4,"Zheng Huang, Zi Le",COLEGIO BILINGUE CIUDAD BLANCA,1400,
1404088,1,"Charaja Umana, Nataly Crisbeth",COLEGIO CIENTIFICO DE LIBERIA,1570,
1404088,1,"Arrieta Canales, Paola",COLEGIO CIENTIFICO DE LIBERIA,1400,
1404088,1,"Silva Villalobos, Emilia",COLEGIO CIENTIFICO DE LIBERIA,1400,
1404088,1,"Villalobos Picado, Arianna",COLEGIO CIENTIFICO DE LIBERIA,1400,
1404088,2,"Angulo Cascante, Dana",LICEO MAURILIO ALVARADO VARGAS,1400,
1404088,2,"Castillo Gonzalez, Natasha",LICEO MAURILIO ALVARADO VARGAS,1400,
1404088,2,"Vasquez Barrantes, Ana",LICEO MAURILIO ALVARADO VARGAS,1400,
1404607,1,"Fonseca Marin, Elizabeth",ALBA OCAMPO ALVARADO,1400,4
1404607,2,"Briceno Esquivel, Samantha",ASCENSION ESQUIVEL IBARRA,1400,3
1404607,3,"Ruiz Solano, Betzabe",MARCELINO GARCIA FLAMENCO,1400,2
1404607,4,"Sancho Rojas, Sofia",JOSE MARIA CALDERON,1400,1
1404607,5,"Valerio Rodriguez, Luciana",CENTRO EDUCATIVO EULOGIO LOPEZ OBAN,1400,0
1404608,1,"Charaja Umana, Cristopher Andres",SISTEMA EDUCATIVO CENIT,1400,4.5
1404608,2,"Montoya Ibanez, Oscar Santiago",COLEGIO SANTA ANA,1436,4.5
1404608,3,"Chan Mejias, Douglas Stephen",DELIA OVIEDO ACUNA,1437,3
1404608,4,"Araya Martinez, Santiago",ANTONIO OBANDO ESPINOZA,1400,2
1404608,5,"Hidalgo Leiva, Aaron",FAUSTO GUZMAN CALVO,1400,1
1404608,6,"Ulate Barrantes, Jose",JOSE MARIA CALDERON,1400,0
1404615,1,"Bello Blanco, Sofia",LABORATORIO J. F. KENNEDY,1400,
1404615,1,"Madrigal Diaz, Jose Mario",LABORATORIO J. F. KENNEDY,1400,
1404615,1,"Martinez Luna, Alana",LABORATORIO J. F. KENNEDY,1400,
1404615,1,"Picado Bonilla, Nikole",LABORATORIO J. F. KENNEDY,1400,
1404615,2,"Arias Atencio, Marcos",EL GUAYABO,1400,
1404615,2,"Cardenas Bustos, Cristian",EL GUAYABO,1400,
1404615,2,"Gudiel Miranda, Efren",EL GUAYABO,1400,
1404615,2,"Torres Rodriguez, Oliver",EL GUAYABO,1400,
1404615,3,"Bermudez Vasquez, Lyam",ALBA OCAMPO ALVARADO,1400,
1404615,3,"Casares Chaves, Josias",ALBA OCAMPO ALVARADO,1400,
1404615,3,"Quesada Vega, Ronny",ALBA OCAMPO ALVARADO,1400,
1404615,3,"Torrez Reyes, Engelberth",ALBA OCAMPO ALVARADO,1400,
1404615,,"Ledezma Mendez, Heidem",SAN JUAN CHIQUITO,1400,
1404615,,"Vega Flores, Mateo",SAN JUAN CHIQUITO,1400,
1404615,,"Vega Flores, Matias",SAN JUAN CHIQUITO,1400,
1404618,1,"Alvarez Guido, Nathalia",ALBA OCAMPO ALVARADO,1400,
1404618,1,"Castro Sanchez, Nashly",ALBA OCAMPO ALVARADO,1400,
1404618,1,"Mejia Camacho, Valentina",ALBA OCAMPO ALVARADO,1400,
1404618,1,"Mejia Camacho, Valery",ALBA OCAMPO ALVARADO,1400,
1404618,2,"Montero Aguirre, Anielka",EL GUAYABO,1400,
1404618,2,"Rojas Zuniga, Genesis",EL GUAYABO,1400,
1404618,2,"Sanchez Carvajal, Danna",EL GUAYABO,1400,
1404618,2,"Torres Rodriguez, Amanda",EL GUAYABO,1400,
1404618,3,"Diaz Ramirez, Leonora",SAN JUAN CHIQUITO,1400,
1404618,3,"Nunez Vargas, Montserrat",SAN JUAN CHIQUITO,1400,
1404618,3,"Perez Porras, Lucia",SAN JUAN CHIQUITO,1400,
1405291,1,"CAMPOS, WILSON SASHARY LAYEVSKA",JUSTO ANTONIO FACIO,,0
1405291,2,"FENG, WU VICTORIA FENG",CARIBBEAN SCHOOL,,0
1405291,3,"BLANDON, WU EN QI",CARIBBEAN SCHOOL,,0
1405291,4,"TORRES, YASLIN SUNAY",SURETKA,,0
1405291,5,"HERNANDEZ, MORALES YULIERKA TAMI",SANTO TOMÁS,,0
1405291,6,"ZUÑIGA, VILLALOBOS AMANDA RUBI",BRIBRÍ,,0
1405295,1,"GARCIA, OBANDO KIARA DANIELA",C.T.P. DE LIMÓN,,0
1405295,2,"MORALES, LOPEZ HENICZA",COLEGIO SEPECUE,,0
1405295,3,"ARAYA, VACIANA BREYSSI YASIRI",COLEGIO DEPORTIVO DE LIMÓN,,0
1407188,1,"Luis, Alonso Rodríguez Cubillo",Creston School,,7
1407188,2,"Leonela, Fuentes Cordoba",,,6
1407188,3,"Emiliano, Acosta Baltodano",Colegio Científico Bilingue Maria R,,4.5
1407188,4,"Jared, Fabricio Paniagua Martínez",Ricardo Jiménez Oreamuno,,4.5
1407188,5,"Valeria, Flores Elizondo",Escuela Gabriel Robles Soto,,2.5
1407188,6,"Luka, García Cambronero",Ricardo Jiménez Oreamuno,,2
1407188,7,"Montelvan Artola, Josue David",Ricardo Jimenez,,1.5
1407188,8,"Ariadna, Mayorga Castro",Ricardo Jimenez,,0
1407188,9,"Fátima, Miranda Flores",Escuela Ricardo Jimenez,,0
1407188,10,"Joaquín, Retana Suárez",Sunshine South School,,0
1407188,11,"Kirsthen, Vanessa Artavia Lopez",Esc.República Dominicana,,0
1407188,12,"Maikel, Bonilla Madrigal",Ricardo Jiménez Oreamuno,,0
1407188,13,"Santiago, Camacho Moreno",Ricardo Jiménez Oreamuno,,0
1407190,1,"Christopher, Lezcano Martinez",Liceo José María Castro Madriz,,7
1407190,2,"Alana, Patricia Castro Campos",Liceo Anastasio Alfaro,,6
1407190,3,"Estefania, Garcia Rojas",Creston Highschool,,5
1407190,4,"Víctor, Josué Colina Calderón",Colegio Técnico Profesional De Gran,,5
1407190,5,"Sofía, Loría Molina",Colegio Nuestra Señora De Los Desam,,5
1407190,6,"Mathias, Flores Elizondo",Ctp Braulio Odio Herrera,,4.5
1407190,7,"Ivanna, Aguilar Naranjo",I.E.G.B Republica De Panamá,,4.5
1407190,8,"Oscar, Antonio Picado Huertas",Colegio Técnico Profesional De Aser,,4.5
1407190,9,"Jefferson, Chacón González",Colegio El Rosario,,4
1407190,10,"Juan, Andrés Marvez Abinazar",Ctp De Granadilla,,4
1407190,11,"Santiago, Gamboa",Ctp Calle Blancos,,4
1407190,12,"Andy, Santiago Sandoval Bermúdez",Liceo De Costa Rica,,4
1407190,13,"Aarón, Marín Vargas",C.T.P José Albertazzi Avendaño,,3.5
1407190,14,"Dereck, Mendoza Escoto",Liceo Luis Dobles Segreda,,3
1407190,15,"Jennifer, Vasquez Rosales",Saint Josselin Day School And Colle,,3
1407190,16,"Dilan, Sancho Hidalgo",Liceo De Costa Rica,,3
1407190,17,"Ana, Lucía Flores Mudarra",Liceo Anastasio Alfaro,,3
1407190,18,"Daniel, Esteban Campos Morales",Liceo De Higuito,,3
1407190,19,"Heiner, Zuñiga Valverde",Liceo De Costa Rica,,3
1407190,20,"Kiara, Gutierrez Porras",Liceo Edgar Cervantes Villalta,,3
1407190,21,"Kianys, Romero Pizarro",Liceo Anastasio Alfaro,,2.5
1407190,22,"Joseph, Daniel Matarrita Castillo",Liceo Anastacio Alfaro,,2.5
1407190,23,"Karissa, Cabezas Gutiérrez",Liceo Anastasio Alfaro,,2
1407190,24,"Karianna, Cabezas Gutiérrez",Liceo Anastasio Alfaro,,2
1407190,25,"Keylor, Calvo Salazar",Liceo Anastasio Alfaro,,2
1407190,26,"Caleb, Josué Alvarado Zamora",Liceo Del Sur,,2
1407190,27,"Samuel, García Palacios",Liceo Luis Dobles Segreda,,1
1407190,28,"Juan, Diego Sanchez Acevedo",Escuela Y Liceo Maria Auxiliadora,,1
1407190,29,"Alexa, Angulo Porras",Liceo Joaquín Gutiérrez Mangel,,0
1407190,30,"Alexa, Campos Elizondo",Liceo Dr Castro Madriz,,0
1407190,31,"Demmyhas, Robinson Cordero",Juaquin Gutierres Mangel,,0
1407190,32,"Diego, Iván Quesada González",Colegio De Tabarcia,,0
1407190,33,"Eithan, Dariel Rodríguez Richmond",Liceo Anastasio Alfaro,,0
1407190,34,"Isaack, Ramirez Gonzalez",Liceo Ricardo Fernández Guardia,,0
1407190,35,"Johann, Sebastian Vega Montero",Colegio Vocacional Monseñor Sanabri,,0
1407190,36,"Jonathan, Samuel Soto Vivas",Liceo Joaquín Gutiérrez Mangel,,0
1407190,37,"Joseph, Díaz Navarro",Omar Salazar Obando,,0
1407190,38,"Matías, Calderón Sandoval",Ctp José Albertazzi,,0
1407190,39,"Safia, Mendez Carvajal",Liceo Joaquin Gutierrez Mangel,,0
1407190,40,"Sebastian, Fallas Castellon",Liceo Joaquin Gutiérrez Mangel,,0
1408605,1,"Ramos Rodriguez, Daniel",CTP Granadilla,,4.5
1408605,2,"Lezcano Martinez, Christopher",Liceo Dr Jose Maria Castro Madriz,,3.5
1408605,3,"Miranda Barrientos, Gabriel",Saint Margaret School,,3.5
1408605,4,"Ortega Canisales, Aaden Josue",LICEO LABORATORIO EMMA GAMBOA UCR,,2
1408605,5,"Rincon Betancourt, Jose Alejandro",Colegio Santa Maria de Guadalupe,,1.5
1408605,6,"Gonzalez Perez, Osvaldo Andres",EXPERIMENTAL BILINGÜE LA TRINIDAD,,0
1408607,1,"Leiva Coto, Isaac Antonio",Escuela San Nicolas de FLue,1761,3.5
1408607,3,"Perez Amador, Sebastian Alberto",Creston School,1501,1.5
1408607,5,"Camacho Leon, Asiel",Colonia Isidreña,1401,0
1408610,1,"Herrera Cordoba, Cala",Madre Del Divino Pastor,1510,2.5
1408610,2,"Araya Garita, Amanda",Centro Educativo Santa Rosa de Lima,1498,2
1408610,3,"Ulate Monge, Sofia",Ramon Barrantes Herrera,1426,1.5
1408610,4,"Acuna Mora, Sara",Laboratorio UCR,1470,0
1408611,1,"Orna Chaves, David Gabriel",Caspari Montessori School,1793,
1408611,1,"Orna Chaves, Alejandro Jesus",Caspari Montessori School,1683,
1408611,1,"Badilla, Fabian",Caspari Montessori School,,
1408611,1,"Esquivel, David",Caspari Montessori School,,
1408611,1,"Rodriguez, Nicolas",Caspari Montessori School,,
1408611,2,"Chaves, Daniel",Escuela Bilingue Nueva Esperanza,,
1408611,2,"Gianchino, Lucas",Escuela Bilingue Nueva Esperanza,,
1408611,2,"Hidalgo, Nicolas",Escuela Bilingue Nueva Esperanza,,
1408611,2,"Luis Daniel Hernandez,",Escuela Bilingue Nueva Esperanza,,
1408611,2,"Vargas, Felipe",Escuela Bilingue Nueva Esperanza,,
1408611,3,"Arroz Rodriguez,",Cipreses,,
1408611,3,"Elias Fernandez,",Cipreses,,
1408611,3,"Francisco Hernandez,",Cipreses,,
1408611,3,"Lorenzo Serrano,",Cipreses,,
1408611,3,"Thiago Soto,",Cipreses,,
1408611,4,"Camilo Hernandez,",Colegio Metodista,,
1408611,4,"Jose Rodriguez,",Colegio Metodista,,
1408611,4,"Mateo Ferrara,",Colegio Metodista,,
1408611,4,"Santiago Gutierrez,",Colegio Metodista,,
1408619,1,"Alvarado Wiciak, Ana Luisa",Kamuk School,1723,4
1408619,2,"Solis Alvarado, Abigail",Saint Margaret School,1744,2.5
1408619,3,"Castro Campos, Alana Patricia",Liceo Anastasio Alfaro,1633,2
1408619,4,"Lara Mesen, Sophia Natalia",Liceo Santo Domingo,1400,1.5
1408619,5,"Gutierrez Porras, Kiara",Liceo Edgar Cervantes Villalta,1400,0
1408621,1,"Bryan Montero,",CTP Granadilla,,
1408621,1,"Gabriel Rivera,",CTP Granadilla,,
1408621,1,"Johan Jose C,",CTP Granadilla,,
1408621,1,"Juan Andres Marves,",CTP Granadilla,,
1408621,1,"Victor Colina,",CTP Granadilla,,
1408621,2,"Chaves Vargas, Luka",Colegio Claretiano,,
1408621,2,"Flores Camacho, Matias",Colegio Claretiano,,
1408621,2,"Jimenez Cambronero, Dylan",Colegio Claretiano,,
1408621,2,"Salazar Carballo, Caleb",Colegio Claretiano,,
1408621,3,"Salazar Salazar, Zuriel",Colegio Santa Maria de Guadalupe,1400,
1408621,3,"Cambronero Calvo, Maria Jesus",Colegio Santa Maria de Guadalupe,,
1408621,3,"Castillo, Sebastian",Colegio Santa Maria de Guadalupe,,
1408621,3,"Castillo Montenegro, Gabriel",Colegio Santa Maria de Guadalupe,,
1408621,4,"Enrique Worma,",Liceo Anastasio Alfaro,,
1408621,4,"Joseph Matarrita,",Liceo Anastasio Alfaro,,
1408621,4,"Keylor Calvo,",Liceo Anastasio Alfaro,,
1408621,4,"Mario Gonzalez,",Liceo Anastasio Alfaro,,
1423856,1,"Garcia Morales, Brainer Steven",CINDEA Sepecue,,5
1423856,2,"Ramos Rodriguez, Daniel",CTP Granadilla,,4
1423856,3,"Mock Hegg, Christopher",Centro Educativo Horizontes,,3
1423856,4,"Gonzalez Aguero, Julian",Colegio Bilingue Sonny S.A,,3
1423856,5,"Torres Rodriguez, Daniel Iosev",Humanistico Costarricense Sede Coto,,3
1423856,6,"Calderon Reyes, Yadir Oldemar",Centro Educativo Valle del Sol,,3
1423856,7,"Ortiz Portuguez, Victor Sebastian",Liceo de Puriscal,,2
1423856,8,"Badilla Junez, Adrian Antonio",Instituto de Guanacaste,,2
1423856,9,"Bey Chavarria, Tiago Antonio",Centro Educativo Journey School of,,2
1423856,10,"Vargas Arroyo, Ivan Dario",CTP de Pital,,2
1423856,11,"Sandoval Cerdas, Dylan",CTP Talamanca,,1
1423857,1,"Alvarado Wiciak, Ana Luisa",Kamuk School,,4
1423857,2,"Campos Munoz, Valentina",Liceo de Atenas,,4
1423857,3,"Rivera Gutierrez, Geannina Isabela",Liceo Laboratorio de Liberia,,3.5
1423857,4,"Erf Vargas, Vaioleth Alisha",CTP San Isidro,,3
1423857,5,"Mendez Quesada, Estefany Pamela",Colegio Academico de Jimenez,,2.5
1423857,6,"Araya Vaciana, Breyssi Yasiri",Colegio Deportivo de Limon,,2
1423857,7,"Aguero Contreras, Reychel Tamara",Ajedrez Del Pacifico,,1
1423857,8,"Oses Luna, Colette",CTP de San Carlos,,0
1423870,1,"Herrera Carmona, Jhoel",Liceo Experimental Bilingue de Grecia,,
1423870,1,"Rodriguez Solis, Pablo Andres",Liceo Experimental Bilingue de Grecia,,
1423870,1,"Jarrin Carranza, Jean Mathew",Liceo Experimental Bilingue de Grecia,,
1423870,1,"Serrano Espinoza, Mattew",Liceo Experimental Bilingue de Grecia,,
1423870,1,"Borjes Vargas, Sara",Liceo Experimental Bilingue de Grecia,,
1423870,2,"Moya Cabrera, Mathias Bernardo",Colegio Bilingue San Francisco de Asis,,
1423870,2,"Albujar Mendoza, Mauricio",Colegio Bilingue San Francisco de Asis,,
1423870,2,"Zhen Cen, Jia Jun",Colegio Bilingue San Francisco de Asis,,
1423870,2,"Charpentier Badilla, Ian Sebastian",Colegio Bilingue San Francisco de Asis,,
1423870,2,"Quesada Quintanilla, Lexy",Colegio Bilingue San Francisco de Asis,,
1423870,3,"Jimenez Rojas, Isaac",Liceo Experimental Bilingue Claudio Bonilla A,,
1423870,3,"Alvarez Segura, Marco Felipe",Liceo Experimental Bilingue Claudio Bonilla A,,
1423870,3,"Solano Zuniga, Emmanuel",Liceo Experimental Bilingue Claudio Bonilla A,,
1423870,3,"Duarte Reyes, Alex Emmanuel",Liceo Experimental Bilingue Claudio Bonilla A,,
1423870,3,"Fonseca Araya, Mauro",Liceo Experimental Bilingue Claudio Bonilla A,,
1423870,4,"Rodriguez Membreno, Sebastian",Liceo Laboratorio de Liberia,,
1423870,4,"Villalta Ramirez, Freivelyn",Liceo Laboratorio de Liberia,,
1423870,4,"Cerdas Amador, Felipe",Liceo Laboratorio de Liberia,,
1423870,4,"Soto Platero, Jose Alejandro",Liceo Laboratorio de Liberia,,
1423870,5,"Almengor Morales, Jelan Jocxandri",Colegio Indigena Sulayom,,
1423870,5,"Hernandez Villanueva, Elber Argenis",Colegio Indigena Sulayom,,
1423870,5,"Herrera Morales, Edison Andrey",Colegio Indigena Sulayom,,
1423870,5,"Loaiza Lopez, Dylan Darian",Colegio Indigena Sulayom,,
1423870,5,"Villanueva Petterson, Ader Yeiran",Colegio Indigena Sulayom,,
1423870,6,"Rivera Mora, Gabriel",CTP Granadilla,,
1423870,6,"Colina Calderon, Victor Josue",CTP Granadilla,,
1423870,6,"Marvez Abinazar, Juan Andres",CTP Granadilla,,
1423870,6,"Montero Sanchez, Bryan",CTP Granadilla,,
1423870,6,"Chavez Barahona, Johan Jose",CTP Granadilla,,
1423870,7,"Sequeira Solis, Shane Stevens",Liceo Sinai,,
1423870,7,"Chinchilla Solis, Javier Alonso",Liceo Sinai,,
1423870,7,"Diaz Carvajal, Ian Alonso",Liceo Sinai,,
1423870,7,"Salas Rojas, Jose Pablo",Liceo Sinai,,
1423870,7,"Monge Hernandez, Jose Daniel",Liceo Sinai,,
1423870,8,"Fletes Meza, Romel",CTP Talamanca,,
1423870,8,"Fonseca Aburto, Heytan",CTP Talamanca,,
1423870,8,"Jones Waggon, Jeivyn Sidny",CTP Talamanca,,
1423870,8,"Naranjo Sandoval, Darrel",CTP Talamanca,,
1423870,8,"Ramirez Fernandez, Dyron",CTP Talamanca,,
1423870,9,"Gonzalez Cambronero, Juan Carlos",CTP de Santa Elena,,
1423870,9,"Morun Moreira, Lucas",CTP de Santa Elena,,
1423870,9,"Rodriguez Gonzalez, Mattias",CTP de Santa Elena,,
1423870,9,"Campos Prendas, Javier",CTP de Santa Elena,,
1423870,10,"Mendez Sanchez, Carlos Emiliano",Liceo Santa Teresita,,
1423870,10,"Solano Valerio, Sergio Kaled",Liceo Santa Teresita,,
1423870,10,"Cascante Araya, Angel Fabricio",Liceo Santa Teresita,,
1423870,10,"Castro Sanchez, Joel Armando",Liceo Santa Teresita,,
1423870,10,"Juarez Lizano, Samuel Andres",Liceo Santa Teresita,,
1423870,11,"Castro Lopez, Gabriel Gerardo",Centro Educativo Lakeside International Schoo,,
1423870,11,"Cuevas Arias, Sebastian",Centro Educativo Lakeside International Schoo,,
1423870,11,"Boulanger, Xavier",Centro Educativo Lakeside International Schoo,,
1423870,11,"Contreras Medina, Mariano",Centro Educativo Lakeside International Schoo,,
1423870,11,"Murillo Valle, Marcopolo",Centro Educativo Lakeside International Schoo,,
1423871,1,"Irola Araya, Camila",Liceo Experimental Bilingue de Pococi,,
1423871,1,"Artavia Brenes, Zoe",Liceo Experimental Bilingue de Pococi,,
1423871,1,"Brenes Chaves, Maria Fernanda",Liceo Experimental Bilingue de Pococi,,
1423871,1,"Mora Quesada, Monserrath",Liceo Experimental Bilingue de Pococi,,
1423871,2,"Gabb Diaz, Nayareth",CTP Talamanca,,
1423871,2,"Chavez Diaz, Yoselin",CTP Talamanca,,
1423871,2,"Arias Morales, Lissy Angeline",CTP Talamanca,,
1423871,2,"Vega Mena, Lucia",CTP Talamanca,,
1423871,2,"Villalobos Badilla, Francela",CTP Talamanca,,
1423871,3,"Barboza Viquez, Angelica",Instituto Educativo San Gerardo,,
1423871,3,"Solis Barrantes, Samantha",Instituto Educativo San Gerardo,,
1423871,3,"Toro Vega, Sofia Georgina",Instituto Educativo San Gerardo,,
1423871,4,"Vindas Mendez, Brianna Isabella",Liceo Sinai,,
1423871,4,"Esquivel Zuniga, Yeilyn Adriana",Liceo Sinai,,
1423871,4,"Mendez Torres, Cristel Daniela",Liceo Sinai,,
1423871,4,"Mendez Torres, Cristy Rocio",Liceo Sinai,,
1423871,4,"Vega Aguero, Kyhara Mariel",Liceo Sinai,,
1423871,5,"Cabezas Gutierrez, Karianna",Liceo Anastasio Alfaro,,
1423871,5,"Cabezas Gutierrez, Karissa",Liceo Anastasio Alfaro,,
1423871,5,"Duran Sanchez, April Sofia",Liceo Anastasio Alfaro,,
1423871,5,"Flores Mudarra, Ana Lucia",Liceo Anastasio Alfaro,,
1423871,5,"Romero Pizarro, Kianys",Liceo Anastasio Alfaro,,
1423871,6,"Granados Sanchez, Sophia Jimena",CTP La Suiza,,
1423871,6,"Brenes Campos, Brithany Sofia",CTP La Suiza,,
1423871,6,"Chacon Jimenez, Elena Sofia",CTP La Suiza,,
1423871,6,"Meza Flores, Sofia",CTP La Suiza,,
1423871,7,"Castillo Gonzalez, Natasha Isabel",Liceo Maurilio Alvarado Vargas,,
1423871,7,"Mondragon Duran, Cristi Maria",Liceo Maurilio Alvarado Vargas,,
1423871,7,"Vasquez Barrantes, Ana Lucia",Liceo Maurilio Alvarado Vargas,,
1423871,7,"Vega Montalban, Nicole",Liceo Maurilio Alvarado Vargas,,
1425561,1,"Leiva Coto, Isaac Antonio",Escuela San Nicolas de Flue,,5
1425561,2,"Villegas Badilla, Evanz",Escuela San Pedro,,3.5
1425561,3,"Viera Jara, Marcelo Emmanuel",Colegio Marista,,3.5
1425561,4,"Rojas Alvarez, Denilson Fernando",Escuela Delia Urbina de Guevara,,3
1425561,5,"Leon Robles, Daniel Alejandro",Escuela Puerto Viejo,,3
1425561,6,"Blanco Chacin, Santiago Alejandro",Centro Educativo Washington Interna,,3
1425561,7,"Hassid Alvarez, Eylan",Carribean School,,2
1425561,8,"Gonzalez Alfaro, Joan Eliat",Escuela Rio Cuarto,,2
1425561,9,"Quiros Montenegro, Emanuel",Escuela Josefina Lopez Bonilla,,2
1425561,10,"Acuna Porras, Fabio",Colegio Miravalle Bilingue,,2
1425561,11,"Charaja Umana, Cristopher Andres",Sistema Educativo Cenit,,1
1425561,12,"Martinez Flores, Lucas Samuel",Esc. Isabel Brown Brown,,0
1425570,1,"Cruz Gomez, Angelinne Kenisha",Escuela Bello Horizonte,,
1425570,1,"Aragon Villalta, Esther Abigail",Escuela Bello Horizonte,,
1425570,1,"Herra Tobal, Helena",Escuela Bello Horizonte,,
1425570,1,"Ramirez Zavala, Sophia Victoria",Escuela Bello Horizonte,,
1425570,1,"Rodriguez Valverde, Isabel Vanessa",Escuela Bello Horizonte,,
1425570,2,"Fallas Salas, Cassandra Sofia",Escuela Santiago Crespo Calvo,,
1425570,2,"Carranza Gonzalez, Mariangel",Escuela Santiago Crespo Calvo,,
1425570,2,"Toledo Vargas, Samantha De Los Angeles",Escuela Santiago Crespo Calvo,,
1425570,2,"Vazquez Beteta, Sharon Vannesa",Escuela Santiago Crespo Calvo,,
1425570,3,"Cordova Elizondo, Sofia",Escuela y colegio Del Valle,,
1425570,3,"Campos Campos, Samatha",Escuela y colegio Del Valle,,
1425570,3,"Herrera Robles, Larissa Tamara",Escuela y colegio Del Valle,,
1425570,3,"Jimenez Azofeifa, Lia",Escuela y colegio Del Valle,,
1425570,3,"Mata Vazquez, Mariangel",Escuela y colegio Del Valle,,
1425570,4,"Alarcon Avalos, Kelany Naiara",Escuela Los Corales,,
1425570,4,"Flores Flores, Luciara Sofia",Escuela Los Corales,,
1425570,4,"Gamez Melendez, Itzae Jahriela",Escuela Los Corales,,
1425570,4,"Iwuala Francis, Adaeze",Escuela Los Corales,,
1425570,4,"Rojas Benavides, Nathalin Valentina",Escuela Los Corales,,
1425570,5,"Alvarez Guido, Nathalia Daniela",Escuela Alba Ocampo Alvarado,,
1425570,5,"Castro Sanchez, Nashy Sofia",Escuela Alba Ocampo Alvarado,,
1425570,5,"Mejia Camacho, Valentina Sofia",Escuela Alba Ocampo Alvarado,,
1425570,5,"Mejia Camacho, Valery Jimena",Escuela Alba Ocampo Alvarado,,
1425570,6,"Fonseca Sequeira, Zoe Camila",Escuela IDA los Lagos,,
1425570,6,"Guido Espinoza, Hilcia Lucia",Escuela IDA los Lagos,,
1425570,6,"Salazar Davila, Noelia Sofia",Escuela IDA los Lagos,,
1425570,6,"Sanchez Murillo, Valentina Nahomy",Escuela IDA los Lagos,,
1425570,7,"Barboza Rojas, Maripaz",Centro Educativo Cecilio Lindo,,
1425570,7,"Guerrero Fernandez, Emma",Centro Educativo Cecilio Lindo,,
1425570,7,"Guitierrez Cascante, Monserrath",Centro Educativo Cecilio Lindo,,
1425570,7,"Rivera Morales, Alana Sofia",Centro Educativo Cecilio Lindo,,
1425570,8,"Umaña Mora, Macy Darianna",Escuela Anita Grande,,
1425570,8,"Arce Villalobos, Emili Yaslin",Escuela Anita Grande,,
1425570,8,"Arias Perez, Taneisha",Escuela Anita Grande,,
1425570,8,"Bonilla Alfaro, Sofia",Escuela Anita Grande,,
1425570,8,"Matarrita Sanchez, Thaicha De Los Angeles",Escuela Anita Grande,,
1425570,9,"Arguedas Arce, Mia",Caspari Montessori International School,,
1425570,9,"Badilla Saenz, Irene",Caspari Montessori International School,,
1425570,9,"Cascante Sarmiento, Denisse",Caspari Montessori International School,,
1425570,9,"Gomez Alvares, Sara Elena",Caspari Montessori International School,,
1425570,9,"Rodriguez Vargas, Elisa",Caspari Montessori International School,,
1425570,10,"Bobadilla Cespedes, Aleshka Tayly",Escuela Isabel Brown Brown,,
1425570,10,"Camargo Batista, Victoria Valentina",Escuela Isabel Brown Brown,,
1425570,10,"Molina Faerron, Keyrie Alana",Escuela Isabel Brown Brown,,
1425570,10,"Perez Cid, Briana Samira",Escuela Isabel Brown Brown,,
1425570,11,"Dolmos Ruiz, Angely Sofia",Escuela Pavones,,
1425570,11,"Aguirre Parra, Nasly Lucia",Escuela Pavones,,
1425570,11,"Guitierrez Vargas, Marianna",Escuela Pavones,,
1425570,11,"Nuñez Villalobos, Krisly Tamara",Escuela Pavones,,
1425573,1,"Orna Chaves, David Gabriel",Caspari Montessori International School,,
1425573,1,"Orna Chaves, Alejandro Jesus",Caspari Montessori International School,,
1425573,1,"Badilla Saenz, Fabian",Caspari Montessori International School,,
1425573,1,"Rodriguez Vargas, Nicolas",Caspari Montessori International School,,
1425573,1,"Esquivel Salchez, David",Caspari Montessori International School,,
1425573,2,"Romero Pereira, Thomas David",Colegio Humboldt,,
1425573,2,"Murillo Mathiew, Aimar Maria",Colegio Humboldt,,
1425573,2,"Ramirez Quiros, Nicolas Gerardo",Colegio Humboldt,,
1425573,2,"Gutierrez Zapata, Mariana",Colegio Humboldt,,
1425573,3,"Vargas Vargas, Yeison David",Escuela y Colegio del Valle,,
1425573,3,"Camacho Baldizon, Aaron",Escuela y Colegio del Valle,,
1425573,3,"Chryssopulos Fajardo, Alejandro",Escuela y Colegio del Valle,,
1425573,3,"Martinez Arce, Samuel",Escuela y Colegio del Valle,,
1425573,3,"Quesada Agüero, Samuel",Escuela y Colegio del Valle,,
1425573,4,"Santamaria Jimenez, Israel",Escuela Laboratorio,,
1425573,4,"Davies Klinkov, Andrey Davies",Escuela Laboratorio,,
1425573,4,"Cubero Ramirez, Victor Joel",Escuela Laboratorio,,
1425573,4,"Santamaria Torres, Marck Paolo",Escuela Laboratorio,,
1425573,5,"Villalta Pizarro, Emanuel Isaac",Escuela Interamericana Catie-Colegio Cientifi,,
1425573,5,"Orozco Sanchez, Matias",Escuela Interamericana Catie-Colegio Cientifi,,
1425573,5,"Lopez Garcia, Sebastian",Escuela Interamericana Catie-Colegio Cientifi,,
1425573,5,"Diaz Mora, Isai Mateo",Escuela Interamericana Catie-Colegio Cientifi,,
1425573,5,"Gros Joel, Yis Ro",Escuela Interamericana Catie-Colegio Cientifi,,
1425573,6,"Gonzalez Jimenez, Eythan Andres",Escuela Puerto Viejo,,
1425573,6,"Ortez Enriquez, Gabriel Isaac",Escuela Puerto Viejo,,
1425573,6,"Jarquin Gomez, Jorge Andrés",Escuela Puerto Viejo,,
1425573,6,"Vega Valverde, Dayron Josue",Escuela Puerto Viejo,,
1425573,6,"Zuñiga Badilla, Jocksan Jacob",Escuela Puerto Viejo,,
1425573,7,"Acevedo Mora, Gael",Escuela San Rafael,,
1425573,7,"Arias Rojas, Oscar Adrian",Escuela San Rafael,,
1425573,7,"Morales Flores, Dariel",Escuela San Rafael,,
1425573,7,"Solis Roman, Lara Cristina",Escuela San Rafael,,
1425573,8,"Cuevas Arias, Santiago",Lakeside International School,,
1425573,8,"Castro Lopez, Mathias Eduardo",Lakeside International School,,
1425573,8,"Reyes Cajina, Thiago",Lakeside International School,,
1425573,8,"Valverde Bejarano, Santiago",Lakeside International School,,
1425573,9,"Buitrago Torres, Greidell Jeffrey",Bernardo Drug Ingermann,,
1425573,9,"Cascante Buitrago, Reynier Tobias",Bernardo Drug Ingermann,,
1425573,9,"Morales Lopez, Yael",Bernardo Drug Ingermann,,
1425573,9,"Torres Rojas, Robert Gabriel",Bernardo Drug Ingermann,,
1425573,11,"Alvarado Granados, Nicolas Mateo",Escuela Isabel Brown Brown,,
1425573,11,"Hernandez Barrientos, Emanuel",Escuela Isabel Brown Brown,,
1425573,11,"Miranda Lopez, Luis Fabian",Escuela Isabel Brown Brown,,
1425573,11,"Morales Vega, Mia Isabella",Escuela Isabel Brown Brown,,
1425573,11,"Quijano Lopez, Otoniel",Escuela Isabel Brown Brown,,
1425573,12,"Garcia May, Isaac Dario",Delia Urbina de Guevara,,
1425573,12,"Herrera Murillo, Mathew Fabricio",Delia Urbina de Guevara,,
1425573,12,"Medina Munoz, Ariel Joel",Delia Urbina de Guevara,,
1425573,12,"Menendez Pavon, David",Delia Urbina de Guevara,,
1425573,12,"Sanchez Tejeda, Sebastian",Delia Urbina de Guevara,,
1425573,,"Bello Blanco, Sofia",Latoratorio John Fitzgerald Kennedy,,
1425573,,"Picado Bonilla, Nikole",Latoratorio John Fitzgerald Kennedy,,
1425573,,"Madrigal Diaz, Jose Mario",Latoratorio John Fitzgerald Kennedy,,
1425573,,"Martinez Luna, Alana Catalina",Latoratorio John Fitzgerald Kennedy,,
1425624,1,"Corrales Corrales, Ana Maria",Centro Educativo Fray Felipe,,5
1425624,2,"Quiros Montenegro, Maripaz",Josefina Lopez Bonilla,,4
1425624,3,"Hernandez Montero, Sofia Elena",Centro Educativo Holanda,,3.5
1425624,4,"Santhosh Mithila, Lakshmi",Berkeley Academy,,3
1425624,5,"Vanegas Platero, Alissa Raquel",ESCUELA ISABEL BROWN BROWN,,3
1425624,6,"Hernandez Morales, Yulierka Tami",Escuela Santo Tomas,,2.5
1425624,7,"Segura Villavicencio, Angela Maria",Escuela Ricardo Jimenez Oreamuno,,2.5
1425624,8,"Herrera Cordoba, Cala",Colegio Madre del Divino Pastor,,2
1425624,9,"Rodriguez Membreño, Maria Alejandra",Escuela Teodoro Picado Michalsky,,1.5
1425624,10,"Garita Vargas, Amber",Astua Pirie,,1
1425624,11,"Fonseca Marin, Elizabeth Nicol",Alba Ocampo Alvarado,,1
1425624,12,"Ortega Ramirez, Emily Sofia",Escuela el Mojon,,1
1426113,1,"Ortiz Portuguez, Victor Sebastian",Liceo de Puriscal,,4
1426113,2,"Mock Hegg, Christopher",Centro Educativo Horizontes,,3.5
1426113,3,"Torres Rodriguez, Daniel Iosev",Humanistico Costarricense Sede Coto,,3.5
1426113,4,"Garcia Morales, Brainer Steven",CINDEA Sepecue,,3.5
1426113,5,"Gonzalez Aguero, Julian",Colegio Bilingue Sonny S.A,,3
1426113,6,"Ramos Rodriguez, Daniel",CTP Granadilla,,3
1426113,7,"Bey Chavarria, Tiago Antonio",Centro Educativo Journey School of,,3
1426113,8,"Vargas Arroyo, Ivan Dario",CTP de Pital,,2
1426113,9,"Badilla Junez, Adrian Antonio",Instituto de Guanacaste,,2
1426113,10,"Calderon Reyes, Yadir Oldemar",Centro Educativo Valle del Sol,,1.5
1426113,11,"Sandoval Cerdas, Dylan",CTP Talamanca,,1
1426115,1,"Rivera Gutierrez, Geannina Isabela",Liceo Laboratorio de Liberia,1821,5
1426115,2,"Campos Munoz, Valentina",Liceo de Atenas,1753,4
1426115,3,"Alvarado Wiciak, Ana Luisa",Kamuk School,1527,3
1426115,4,"Mendez Quesada, Estefany Pamela",Colegio Academico de Jimenez,1406,3
1426115,5,"Araya Vaciana, Breyssi Yasiri",Colegio Deportivo de Limon,1515,2
1426115,6,"Erf Vargas, Vaioleth Alisha",CTP San Isidro,1477,2
1426115,7,"Aguero Contreras, Reychel Tamara",Ajedrez Del Pacifico,1463,1
1426115,8,"Oses Luna, Colette",CTP de San Carlos,1400,0
1426183,1,"Zhen Cen, Jia Jun",Colegio Bilingue San Francisco de Asis,,
1426183,1,"Albujar Mendoza, Mauricio",Colegio Bilingue San Francisco de Asis,,
1426183,1,"Moya Cabrera, Mathias Bernardo",Colegio Bilingue San Francisco de Asis,,
1426183,1,"Quesada Quintanilla, Lexy",Colegio Bilingue San Francisco de Asis,,
1426183,1,"Charpentier Badilla, Ian Sebastian",Colegio Bilingue San Francisco de Asis,,
1426183,2,"Sequeira Solis, Shane Stevens",Liceo Sinai,,
1426183,2,"Chinchilla Solis, Javier Alonso",Liceo Sinai,,
1426183,2,"Diaz Carvajal, Ian Alonso",Liceo Sinai,,
1426183,2,"Salas Rojas, Jose Pablo",Liceo Sinai,,
1426183,2,"Monge Hernandez, Jose Daniel",Liceo Sinai,,
1426183,3,"Gonzalez Cambronero, Juan Carlos",CTP de Santa Elena,,
1426183,3,"Campos Prendas, Javier",CTP de Santa Elena,,
1426183,3,"Rodriguez Gonzalez, Mattias",CTP de Santa Elena,,
1426183,3,"Morun Moreira, Lucas",CTP de Santa Elena,,
1426183,4,"Jimenez Rojas, Isaac",Liceo Experimental Bilingue Claudio Bonilla A,,
1426183,4,"Alvarez Segura, Marco Felipe",Liceo Experimental Bilingue Claudio Bonilla A,,
1426183,4,"Solano Zuniga, Emmanuel",Liceo Experimental Bilingue Claudio Bonilla A,,
1426183,4,"Duarte Reyes, Alex Emmanuel",Liceo Experimental Bilingue Claudio Bonilla A,,
1426183,4,"Fonseca Araya, Mauro",Liceo Experimental Bilingue Claudio Bonilla A,,
1426183,5,"Almengor Morales, Jelan Jocxandri",Colegio Indigena Sulayom,,
1426183,5,"Hernandez Villanueva, Elber Argenis",Colegio Indigena Sulayom,,
1426183,5,"Herrera Morales, Edison Andrey",Colegio Indigena Sulayom,,
1426183,5,"Loaiza Lopez, Dylan Darian",Colegio Indigena Sulayom,,
1426183,5,"Villanueva Petterson, Ader Yeiran",Colegio Indigena Sulayom,,
1426183,6,"Colina Calderon, Victor Josue",CTP Granadilla,,
1426183,6,"Rivera Mora, Gabriel",CTP Granadilla,,
1426183,6,"Marvez Abinazar, Juan Andres",CTP Granadilla,,
1426183,6,"Montero Sanchez, Bryan",CTP Granadilla,,
1426183,6,"Chavez Barahona, Johan Jose",CTP Granadilla,,
1426183,7,"Castro Lopez, Gabriel Gerardo",Centro Educativo Lakeside International Schoo,,
1426183,7,"Cuevas Arias, Sebastian",Centro Educativo Lakeside International Schoo,,
1426183,7,"Boulanger, Xavier",Centro Educativo Lakeside International Schoo,,
1426183,7,"Contreras Medina, Mariano",Centro Educativo Lakeside International Schoo,,
1426183,7,"Murillo Valle, Marcopolo",Centro Educativo Lakeside International Schoo,,
1426183,8,"Rodriguez Membreno, Sebastian",Liceo Laboratorio de Liberia,,
1426183,8,"Soto Platero, Jose Alejandro",Liceo Laboratorio de Liberia,,
1426183,8,"Villalta Ramirez, Freivelyn",Liceo Laboratorio de Liberia,,
1426183,8,"Cerdas Amador, Felipe",Liceo Laboratorio de Liberia,,
1426183,9,"Herrera Carmona, Jhoel",Liceo Experimental Bilingue de Grecia,,
1426183,9,"Jarrin Carranza, Jean Mathew",Liceo Experimental Bilingue de Grecia,,
1426183,9,"Serrano Espinoza, Mattew",Liceo Experimental Bilingue de Grecia,,
1426183,9,"Borjes Vargas, Sara",Liceo Experimental Bilingue de Grecia,,
1426183,9,"Rodriguez Solis, Pablo Andres",Liceo Experimental Bilingue de Grecia,,
1426183,10,"Fletes Meza, Romel",CTP Talamanca,,
1426183,10,"Fonseca Aburto, Heytan",CTP Talamanca,,
1426183,10,"Jones Waggon, Jeivyn Sidny",CTP Talamanca,,
1426183,10,"Naranjo Sandoval, Darrel",CTP Talamanca,,
1426183,10,"Ramirez Fernandez, Dyron",CTP Talamanca,,
1426183,11,"Mendez Sanchez, Carlos Emiliano",Liceo Santa Teresita,,
1426183,11,"Solano Valerio, Sergio Kaled",Liceo Santa Teresita,,
1426183,11,"Cascante Araya, Angel Fabricio",Liceo Santa Teresita,,
1426183,11,"Castro Sanchez, Joel Armando",Liceo Santa Teresita,,
1426183,11,"Juarez Lizano, Samuel Andres",Liceo Santa Teresita,,
1426189,1,"Gabb Diaz, Nayareth",CTP Talamanca,,
1426189,1,"Chavez Diaz, Yoselin",CTP Talamanca,,
1426189,1,"Arias Morales, Lissy Angeline",CTP Talamanca,,
1426189,1,"Vega Mena, Lucia",CTP Talamanca,,
1426189,1,"Villalobos Badilla, Francela",CTP Talamanca,,
1426189,2,"Irola Araya, Camila",Liceo Experimental Bilingue de Pococi,,
1426189,2,"Artavia Brenes, Zoe",Liceo Experimental Bilingue de Pococi,,
1426189,2,"Brenes Chaves, Maria Fernanda",Liceo Experimental Bilingue de Pococi,,
1426189,2,"Mora Quesada, Monserrath",Liceo Experimental Bilingue de Pococi,,
1426189,3,"Vindas Mendez, Brianna Isabella",Liceo Sinai,,
1426189,3,"Esquivel Zuniga, Yeilyn Adriana",Liceo Sinai,,
1426189,3,"Mendez Torres, Cristel Daniela",Liceo Sinai,,
1426189,3,"Mendez Torres, Cristy Rocio",Liceo Sinai,,
1426189,3,"Vega Aguero, Kyhara Mariel",Liceo Sinai,,
1426189,4,"Castillo Gonzalez, Natasha Isabel",Liceo Maurilio Alvarado Vargas,,
1426189,4,"Mondragon Duran, Cristi Maria",Liceo Maurilio Alvarado Vargas,,
1426189,4,"Vasquez Barrantes, Ana Lucia",Liceo Maurilio Alvarado Vargas,,
1426189,4,"Vega Montalban, Nicole",Liceo Maurilio Alvarado Vargas,,
1426189,5,"Barboza Viquez, Angelica",Instituto Educativo San Gerardo,,
1426189,5,"Solis Barrantes, Samantha",Instituto Educativo San Gerardo,,
1426189,5,"Toro Vega, Sofia Georgina",Instituto Educativo San Gerardo,,
1426189,6,"Granados Sanchez, Sophia Jimena",CTP La Suiza,,
1426189,6,"Brenes Campos, Brithany Sofia",CTP La Suiza,,
1426189,6,"Chacon Jimenez, Elena Sofia",CTP La Suiza,,
1426189,6,"Meza Flores, Sofia",CTP La Suiza,,
1426189,7,"Cabezas Gutierrez, Karianna",Liceo Anastasio Alfaro,,
1426189,7,"Cabezas Gutierrez, Karissa",Liceo Anastasio Alfaro,,
1426189,7,"Duran Sanchez, April Sofia",Liceo Anastasio Alfaro,,
1426189,7,"Flores Mudarra, Ana Lucia",Liceo Anastasio Alfaro,,
1426189,7,"Romero Pizarro, Kianys",Liceo Anastasio Alfaro,,
1431089,1,"Corrales Corrales, Ana Maria",Centro Educativo Fray Felipe,,4
1431089,2,"Quiros Montenegro, Maripaz",Josefina Lopez Bonilla,,4
1431089,3,"Santhosh Mithila, Lakshmi",Berkeley Academy,,4
1431089,4,"Segura Villavicencio, Angela Maria",Escuela Ricardo Jimenez Oreamuno,,3
1431089,5,"Hernandez Montero, Sofia Elena",Centro Educativo Holanda,,3
1431089,6,"Hernandez Morales, Yulierka Tami",Escuela Santo Tomas,,2.5
1431089,7,"Herrera Cordoba, Cala",Colegio Madre del Divino Pastor,,2
1431089,8,"Vanegas Platero, Alissa Raquel",ESCUELA ISABEL BROWN BROWN,,2
1431089,9,"Rodriguez Membreño, Maria Alejandra",Escuela Teodoro Picado Michalsky,,2
1431089,10,"Fonseca Marin, Elizabeth Nicol",Alba Ocampo Alvarado,,2
1431089,11,"Ortega Ramirez, Emily Sofia",Escuela el Mojon,,1.5
1431089,12,"Garita Vargas, Amber",Astua Pirie,,0
1431091,1,"Leiva Coto, Isaac Antonio",Escuela San Nicolas de Flue,,4.5
1431091,2,"Villegas Badilla, Evanz",Escuela San Pedro,,4
1431091,3,"Blanco Chacin, Santiago Alejandro",Centro Educativo Washington Interna,,3.5
1431091,4,"Leon Robles, Daniel Alejandro",Escuela Puerto Viejo,,3
1431091,5,"Hassid Alvarez, Eylan",Carribean School,,3
1431091,6,"Viera Jara, Marcelo Emmanuel",Colegio Marista,,3
1431091,7,"Gonzalez Alfaro, Joan Eliat",Escuela Rio Cuarto,,2
1431091,8,"Rojas Alvarez, Denilson Fernando",Escuela Delia Urbina de Guevara,,2
1431091,9,"Charaja Umana, Cristopher Andres",Sistema Educativo Cenit,,2
1431091,10,"Quiros Montenegro, Emanuel",Escuela Josefina Lopez Bonilla,,2
1431091,11,"Acuna Porras, Fabio",Colegio Miravalle Bilingue,,1
1431091,12,"Martinez Flores, Lucas Samuel",Esc. Isabel Brown Brown,,0
1431104,1,"Vargas Vargas, Yeison David",Escuela y Colegio del Valle,,
1431104,1,"Camacho Baldizon, Aaron",Escuela y Colegio del Valle,,
1431104,1,"Chryssopulos Fajardo, Alejandro",Escuela y Colegio del Valle,,
1431104,1,"Martinez Arce, Samuel",Escuela y Colegio del Valle,,
1431104,1,"Quesada Agüero, Samuel",Escuela y Colegio del Valle,,
1431104,2,"Romero Pereira, Thomas David",Colegio Humboldt,,
1431104,2,"Murillo Mathiew, Aimar Maria",Colegio Humboldt,,
1431104,2,"Ramirez Quiros, Nicolas Gerardo",Colegio Humboldt,,
1431104,2,"Gutierrez Zapata, Mariana",Colegio Humboldt,,
1431104,3,"Orna Chaves, David Gabriel",Caspari Montessori International School,,
1431104,3,"Orna Chaves, Alejandro Jesus",Caspari Montessori International School,,
1431104,3,"Badilla Saenz, Fabian",Caspari Montessori International School,,
1431104,3,"Rodriguez Vargas, Nicolas",Caspari Montessori International School,,
1431104,3,"Esquivel Salchez, David",Caspari Montessori International School,,
1431104,4,"Santamaria Jimenez, Israel",Escuela Laboratorio,,
1431104,4,"Davies Klinkov, Andrey Davies",Escuela Laboratorio,,
1431104,4,"Cubero Ramirez, Victor Joel",Escuela Laboratorio,,
1431104,4,"Santamaria Torres, Marck Paolo",Escuela Laboratorio,,
1431104,5,"Villalta Pizarro, Emanuel Isaac",Escuela Interamericana Catie,,
1431104,5,"Orozco Sanchez, Matias",Escuela Interamericana Catie,,
1431104,5,"Lopez Garcia, Sebastian",Escuela Interamericana Catie,,
1431104,5,"Diaz Mora, Isai Mateo",Escuela Interamericana Catie,,
1431104,5,"Gros Joel, Yis Ro",Escuela Interamericana Catie,,
1431104,6,"Bello Blanco, Sofia",Laboratorio John Fitzgerald Kennedy,,
1431104,6,"Picado Bonilla, Nikole",Laboratorio John Fitzgerald Kennedy,,
1431104,6,"Madrigal Diaz, Jose Mario",Laboratorio John Fitzgerald Kennedy,,
1431104,6,"Martinez Luna, Alana Catalina",Laboratorio John Fitzgerald Kennedy,,
1431104,7,"Cuevas Arias, Santiago",Lakeside International School,,
1431104,7,"Castro Lopez, Mathias Eduardo",Lakeside International School,,
1431104,7,"Reyes Cajina, Thiago",Lakeside International School,,
1431104,7,"Valverde Bejarano, Santiago",Lakeside International School,,
1431104,8,"Buitrago Torres, Greidell Jeffrey",Bernardo Drug Ingermann,,
1431104,8,"Cascante Buitrago, Reynier Tobias",Bernardo Drug Ingermann,,
1431104,8,"Morales Lopez, Yael",Bernardo Drug Ingermann,,
1431104,8,"Torres Rojas, Robert Gabriel",Bernardo Drug Ingermann,,
1431104,9,"Acevedo Mora, Gael",Escuela San Rafael,,
1431104,9,"Arias Rojas, Oscar Adrian",Escuela San Rafael,,
1431104,9,"Morales Flores, Dariel",Escuela San Rafael,,
1431104,9,"Solis Roman, Lara Cristina",Escuela San Rafael,,
1431104,10,"Gonzalez Jimenez, Eythan Andres",Escuela Puerto Viejo,,
1431104,10,"Ortez Enriquez, Gabriel Isaac",Escuela Puerto Viejo,,
1431104,10,"Jarquin Gomez, Jorge Andrés",Escuela Puerto Viejo,,
1431104,10,"Vega Valverde, Dayron Josue",Escuela Puerto Viejo,,
1431104,10,"Zuñiga Badilla, Jocksan Jacob",Escuela Puerto Viejo,,
1431104,11,"Garcia May, Isaac Dario",Delia Urbina de Guevara,,
1431104,11,"Herrera Murillo, Mathew Fabricio",Delia Urbina de Guevara,,
1431104,11,"Medina Muñoz, Ariel Joel",Delia Urbina de Guevara,,
1431104,11,"Menendez Pavon, David",Delia Urbina de Guevara,,
1431104,11,"Sanchez Tejeda, Sebastian",Delia Urbina de Guevara,,
1431104,12,"Alvarado Granados, Nicolas Mateo",Escuela Isabel Brown Brown,,
1431104,12,"Hernandez Barrientos, Emanuel",Escuela Isabel Brown Brown,,
1431104,12,"Miranda Lopez, Luis Fabian",Escuela Isabel Brown Brown,,
1431104,12,"Morales Vega, Mia Isabella",Escuela Isabel Brown Brown,,
1431104,12,"Quijano Lopez, Otoniel",Escuela Isabel Brown Brown,,
1431125,1,"Cruz Gomez, Angelinne Kenisha",Escuela Bello Horizonte,,
1431125,1,"Aragon Villalta, Esther Abigail",Escuela Bello Horizonte,,
1431125,1,"Herra Tobal, Helena",Escuela Bello Horizonte,,
1431125,1,"Ramirez Zavala, Sophia Victoria",Escuela Bello Horizonte,,
1431125,1,"Rodriguez Valverde, Isabel Vanessa",Escuela Bello Horizonte,,
1431125,2,"Cordova Elizondo, Sofia",Escuela y colegio Del Valle,,
1431125,2,"Campos Campos, Samatha",Escuela y colegio Del Valle,,
1431125,2,"Herrera Robles, Larissa Tamara",Escuela y colegio Del Valle,,
1431125,2,"Jimenez Azofeifa, Lia",Escuela y colegio Del Valle,,
1431125,2,"Mata Vazquez, Mariangel",Escuela y colegio Del Valle,,
1431125,3,"Barboza Rojas, Maripaz",Centro Educativo Cecilio Lindo,,
1431125,3,"Guerrero Fernandez, Emma",Centro Educativo Cecilio Lindo,,
1431125,3,"Guitierrez Cascante, Monserrath",Centro Educativo Cecilio Lindo,,
1431125,3,"Rivera Morales, Alana Sofia",Centro Educativo Cecilio Lindo,,
1431125,4,"Fonseca Sequeira, Zoe Camila",Escuela IDA los Lagos,,
1431125,4,"Guido Espinoza, Hilcia Lucia",Escuela IDA los Lagos,,
1431125,4,"Salazar Davila, Noelia Sofia",Escuela IDA los Lagos,,
1431125,4,"Sanchez Murillo, Valentina Nahomy",Escuela IDA los Lagos,,
1431125,5,"Alarcon Avalos, Kelany Naiara",Escuela Los Corales,,
1431125,5,"Flores Flores, Luciara Sofia",Escuela Los Corales,,
1431125,5,"Gamez Melendez, Itzae Jahriela",Escuela Los Corales,,
1431125,5,"Iwuala Francis, Adaeze",Escuela Los Corales,,
1431125,5,"Rojas Benavides, Nathalin Valentina",Escuela Los Corales,,
1431125,6,"Fallas Salas, Cassandra Sofia",Escuela Santiago Crespo Calvo,,
1431125,6,"Carranza Gonzalez, Mariangel",Escuela Santiago Crespo Calvo,,
1431125,6,"Toledo Vargas, Samantha De Los Angeles",Escuela Santiago Crespo Calvo,,
1431125,6,"Vazquez Beteta, Sharon Vannesa",Escuela Santiago Crespo Calvo,,
1431125,7,"Alvarez Guido, Nathalia Daniela",Escuela Alba Ocampo Alvarado,,
1431125,7,"Castro Sanchez, Nashy Sofia",Escuela Alba Ocampo Alvarado,,
1431125,7,"Mejia Camacho, Valentina Sofia",Escuela Alba Ocampo Alvarado,,
1431125,7,"Mejia Camacho, Valery Jimena",Escuela Alba Ocampo Alvarado,,
1431125,8,"Umaña Mora, Macy Darianna",Escuela Anita Grande,,
1431125,8,"Arce Villalobos, Emili Yaslin",Escuela Anita Grande,,
1431125,8,"Arias Perez, Taneisha",Escuela Anita Grande,,
1431125,8,"Bonilla Alfaro, Sofia",Escuela Anita Grande,,
1431125,8,"Matarrita Sanchez, Thaicha De Los Angeles",Escuela Anita Grande,,
1431125,9,"Bobadilla Cespedes, Aleshka Tayly",Escuela Isabel Brown Brown,,
1431125,9,"Camargo Batista, Victoria Valentina",Escuela Isabel Brown Brown,,
1431125,9,"Molina Faerron, Keyrie Alana",Escuela Isabel Brown Brown,,
1431125,9,"Perez Cid, Briana Samira",Escuela Isabel Brown Brown,,
1431125,10,"Arguedas Arce, Mia",Caspari Montessori International School,,
1431125,10,"Badilla Saenz, Irene",Caspari Montessori International School,,
1431125,10,"Cascante Sarmiento, Denisse",Caspari Montessori International School,,
1431125,10,"Gomez Alvares, Sara Elena",Caspari Montessori International School,,
1431125,10,"Rodriguez Vargas, Elisa",Caspari Montessori International School,,
1431125,11,"Dolmos Ruiz, Angely Sofia",Escuela Pavones,,
1431125,11,"Aguirre Parra, Nasly Lucia",Escuela Pavones,,
1431125,11,"Guitierrez Vargas, Marianna",Escuela Pavones,,
1431125,11,"Nuñez Villalobos, Krisly Tamara",Escuela Pavones,,
